scene,camera_id,repeat_id,variant,renderer_type,width,height,pixel_sample_cnt,area_light_sample_cnt,max_depth,seed,nn_search_radius,kdop_size,max_triangles_per_leaf,bin_count,build_time_ms,init_time_ms,memcopy_time_ms,morton_construction_time_ms,morton_sort_time_ms,nn_search_time_ms,match_and_classify_time_ms,prefix_scan_time_ms,merge_and_compact_time_ms,sobb_refit_time_ms,kernel_time_ms,node_count,inner_node_count,leaf_node_count,bvh_cost,memory_consumption_bytes,frame_time_s,raytracing_time_s,primary_ray_count,secondary_ray_count,shadow_ray_count,query_count,intersection_count,traversal_count,stats_path
Dragon,cam0,0,ploc,gpu,1024,768,32,2,8,42,25,32,4,16,16.3392333984375,2.61445,3.879979,0.033384,0.941884,0.217558,0.213645,6.811793,0.223211,0.0,8.820086,1742615,871307,871308,100.42399597167969,71474.453125,1.8164327144622803,1.635541319847107,25165824,11229920,44919680,81262080,328230595,3768471406,/home/kubik/Diplodocus/diplodocus-project/experiments/runs/Dragon/cam0/ploc/repeat_00/stats.json
Dragon,cam0,1,ploc,gpu,1024,768,32,2,8,43,25,32,4,16,14.561485290527344,2.545307,3.388645,0.049588,0.924353,0.226984,0.207153,5.763194,0.245351,0.0,7.790415,1742615,871307,871308,100.42399597167969,71474.453125,1.7521260976791382,1.5791923999786377,25165824,11229920,44919680,81262080,328230512,3768505232,/home/kubik/Diplodocus/diplodocus-project/experiments/runs/Dragon/cam0/ploc/repeat_01/stats.json
Dragon,cam0,2,ploc,gpu,1024,768,32,2,8,44,25,32,4,16,14.102274894714355,2.419104,3.320626,0.033175,0.882728,0.22349,0.215112,5.567559,0.217065,0.0,7.511944,1742615,871307,871308,100.42399597167969,71474.453125,1.750866174697876,1.5791255235671997,25165824,11229920,44919680,81262080,328231405,3768541392,/home/kubik/Diplodocus/diplodocus-project/experiments/runs/Dragon/cam0/ploc/repeat_02/stats.json
Dragon,cam0,3,ploc,gpu,1024,768,32,2,8,45,25,32,4,16,14.339038848876953,2.435865,3.363781,0.031499,0.891807,0.224058,0.215743,5.666598,0.229351,0.0,7.633827,1742615,871307,871308,100.42399597167969,71474.453125,1.7602940797805786,1.5752809047698975,25165824,11229920,44919680,81262080,328246058,3768550633,/home/kubik/Diplodocus/diplodocus-project/experiments/runs/Dragon/cam0/ploc/repeat_03/stats.json
Dragon,cam0,4,ploc,gpu,1024,768,32,2,8,46,25,32,4,16,14.485076904296875,2.547472,3.411136,0.033733,0.943001,0.22769,0.215252,5.708854,0.232078,0.0,7.71261,1742615,871307,871308,100.42399597167969,71474.453125,1.7430851459503174,1.5606322288513184,25165824,11229920,44919680,81262080,328225779,3768399541,/home/kubik/Diplodocus/diplodocus-project/experiments/runs/Dragon/cam0/ploc/repeat_04/stats.json
Dragon,cam0,0,ploc_emc1,gpu,1024,768,32,2,8,42,25,32,4,16,14.100319862365723,2.434469,3.321595,0.032895,0.882658,0.225309,0.209383,5.551085,0.217483,0.0,7.490231,1742615,871307,871308,100.93843078613281,71474.453125,1.8582117557525635,1.6817501783370972,25165824,11229920,44919680,81262080,325973719,3798059474,/home/kubik/Diplodocus/diplodocus-project/experiments/runs/Dragon/cam0/ploc_emc1/repeat_00/stats.json
Dragon,cam0,1,ploc_emc1,gpu,1024,768,32,2,8,43,25,32,4,16,14.257463455200195,2.559065,3.344431,0.031918,0.943141,0.221192,0.210085,5.55066,0.222377,0.0,7.567064,1742615,871307,871308,100.93843078613281,71474.453125,1.7352591753005981,1.5611484050750732,25165824,11229920,44919680,81262080,325990061,3798114282,/home/kubik/Diplodocus/diplodocus-project/experiments/runs/Dragon/cam0/ploc_emc1/repeat_01/stats.json
Dragon,cam0,2,ploc_emc1,gpu,1024,768,32,2,8,44,25,32,4,16,14.297203063964844,2.45612,3.378239,0.033315,0.884753,0.22224,0.212314,5.638521,0.226978,0.0,7.598059,1742615,871307,871308,100.93843078613281,71474.453125,1.744252324104309,1.5664955377578735,25165824,11229920,44919680,81262080,325990927,3798097998,/home/kubik/Diplodocus/diplodocus-project/experiments/runs/Dragon/cam0/ploc_emc1/repeat_02/stats.json
Dragon,cam0,3,ploc_emc1,gpu,1024,768,32,2,8,45,25,32,4,16,14.387857437133789,2.506405,3.383202,0.031499,0.88217,0.232367,0.212115,5.669391,0.233259,0.0,7.636478,1742615,871307,871308,100.93843078613281,71474.453125,1.7374813556671143,1.5642715692520142,25165824,11229920,44919680,81262080,325992393,3798014089,/home/kubik/Diplodocus/diplodocus-project/experiments/runs/Dragon/cam0/ploc_emc1/repeat_03/stats.json
Dragon,cam0,4,ploc_emc1,gpu,1024,768,32,2,8,46,25,32,4,16,14.191673278808594,2.432164,3.349184,0.032406,0.898163,0.224888,0.211126,5.597951,0.222795,0.0,7.5621,1742615,871307,871308,100.93843078613281,71474.453125,1.741166114807129,1.5683987140655518,25165824,11229920,44919680,81262080,325981364,3798017739,/home/kubik/Diplodocus/diplodocus-project/experiments/runs/Dragon/cam0/ploc_emc1/repeat_04/stats.json
Dragon,cam0,0,ploc_emc2,gpu,1024,768,32,2,8,42,25,32,4,16,14.140896797180176,2.48231,3.311748,0.038134,0.912131,0.214136,0.216089,5.553248,0.214069,0.0,7.543181,1742615,871307,871308,100.69798278808594,71474.453125,1.8401023149490356,1.667027473449707,25165824,11229920,44919680,81262080,342686146,3910037054,/home/kubik/Diplodocus/diplodocus-project/experiments/runs/Dragon/cam0/ploc_emc2/repeat_00/stats.json
Dragon,cam0,1,ploc_emc2,gpu,1024,768,32,2,8,43,25,32,4,16,14.290778160095215,2.529244,3.324248,0.050565,0.925191,0.215735,0.209809,5.617921,0.219937,0.0,7.61316,1742615,871307,871308,100.69798278808594,71474.453125,1.8411357402801514,1.665481448173523,25165824,11229920,44919680,81262080,342705731,3910104112,/home/kubik/Diplodocus/diplodocus-project/experiments/runs/Dragon/cam0/ploc_emc2/repeat_01/stats.json
Dragon,cam0,2,ploc_emc2,gpu,1024,768,32,2,8,44,25,32,4,16,14.286866188049316,2.483986,3.332005,0.043861,0.895928,0.230546,0.23027,5.620497,0.220485,0.0,7.609513,1742615,871307,871308,100.69798278808594,71474.453125,1.8514680862426758,1.6767853498458862,25165824,11229920,44919680,81262080,342730118,3910158326,/home/kubik/Diplodocus/diplodocus-project/experiments/runs/Dragon/cam0/ploc_emc2/repeat_02/stats.json
Dragon,cam0,3,ploc_emc2,gpu,1024,768,32,2,8,45,25,32,4,16,14.203544616699219,2.522679,3.318171,0.052381,0.904588,0.218532,0.204491,5.569658,0.21931,0.0,7.556441,1742615,871307,871308,100.69798278808594,71474.453125,1.8626896142959595,1.6851465702056885,25165824,11229920,44919680,81262080,342702313,3910032626,/home/kubik/Diplodocus/diplodocus-project/experiments/runs/Dragon/cam0/ploc_emc2/repeat_03/stats.json
Dragon,cam0,4,ploc_emc2,gpu,1024,768,32,2,8,46,25,32,4,16,14.179658889770508,2.471135,3.345693,0.040648,0.903052,0.212947,0.207505,5.588869,0.215736,0.0,7.537032,1742615,871307,871308,100.69798278808594,71474.453125,1.8615413904190063,1.685102105140686,25165824,11229920,44919680,81262080,342717083,3910113945,/home/kubik/Diplodocus/diplodocus-project/experiments/runs/Dragon/cam0/ploc_emc2/repeat_04/stats.json
Dragon,cam0,0,ploc_sobb,gpu,1024,768,32,2,8,42,25,32,4,16,33.01195526123047,2.408626,3.911689,0.032476,0.874138,0.215324,0.206593,5.59864,0.218258,0.7538,7.70947,1742615,871307,871308,119.36175537109375,78281.5390625,2.8046445846557617,2.602943181991577,25165824,11229920,44919680,81262080,229137432,3361922355,/home/kubik/Diplodocus/diplodocus-project/experiments/runs/Dragon/cam0/ploc_sobb/repeat_00/stats.json
Dragon,cam0,1,ploc_sobb,gpu,1024,768,32,2,8,43,25,32,4,16,34.0382080078125,2.427414,3.876695,0.032895,0.875255,0.225165,0.21672,5.588447,0.226358,0.712314,7.688581,1742615,871307,871308,119.36175537109375,78281.5390625,2.7964401245117188,2.5930981636047363,25165824,11229920,44919680,81262080,229142136,3361916741,/home/kubik/Diplodocus/diplodocus-project/experiments/runs/Dragon/cam0/ploc_sobb/repeat_01/stats.json
Dragon,cam0,2,ploc_sobb,gpu,1024,768,32,2,8,44,25,32,4,16,33.223575592041016,2.474977,3.929431,0.031987,0.891039,0.220347,0.208126,5.617288,0.221327,0.754429,7.73844,1742615,871307,871308,119.36175537109375,78281.5390625,2.8069450855255127,2.604496955871582,25165824,11229920,44919680,81262080,229140425,3361959069,/home/kubik/Diplodocus/diplodocus-project/experiments/runs/Dragon/cam0/ploc_sobb/repeat_02/stats.json
Dragon,cam0,3,ploc_sobb,gpu,1024,768,32,2,8,45,25,32,4,16,34.133750915527344,2.462126,3.88535,0.032476,0.87295,0.237943,0.205482,5.592219,0.222664,0.71413,7.70745,1742615,871307,871308,119.36175537109375,78281.5390625,2.80385684967041,2.5984647274017334,25165824,11229920,44919680,81262080,229142203,3361974692,/home/kubik/Diplodocus/diplodocus-project/experiments/runs/Dragon/cam0/ploc_sobb/repeat_03/stats.json
Dragon,cam0,4,ploc_sobb,gpu,1024,768,32,2,8,46,25,32,4,16,33.12411880493164,2.422107,3.929779,0.033803,0.886849,0.227275,0.215313,5.595011,0.21679,0.748004,7.711565,1742615,871307,871308,119.36175537109375,78281.5390625,2.8157758712768555,2.6124203205108643,25165824,11229920,44919680,81262080,229136700,3361897359,/home/kubik/Diplodocus/diplodocus-project/experiments/runs/Dragon/cam0/ploc_sobb/repeat_04/stats.json
Dragon,cam0,0,ploc_emc1_sobb,gpu,1024,768,32,2,8,42,25,32,4,16,33.18606948852539,2.438169,3.902681,0.031429,0.874347,0.223356,0.208621,5.675116,0.237181,0.75855,7.790344,1742615,871307,871308,119.79247283935547,78281.5390625,2.817495822906494,2.614881992340088,25165824,11229920,44919680,81262080,228452960,3394931375,/home/kubik/Diplodocus/diplodocus-project/experiments/runs/Dragon/cam0/ploc_emc1_sobb/repeat_00/stats.json
Dragon,cam0,1,ploc_emc1_sobb,gpu,1024,768,32,2,8,43,25,32,4,16,33.192073822021484,2.395287,3.930336,0.031987,0.870296,0.218115,0.220217,5.613723,0.225444,0.770004,7.717212,1742615,871307,871308,119.79247283935547,78281.5390625,2.8063788414001465,2.605281352996826,25165824,11229920,44919680,81262080,228461596,3394969620,/home/kubik/Diplodocus/diplodocus-project/experiments/runs/Dragon/cam0/ploc_emc1_sobb/repeat_01/stats.json
Dragon,cam0,2,ploc_emc1_sobb,gpu,1024,768,32,2,8,44,25,32,4,16,33.22818374633789,2.399128,3.908683,0.032895,0.865756,0.21979,0.214271,5.679864,0.225377,0.716086,7.774336,1742615,871307,871308,119.79247283935547,78281.5390625,2.8363022804260254,2.629507541656494,25165824,11229920,44919680,81262080,228453715,3394956073,/home/kubik/Diplodocus/diplodocus-project/experiments/runs/Dragon/cam0/ploc_emc1_sobb/repeat_02/stats.json
Dragon,cam0,3,ploc_emc1_sobb,gpu,1024,768,32,2,8,45,25,32,4,16,34.310306549072266,2.423642,3.910646,0.032476,0.870506,0.218051,0.208619,5.641242,0.221046,0.718531,7.730559,1742615,871307,871308,119.79247283935547,78281.5390625,2.832709550857544,2.6282079219818115,25165824,11229920,44919680,81262080,228456003,3394887188,/home/kubik/Diplodocus/diplodocus-project/experiments/runs/Dragon/cam0/ploc_emc1_sobb/repeat_03/stats.json
Dragon,cam0,4,ploc_emc1_sobb,gpu,1024,768,32,2,8,46,25,32,4,16,33.36423110961914,2.465967,3.956111,0.040578,0.884754,0.231732,0.217203,5.66318,0.222727,0.751425,7.801027,1742615,871307,871308,119.79247283935547,78281.5390625,2.814368724822998,2.611649513244629,25165824,11229920,44919680,81262080,228451109,3394938684,/home/kubik/Diplodocus/diplodocus-project/experiments/runs/Dragon/cam0/ploc_emc1_sobb/repeat_04/stats.json
Dragon,cam0,0,ploc_emc2_sobb,gpu,1024,768,32,2,8,42,25,32,4,16,34.37113952636719,2.522818,3.873764,0.042045,0.910176,0.227974,0.214755,5.617704,0.216574,0.719997,7.768895,1742615,871307,871308,119.62223052978516,78281.5390625,2.978581190109253,2.773486852645874,25165824,11230112,44920448,81263008,236150025,3478223695,/home/kubik/Diplodocus/diplodocus-project/experiments/runs/Dragon/cam0/ploc_emc2_sobb/repeat_00/stats.json
Dragon,cam0,1,ploc_emc2_sobb,gpu,1024,768,32,2,8,43,25,32,4,16,33.27930450439453,2.488595,3.91475,0.040857,0.89914,0.214553,0.21329,5.623433,0.221754,0.774404,7.765684,1742615,871307,871308,119.62223052978516,78281.5390625,2.9799680709838867,2.775822877883911,25165824,11230112,44920448,81263008,236157569,3478247226,/home/kubik/Diplodocus/diplodocus-project/experiments/runs/Dragon/cam0/ploc_emc2_sobb/repeat_01/stats.json
Dragon,cam0,2,ploc_emc2_sobb,gpu,1024,768,32,2,8,44,25,32,4,16,33.38371658325195,2.495649,3.933413,0.03995,0.910316,0.220981,0.206724,5.664987,0.224958,0.770492,7.82623,1742615,871307,871308,119.62223052978516,78281.5390625,2.973919630050659,2.7672314643859863,25165824,11230112,44920448,81263008,236153429,3478264488,/home/kubik/Diplodocus/diplodocus-project/experiments/runs/Dragon/cam0/ploc_emc2_sobb/repeat_02/stats.json
Dragon,cam0,3,ploc_emc2_sobb,gpu,1024,768,32,2,8,45,25,32,4,16,33.20673751831055,2.443826,3.90051,0.040647,0.896836,0.212666,0.204844,5.613236,0.218333,0.754429,7.73349,1742615,871307,871308,119.62223052978516,78281.5390625,2.9760515689849854,2.7706589698791504,25165824,11230112,44920448,81263008,236147298,3478226198,/home/kubik/Diplodocus/diplodocus-project/experiments/runs/Dragon/cam0/ploc_emc2_sobb/repeat_03/stats.json
Dragon,cam0,4,ploc_emc2_sobb,gpu,1024,768,32,2,8,46,25,32,4,16,34.351932525634766,2.478538,3.898278,0.040438,0.893064,0.218044,0.213998,5.660583,0.21616,0.726003,7.779091,1742615,871307,871308,119.62223052978516,78281.5390625,3.005192279815674,2.800337553024292,25165824,11230112,44920448,81263008,236150671,3478267342,/home/kubik/Diplodocus/diplodocus-project/experiments/runs/Dragon/cam0/ploc_emc2_sobb/repeat_04/stats.json
Dragon,cam1,0,ploc,gpu,1024,768,32,2,8,42,25,32,4,16,14.266329765319824,2.427554,3.367974,0.033384,0.894461,0.22251,0.208685,5.670237,0.220836,0.0,7.612939,1742615,871307,871308,100.42399597167969,71474.453125,2.7486324310302734,2.573577880859375,25165824,24806560,99226240,148994368,689304524,8208324664,/home/kubik/Diplodocus/diplodocus-project/experiments/runs/Dragon/cam1/ploc/repeat_00/stats.json
Dragon,cam1,1,ploc,gpu,1024,768,32,2,8,43,25,32,4,16,14.26374626159668,2.480354,3.346946,0.033384,0.893134,0.215949,0.20506,5.620077,0.220419,0.0,7.578017,1742615,871307,871308,100.42399597167969,71474.453125,2.7521800994873047,2.5748515129089355,25165824,24806560,99226240,148994368,689314294,8208285834,/home/kubik/Diplodocus/diplodocus-project/experiments/runs/Dragon/cam1/ploc/repeat_01/stats.json
Dragon,cam1,2,ploc,gpu,1024,768,32,2,8,44,25,32,4,16,14.274500846862793,2.430208,3.35953,0.032895,0.890131,0.220424,0.218887,5.66352,0.220346,0.0,7.618109,1742615,871307,871308,100.42399597167969,71474.453125,2.7511885166168213,2.5708372592926025,25165824,24806560,99226240,148994368,689286706,8208062789,/home/kubik/Diplodocus/diplodocus-project/experiments/runs/Dragon/cam1/ploc/repeat_02/stats.json
Dragon,cam1,3,ploc,gpu,1024,768,32,2,8,45,25,32,4,16,14.440444946289062,2.487687,3.388921,0.034362,0.920652,0.221948,0.211837,5.701662,0.236136,0.0,7.704929,1742615,871307,871308,100.42399597167969,71474.453125,2.7595434188842773,2.581272602081299,25165824,24806560,99226240,148994368,689255441,8207965877,/home/kubik/Diplodocus/diplodocus-project/experiments/runs/Dragon/cam1/ploc/repeat_03/stats.json
Dragon,cam1,4,ploc,gpu,1024,768,32,2,8,46,25,32,4,16,14.486261367797852,2.49991,3.390316,0.033105,0.894042,0.227402,0.222867,5.677909,0.239061,0.0,7.68934,1742615,871307,871308,100.42399597167969,71474.453125,2.7578272819519043,2.5816004276275635,25165824,24806560,99226240,148994368,689286116,8208140099,/home/kubik/Diplodocus/diplodocus-project/experiments/runs/Dragon/cam1/ploc/repeat_04/stats.json
Dragon,cam1,0,ploc_emc1,gpu,1024,768,32,2,8,42,25,32,4,16,14.374025344848633,2.477979,3.38382,0.032407,0.899839,0.230751,0.211764,5.635308,0.219092,0.0,7.606306,1742615,871307,871308,100.93843078613281,71474.453125,2.7475569248199463,2.5697500705718994,25165824,24806560,99226240,148994368,689896365,8381308466,/home/kubik/Diplodocus/diplodocus-project/experiments/runs/Dragon/cam1/ploc_emc1/repeat_00/stats.json
Dragon,cam1,1,ploc_emc1,gpu,1024,768,32,2,8,43,25,32,4,16,14.433389663696289,2.560043,3.389059,0.032477,0.900746,0.219438,0.208901,5.656821,0.224407,0.0,7.620704,1742615,871307,871308,100.93843078613281,71474.453125,2.7575318813323975,2.5818605422973633,25165824,24806560,99226240,148994368,689888786,8381243069,/home/kubik/Diplodocus/diplodocus-project/experiments/runs/Dragon/cam1/ploc_emc1/repeat_01/stats.json
Dragon,cam1,2,ploc_emc1,gpu,1024,768,32,2,8,44,25,32,4,16,14.341268539428711,2.457306,3.365522,0.033384,0.888245,0.224951,0.213374,5.659327,0.254792,0.0,7.640533,1742615,871307,871308,100.93843078613281,71474.453125,2.764882802963257,2.589148998260498,25165824,24806560,99226240,148994368,689860220,8381050107,/home/kubik/Diplodocus/diplodocus-project/experiments/runs/Dragon/cam1/ploc_emc1/repeat_02/stats.json
Dragon,cam1,3,ploc_emc1,gpu,1024,768,32,2,8,45,25,32,4,16,14.458742141723633,2.507802,3.385986,0.032895,0.892575,0.223566,0.222372,5.742307,0.225166,0.0,7.713091,1742615,871307,871308,100.93843078613281,71474.453125,2.7652738094329834,2.587921619415283,25165824,24806560,99226240,148994368,689866412,8381128817,/home/kubik/Diplodocus/diplodocus-project/experiments/runs/Dragon/cam1/ploc_emc1/repeat_03/stats.json
Dragon,cam1,4,ploc_emc1,gpu,1024,768,32,2,8,46,25,32,4,16,14.33798599243164,2.466595,3.392133,0.032965,0.888245,0.221045,0.211406,5.648164,0.223773,0.0,7.603651,1742615,871307,871308,100.93843078613281,71474.453125,2.771662712097168,2.59586501121521,25165824,24806560,99226240,148994368,689871806,8381230733,/home/kubik/Diplodocus/diplodocus-project/experiments/runs/Dragon/cam1/ploc_emc1/repeat_04/stats.json
Dragon,cam1,0,ploc_emc2,gpu,1024,768,32,2,8,42,25,32,4,16,14.358380317687988,2.528754,3.395003,0.040928,0.914436,0.218675,0.211132,5.629857,0.219298,0.0,7.611611,1742615,871307,871308,100.69798278808594,71474.453125,3.134892225265503,2.957919120788574,25165824,24806560,99226240,148994368,781387873,8932696152,/home/kubik/Diplodocus/diplodocus-project/experiments/runs/Dragon/cam1/ploc_emc2/repeat_00/stats.json
Dragon,cam1,1,ploc_emc2,gpu,1024,768,32,2,8,43,25,32,4,16,14.296151161193848,2.487687,3.328581,0.044349,0.902213,0.215818,0.204919,5.674276,0.236408,0.0,7.669306,1742615,871307,871308,100.69798278808594,71474.453125,3.144916534423828,2.9703774452209473,25165824,24806560,99226240,148994368,781414166,8932875119,/home/kubik/Diplodocus/diplodocus-project/experiments/runs/Dragon/cam1/ploc_emc2/repeat_01/stats.json
Dragon,cam1,2,ploc_emc2,gpu,1024,768,32,2,8,44,25,32,4,16,14.326810836791992,2.506055,3.339474,0.041067,0.907032,0.216852,0.208554,5.680702,0.215608,0.0,7.638088,1742615,871307,871308,100.69798278808594,71474.453125,3.1441633701324463,2.963648796081543,25165824,24806560,99226240,148994368,781427857,8932778492,/home/kubik/Diplodocus/diplodocus-project/experiments/runs/Dragon/cam1/ploc_emc2/repeat_02/stats.json
Dragon,cam1,3,ploc_emc2,gpu,1024,768,32,2,8,45,25,32,4,16,14.343013763427734,2.522678,3.355892,0.041974,0.924563,0.217836,0.209593,5.662056,0.227966,0.0,7.666859,1742615,871307,871308,100.69798278808594,71474.453125,3.1567721366882324,2.9810867309570312,25165824,24806560,99226240,148994368,781374911,8932684472,/home/kubik/Diplodocus/diplodocus-project/experiments/runs/Dragon/cam1/ploc_emc2/repeat_03/stats.json
Dragon,cam1,4,ploc_emc2,gpu,1024,768,32,2,8,46,25,32,4,16,14.34748363494873,2.544329,3.337658,0.041346,0.917858,0.216652,0.206246,5.676232,0.219857,0.0,7.682853,1742615,871307,871308,100.69798278808594,71474.453125,3.1468241214752197,2.9735076427459717,25165824,24806560,99226240,148994368,781386299,8932824951,/home/kubik/Diplodocus/diplodocus-project/experiments/runs/Dragon/cam1/ploc_emc2/repeat_04/stats.json
Dragon,cam1,0,ploc_sobb,gpu,1024,768,32,2,8,42,25,32,4,16,33.386924743652344,2.439008,3.991514,0.033593,0.87281,0.220486,0.207851,5.650463,0.22272,0.76246,7.744655,1742615,871307,871308,119.36175537109375,78281.5390625,4.587215423583984,4.383485317230225,25165824,24806368,99225472,148993440,490565264,7305051839,/home/kubik/Diplodocus/diplodocus-project/experiments/runs/Dragon/cam1/ploc_sobb/repeat_00/stats.json
Dragon,cam1,1,ploc_sobb,gpu,1024,768,32,2,8,43,25,32,4,16,33.41109085083008,2.45549,3.961691,0.032895,0.872391,0.243255,0.211272,5.664082,0.221337,0.733337,7.788599,1742615,871307,871308,119.36175537109375,78281.5390625,4.567978382110596,4.364747047424316,25165824,24806368,99225472,148993440,490570494,7305001446,/home/kubik/Diplodocus/diplodocus-project/experiments/runs/Dragon/cam1/ploc_sobb/repeat_01/stats.json
Dragon,cam1,2,ploc_sobb,gpu,1024,768,32,2,8,44,25,32,4,16,34.50138473510742,2.500887,3.969084,0.033384,0.878258,0.221123,0.213511,5.673234,0.226637,0.725864,7.789026,1742615,871307,871308,119.36175537109375,78281.5390625,4.591538429260254,4.385807991027832,25165824,24806368,99225472,148993440,490565123,7304902502,/home/kubik/Diplodocus/diplodocus-project/experiments/runs/Dragon/cam1/ploc_sobb/repeat_02/stats.json
Dragon,cam1,3,ploc_sobb,gpu,1024,768,32,2,8,45,25,32,4,16,33.41011047363281,2.439077,3.935506,0.032895,0.889782,0.219295,0.208337,5.675535,0.222309,0.757083,7.777063,1742615,871307,871308,119.36175537109375,78281.5390625,4.617855548858643,4.412708759307861,25165824,24806368,99225472,148993440,490546663,7304789859,/home/kubik/Diplodocus/diplodocus-project/experiments/runs/Dragon/cam1/ploc_sobb/repeat_03/stats.json
Dragon,cam1,4,ploc_sobb,gpu,1024,768,32,2,8,46,25,32,4,16,34.673614501953125,2.520513,3.957506,0.034082,0.880214,0.242211,0.231104,5.766121,0.228868,0.717203,7.933092,1742615,871307,871308,119.36175537109375,78281.5390625,4.62116813659668,4.416891574859619,25165824,24806368,99225472,148993440,490561729,7304927215,/home/kubik/Diplodocus/diplodocus-project/experiments/runs/Dragon/cam1/ploc_sobb/repeat_04/stats.json
Dragon,cam1,0,ploc_emc1_sobb,gpu,1024,768,32,2,8,42,25,32,4,16,33.669639587402344,2.487478,3.974552,0.033384,0.891108,0.222795,0.210783,5.693477,0.223276,0.760645,7.824547,1742615,871307,871308,119.79247283935547,78281.5390625,4.534287929534912,4.329427242279053,25165824,24806368,99225472,148993440,490894387,7441036010,/home/kubik/Diplodocus/diplodocus-project/experiments/runs/Dragon/cam1/ploc_emc1_sobb/repeat_00/stats.json
Dragon,cam1,1,ploc_emc1_sobb,gpu,1024,768,32,2,8,43,25,32,4,16,34.54552459716797,2.454511,3.955272,0.032197,0.873299,0.221956,0.209671,5.675742,0.222925,0.722162,7.773501,1742615,871307,871308,119.79247283935547,78281.5390625,4.497076034545898,4.292094707489014,25165824,24806368,99225472,148993440,490903936,7441020093,/home/kubik/Diplodocus/diplodocus-project/experiments/runs/Dragon/cam1/ploc_emc1_sobb/repeat_01/stats.json
Dragon,cam1,2,ploc_emc1_sobb,gpu,1024,768,32,2,8,44,25,32,4,16,33.57996368408203,2.367699,3.962525,0.033105,0.877908,0.221745,0.222795,5.684963,0.23411,0.720346,7.81555,1742615,871307,871308,119.79247283935547,78281.5390625,4.537060260772705,4.335385799407959,25165824,24806368,99225472,148993440,490890652,7440917565,/home/kubik/Diplodocus/diplodocus-project/experiments/runs/Dragon/cam1/ploc_emc1_sobb/repeat_02/stats.json
Dragon,cam1,3,ploc_emc1_sobb,gpu,1024,768,32,2,8,45,25,32,4,16,33.69457244873047,2.466874,3.9179,0.031499,0.873438,0.220003,0.211273,5.681677,0.225796,0.722721,7.787333,1742615,871307,871308,119.79247283935547,78281.5390625,4.5648884773254395,4.358102798461914,25165824,24806368,99225472,148993440,490886756,7440968733,/home/kubik/Diplodocus/diplodocus-project/experiments/runs/Dragon/cam1/ploc_emc1_sobb/repeat_03/stats.json
Dragon,cam1,4,ploc_emc1_sobb,gpu,1024,768,32,2,8,46,25,32,4,16,33.55558776855469,2.441591,3.988093,0.032826,0.871762,0.24173,0.226838,5.635237,0.225446,0.77573,7.782654,1742615,871307,871308,119.79247283935547,78281.5390625,4.576026439666748,4.368292331695557,25165824,24806368,99225472,148993440,490891487,7441039214,/home/kubik/Diplodocus/diplodocus-project/experiments/runs/Dragon/cam1/ploc_emc1_sobb/repeat_04/stats.json
Dragon,cam1,0,ploc_emc2_sobb,gpu,1024,768,32,2,8,42,25,32,4,16,34.62290573120117,2.526099,3.92349,0.042324,0.904378,0.221817,0.210853,5.690552,0.219234,0.735641,7.838953,1742615,871307,871308,119.62223052978516,78281.5390625,5.19631290435791,4.992297649383545,25165824,24806368,99225472,148993440,538759432,7895420087,/home/kubik/Diplodocus/diplodocus-project/experiments/runs/Dragon/cam1/ploc_emc2_sobb/repeat_00/stats.json
Dragon,cam1,1,ploc_emc2_sobb,gpu,1024,768,32,2,8,43,25,32,4,16,33.75547409057617,2.500258,3.99068,0.040508,0.907242,0.220137,0.206457,5.702986,0.222518,0.783832,7.838747,1742615,871307,871308,119.62223052978516,78281.5390625,5.2388434410095215,5.0353240966796875,25165824,24806368,99225472,148993440,538767904,7895490570,/home/kubik/Diplodocus/diplodocus-project/experiments/runs/Dragon/cam1/ploc_emc2_sobb/repeat_01/stats.json
Dragon,cam1,2,ploc_emc2_sobb,gpu,1024,768,32,2,8,44,25,32,4,16,33.5984001159668,2.528963,3.923065,0.042533,0.907242,0.214908,0.209104,5.697251,0.218249,0.7758,7.848578,1742615,871307,871308,119.62223052978516,78281.5390625,5.195716857910156,4.992032527923584,25165824,24806368,99225472,148993440,538779745,7895496305,/home/kubik/Diplodocus/diplodocus-project/experiments/runs/Dragon/cam1/ploc_emc2_sobb/repeat_02/stats.json
Dragon,cam1,3,ploc_emc2_sobb,gpu,1024,768,32,2,8,45,25,32,4,16,33.58820343017578,2.4858,3.940948,0.040858,0.905217,0.221113,0.218467,5.72051,0.22412,0.769095,7.881545,1742615,871307,871308,119.62223052978516,78281.5390625,5.193455696105957,4.9915289878845215,25165824,24806368,99225472,148993440,538747707,7895384747,/home/kubik/Diplodocus/diplodocus-project/experiments/runs/Dragon/cam1/ploc_emc2_sobb/repeat_03/stats.json
Dragon,cam1,4,ploc_emc2_sobb,gpu,1024,768,32,2,8,46,25,32,4,16,33.63038635253906,2.526029,3.98851,0.044,0.902073,0.220345,0.209662,5.678466,0.222804,0.781038,7.829658,1742615,871307,871308,119.62223052978516,78281.5390625,5.191103935241699,4.989096641540527,25165824,24806368,99225472,148993440,538767604,7895519919,/home/kubik/Diplodocus/diplodocus-project/experiments/runs/Dragon/cam1/ploc_emc2_sobb/repeat_04/stats.json
Dragon,cam2,0,ploc,gpu,1024,768,32,2,8,42,25,32,4,16,14.345176696777344,2.457375,3.384662,0.032407,0.906753,0.217411,0.215741,5.670926,0.222867,0.0,7.63801,1742615,871307,871308,100.42399597167969,71474.453125,2.197530508041382,2.020477771759033,25165824,10801216,54006080,89934784,361295243,4160684766,/home/kubik/Diplodocus/diplodocus-project/experiments/runs/Dragon/cam2/ploc/repeat_00/stats.json
Dragon,cam2,1,ploc,gpu,1024,768,32,2,8,43,25,32,4,16,14.479690551757812,2.509477,3.369649,0.033873,0.897394,0.240393,0.217907,5.723934,0.237735,0.0,7.725657,1742615,871307,871308,100.42399597167969,71474.453125,2.1876845359802246,2.013204336166382,25165824,10801216,54006080,89934784,361321794,4160912507,/home/kubik/Diplodocus/diplodocus-project/experiments/runs/Dragon/cam2/ploc/repeat_01/stats.json
Dragon,cam2,2,ploc,gpu,1024,768,32,2,8,44,25,32,4,16,14.455245971679688,2.467711,3.375997,0.032197,0.917928,0.221538,0.213081,5.755715,0.22601,0.0,7.732159,1742615,871307,871308,100.42399597167969,71474.453125,2.195908784866333,2.0220065116882324,25165824,10801216,54006080,89934784,361326187,4160822191,/home/kubik/Diplodocus/diplodocus-project/experiments/runs/Dragon/cam2/ploc/repeat_02/stats.json
Dragon,cam2,3,ploc,gpu,1024,768,32,2,8,45,25,32,4,16,14.38275146484375,2.456746,3.41916,0.034293,0.897534,0.22363,0.212035,5.659816,0.222034,0.0,7.62565,1742615,871307,871308,100.42399597167969,71474.453125,2.189093589782715,2.0155746936798096,25165824,10801216,54006080,89934784,361307727,4160795073,/home/kubik/Diplodocus/diplodocus-project/experiments/runs/Dragon/cam2/ploc/repeat_03/stats.json
Dragon,cam2,4,ploc,gpu,1024,768,32,2,8,46,25,32,4,16,14.391900062561035,2.434886,3.403866,0.031987,0.892575,0.221118,0.224471,5.725323,0.225309,0.0,7.684866,1742615,871307,871308,100.42399597167969,71474.453125,2.1942138671875,2.0172581672668457,25165824,10801216,54006080,89934784,361319192,4160850052,/home/kubik/Diplodocus/diplodocus-project/experiments/runs/Dragon/cam2/ploc/repeat_04/stats.json
Dragon,cam2,0,ploc_emc1,gpu,1024,768,32,2,8,42,25,32,4,16,14.444769859313965,2.538252,3.380327,0.031708,0.929312,0.217064,0.220701,5.676026,0.226638,0.0,7.678663,1742615,871307,871308,100.93843078613281,71474.453125,2.172562837600708,1.9971303939819336,25165824,10801216,54006080,89934784,356519266,4195853102,/home/kubik/Diplodocus/diplodocus-project/experiments/runs/Dragon/cam2/ploc_emc1/repeat_00/stats.json
Dragon,cam2,1,ploc_emc1,gpu,1024,768,32,2,8,43,25,32,4,16,14.533608436584473,2.501864,3.410924,0.032826,0.884125,0.225308,0.211762,5.805234,0.218955,0.0,7.763876,1742615,871307,871308,100.93843078613281,71474.453125,2.172663688659668,1.9939570426940918,25165824,10801216,54006080,89934784,356523623,4195982303,/home/kubik/Diplodocus/diplodocus-project/experiments/runs/Dragon/cam2/ploc_emc1/repeat_01/stats.json
Dragon,cam2,2,ploc_emc1,gpu,1024,768,32,2,8,44,25,32,4,16,14.466141700744629,2.485451,3.376848,0.042464,0.887896,0.218047,0.21092,5.749421,0.225094,0.0,7.705537,1742615,871307,871308,100.93843078613281,71474.453125,2.1680073738098145,1.988689661026001,25165824,10801216,54006080,89934784,356538436,4195954113,/home/kubik/Diplodocus/diplodocus-project/experiments/runs/Dragon/cam2/ploc_emc1/repeat_02/stats.json
Dragon,cam2,3,ploc_emc1,gpu,1024,768,32,2,8,45,25,32,4,16,14.323384284973145,2.430625,3.397795,0.032476,0.880702,0.229707,0.212746,5.676785,0.221671,0.0,7.629066,1742615,871307,871308,100.93843078613281,71474.453125,2.1573615074157715,1.9792827367782593,25165824,10801216,54006080,89934784,356531878,4195950902,/home/kubik/Diplodocus/diplodocus-project/experiments/runs/Dragon/cam2/ploc_emc1/repeat_03/stats.json
Dragon,cam2,4,ploc_emc1,gpu,1024,768,32,2,8,46,25,32,4,16,14.454407691955566,2.575616,3.386538,0.042813,0.934131,0.223637,0.210572,5.661149,0.225726,0.0,7.699688,1742615,871307,871308,100.93843078613281,71474.453125,2.1678569316864014,1.989466667175293,25165824,10801216,54006080,89934784,356529249,4195949172,/home/kubik/Diplodocus/diplodocus-project/experiments/runs/Dragon/cam2/ploc_emc1/repeat_04/stats.json
Dragon,cam2,0,ploc_emc2,gpu,1024,768,32,2,8,42,25,32,4,16,14.503087043762207,2.515693,3.390245,0.040019,0.922397,0.215039,0.218816,5.753127,0.234111,0.0,7.756392,1742615,871307,871308,100.69798278808594,71474.453125,2.2639451026916504,2.0878615379333496,25165824,10801216,54006080,89934784,366200131,4232448306,/home/kubik/Diplodocus/diplodocus-project/experiments/runs/Dragon/cam2/ploc_emc2/repeat_00/stats.json
Dragon,cam2,1,ploc_emc2,gpu,1024,768,32,2,8,43,25,32,4,16,14.39273738861084,2.542302,3.378865,0.040578,0.916251,0.218394,0.207505,5.664774,0.218457,0.0,7.6445,1742615,871307,871308,100.69798278808594,71474.453125,2.2454206943511963,2.0717928409576416,25165824,10801216,54006080,89934784,366216165,4232588058,/home/kubik/Diplodocus/diplodocus-project/experiments/runs/Dragon/cam2/ploc_emc2/repeat_01/stats.json
Dragon,cam2,2,ploc_emc2,gpu,1024,768,32,2,8,44,25,32,4,16,14.337003707885742,2.489921,3.348834,0.040368,0.909617,0.217346,0.209736,5.702775,0.221605,0.0,7.669932,1742615,871307,871308,100.69798278808594,71474.453125,2.264508008956909,2.0905823707580566,25165824,10801216,54006080,89934784,366223442,4232548756,/home/kubik/Diplodocus/diplodocus-project/experiments/runs/Dragon/cam2/ploc_emc2/repeat_02/stats.json
Dragon,cam2,3,ploc_emc2,gpu,1024,768,32,2,8,45,25,32,4,16,14.402864456176758,2.516391,3.384386,0.044769,0.899141,0.224263,0.224467,5.686356,0.219935,0.0,7.688088,1742615,871307,871308,100.69798278808594,71474.453125,2.2739381790161133,2.0942232608795166,25165824,10801216,54006080,89934784,366222671,4232544555,/home/kubik/Diplodocus/diplodocus-project/experiments/runs/Dragon/cam2/ploc_emc2/repeat_03/stats.json
Dragon,cam2,4,ploc_emc2,gpu,1024,768,32,2,8,46,25,32,4,16,14.448610305786133,2.567864,3.386061,0.041206,0.961369,0.229088,0.21134,5.673858,0.221464,0.0,7.710092,1742615,871307,871308,100.69798278808594,71474.453125,2.255458116531372,2.080077886581421,25165824,10801216,54006080,89934784,366223388,4232536953,/home/kubik/Diplodocus/diplodocus-project/experiments/runs/Dragon/cam2/ploc_emc2/repeat_04/stats.json
Dragon,cam2,0,ploc_sobb,gpu,1024,768,32,2,8,42,25,32,4,16,34.70475387573242,2.470156,3.951643,0.033803,0.897045,0.241239,0.219721,5.722672,0.224328,0.737318,7.881408,1742615,871307,871308,119.36175537109375,78281.5390625,3.432941198348999,3.2277414798736572,25165824,10801280,54006400,89935168,241528497,3620957689,/home/kubik/Diplodocus/diplodocus-project/experiments/runs/Dragon/cam2/ploc_sobb/repeat_00/stats.json
Dragon,cam2,1,ploc_sobb,gpu,1024,768,32,2,8,43,25,32,4,16,33.74876403808594,2.482797,3.934236,0.032896,0.917857,0.231736,0.227681,5.679728,0.222378,0.722581,7.843352,1742615,871307,871308,119.36175537109375,78281.5390625,3.4344561100006104,3.231191396713257,25165824,10801280,54006400,89935168,241534268,3621088734,/home/kubik/Diplodocus/diplodocus-project/experiments/runs/Dragon/cam2/ploc_sobb/repeat_01/stats.json
Dragon,cam2,2,ploc_sobb,gpu,1024,768,32,2,8,44,25,32,4,16,33.567386627197266,2.478955,3.955824,0.03534,0.895439,0.223287,0.212528,5.727637,0.233965,0.716156,7.864441,1742615,871307,871308,119.36175537109375,78281.5390625,3.4400014877319336,3.236783981323242,25165824,10801280,54006400,89935168,241535567,3621002440,/home/kubik/Diplodocus/diplodocus-project/experiments/runs/Dragon/cam2/ploc_sobb/repeat_02/stats.json
Dragon,cam2,3,ploc_sobb,gpu,1024,768,32,2,8,45,25,32,4,16,33.800235748291016,2.475115,3.954635,0.033663,0.89935,0.234534,0.219793,5.732944,0.224749,0.738155,7.894336,1742615,871307,871308,119.36175537109375,78281.5390625,3.436957359313965,3.228989601135254,25165824,10801280,54006400,89935168,241532306,3621008794,/home/kubik/Diplodocus/diplodocus-project/experiments/runs/Dragon/cam2/ploc_sobb/repeat_03/stats.json
Dragon,cam2,4,ploc_sobb,gpu,1024,768,32,2,8,46,25,32,4,16,34.702449798583984,2.498652,3.971464,0.032756,0.892086,0.230961,0.216165,5.713039,0.230896,0.716504,7.851796,1742615,871307,871308,119.36175537109375,78281.5390625,3.458218812942505,3.254533290863037,25165824,10801280,54006400,89935168,241530211,3621049823,/home/kubik/Diplodocus/diplodocus-project/experiments/runs/Dragon/cam2/ploc_sobb/repeat_04/stats.json
Dragon,cam2,0,ploc_emc1_sobb,gpu,1024,768,32,2,8,42,25,32,4,16,33.54301071166992,2.452486,3.96686,0.032895,0.885521,0.22146,0.21672,5.716318,0.223568,0.737527,7.853328,1742615,871307,871308,119.79247283935547,78281.5390625,3.3947839736938477,3.1904845237731934,25165824,10801216,54006080,89934784,240117786,3649066792,/home/kubik/Diplodocus/diplodocus-project/experiments/runs/Dragon/cam2/ploc_emc1_sobb/repeat_00/stats.json
Dragon,cam2,1,ploc_emc1_sobb,gpu,1024,768,32,2,8,43,25,32,4,16,33.52450180053711,2.419311,3.91371,0.033314,0.873857,0.221397,0.208615,5.816127,0.221957,0.712105,7.908857,1742615,871307,871308,119.79247283935547,78281.5390625,3.3853561878204346,3.178304433822632,25165824,10801216,54006080,89934784,240116117,3649155594,/home/kubik/Diplodocus/diplodocus-project/experiments/runs/Dragon/cam2/ploc_emc1_sobb/repeat_01/stats.json
Dragon,cam2,2,ploc_emc1_sobb,gpu,1024,768,32,2,8,44,25,32,4,16,33.60831069946289,2.412606,3.991859,0.033664,0.870435,0.233273,0.212803,5.724769,0.237811,0.774264,7.857519,1742615,871307,871308,119.79247283935547,78281.5390625,3.363043785095215,3.160538911819458,25165824,10801216,54006080,89934784,240116392,3649105334,/home/kubik/Diplodocus/diplodocus-project/experiments/runs/Dragon/cam2/ploc_emc1_sobb/repeat_02/stats.json
Dragon,cam2,3,ploc_emc1_sobb,gpu,1024,768,32,2,8,45,25,32,4,16,33.564029693603516,2.452346,3.993119,0.031917,0.873019,0.229286,0.21128,5.721695,0.219861,0.764346,7.82463,1742615,871307,871308,119.79247283935547,78281.5390625,3.3808693885803223,3.17760968208313,25165824,10801216,54006080,89934784,240122966,3649138591,/home/kubik/Diplodocus/diplodocus-project/experiments/runs/Dragon/cam2/ploc_emc1_sobb/repeat_03/stats.json
Dragon,cam2,4,ploc_emc1_sobb,gpu,1024,768,32,2,8,46,25,32,4,16,33.60719299316406,2.453673,3.930889,0.033384,0.893483,0.246543,0.222932,5.73762,0.232714,0.723489,7.906202,1742615,871307,871308,119.79247283935547,78281.5390625,3.402519941329956,3.1992454528808594,25165824,10801216,54006080,89934784,240117092,3649129768,/home/kubik/Diplodocus/diplodocus-project/experiments/runs/Dragon/cam2/ploc_emc1_sobb/repeat_04/stats.json
Dragon,cam2,0,ploc_emc2_sobb,gpu,1024,768,32,2,8,42,25,32,4,16,34.636375427246094,2.518975,3.902397,0.041556,0.896835,0.222095,0.213649,5.704656,0.223074,0.733336,7.852007,1742615,871307,871308,119.62223052978516,78281.5390625,3.517449378967285,3.314422607421875,25165824,10801216,54006080,89934784,244500900,3704641822,/home/kubik/Diplodocus/diplodocus-project/experiments/runs/Dragon/cam2/ploc_emc2_sobb/repeat_00/stats.json
Dragon,cam2,1,ploc_emc2_sobb,gpu,1024,768,32,2,8,43,25,32,4,16,34.57316970825195,2.493133,3.885628,0.041346,0.902702,0.216718,0.219233,5.681537,0.217484,0.733197,7.82141,1742615,871307,871308,119.62223052978516,78281.5390625,3.533825397491455,3.331768274307251,25165824,10801216,54006080,89934784,244513128,3704730644,/home/kubik/Diplodocus/diplodocus-project/experiments/runs/Dragon/cam2/ploc_emc2_sobb/repeat_01/stats.json
Dragon,cam2,2,ploc_emc2_sobb,gpu,1024,768,32,2,8,44,25,32,4,16,33.82076644897461,2.522747,4.017356,0.044629,0.896416,0.225238,0.231869,5.824795,0.233407,0.769514,7.99532,1742615,871307,871308,119.62223052978516,78281.5390625,3.5038886070251465,3.3019912242889404,25165824,10801216,54006080,89934784,244513530,3704685378,/home/kubik/Diplodocus/diplodocus-project/experiments/runs/Dragon/cam2/ploc_emc2_sobb/repeat_02/stats.json
Dragon,cam2,3,ploc_emc2_sobb,gpu,1024,768,32,2,8,45,25,32,4,16,33.7049674987793,2.531617,3.918034,0.041067,0.921629,0.240388,0.213717,5.674975,0.222946,0.769165,7.902578,1742615,871307,871308,119.62223052978516,78281.5390625,3.536538600921631,3.3295750617980957,25165824,10801216,54006080,89934784,244515345,3704703824,/home/kubik/Diplodocus/diplodocus-project/experiments/runs/Dragon/cam2/ploc_emc2_sobb/repeat_03/stats.json
Dragon,cam2,4,ploc_emc2_sobb,gpu,1024,768,32,2,8,46,25,32,4,16,34.64594650268555,2.519604,3.923212,0.040509,0.897883,0.21707,0.213857,5.723303,0.228239,0.730402,7.884483,1742615,871307,871308,119.62223052978516,78281.5390625,3.505760669708252,3.301952600479126,25165824,10801216,54006080,89934784,244512840,3704704615,/home/kubik/Diplodocus/diplodocus-project/experiments/runs/Dragon/cam2/ploc_emc2_sobb/repeat_04/stats.json
Hairball,cam0,0,ploc,gpu,1024,768,32,2,8,42,25,32,4,16,33.249671936035156,5.406643,7.883437,0.035899,2.368676,0.507402,0.495664,14.088162,0.514375,0.0,18.955632,5760003,2880001,2880002,1042.20361328125,236250.125,4.87939977645874,4.388579845428467,25165824,0,48715136,73880960,1334927223,7829811152,/home/kubik/Diplodocus/diplodocus-project/experiments/runs/Hairball/cam0/ploc/repeat_00/stats.json
Hairball,cam0,1,ploc,gpu,1024,768,32,2,8,43,25,32,4,16,31.83733558654785,5.415303,7.711704,0.034642,2.391933,0.495376,0.481697,14.028663,0.508097,0.0,18.883896,5760003,2880001,2880002,1042.20361328125,236250.125,4.864004611968994,4.368839263916016,25165824,0,48715136,73880960,1334845700,7829589441,/home/kubik/Diplodocus/diplodocus-project/experiments/runs/Hairball/cam0/ploc/repeat_01/stats.json
Hairball,cam0,2,ploc,gpu,1024,768,32,2,8,44,25,32,4,16,32.01605987548828,5.376471,7.794246,0.036247,2.376847,0.498875,0.491194,14.081099,0.525348,0.0,18.984598,5760003,2880001,2880002,1042.20361328125,236250.125,4.883852958679199,4.383819103240967,25165824,0,48715136,73880960,1334409572,7828010424,/home/kubik/Diplodocus/diplodocus-project/experiments/runs/Hairball/cam0/ploc/repeat_02/stats.json
Hairball,cam0,3,ploc,gpu,1024,768,32,2,8,45,25,32,4,16,32.036312103271484,5.389253,7.994138,0.033873,2.392562,0.488397,0.48156,13.98228,0.506219,0.0,18.825468,5760003,2880001,2880002,1042.20361328125,236250.125,4.8431077003479,4.354648113250732,25165824,0,48715136,73880960,1334679685,7828862959,/home/kubik/Diplodocus/diplodocus-project/experiments/runs/Hairball/cam0/ploc/repeat_03/stats.json
Hairball,cam0,4,ploc,gpu,1024,768,32,2,8,46,25,32,4,16,31.641010284423828,5.359919,7.676635,0.034083,2.361342,0.490907,0.484561,13.891556,0.504687,0.0,18.717054,5760003,2880001,2880002,1042.20361328125,236250.125,4.84807014465332,4.355500221252441,25165824,0,48715136,73880960,1334525055,7828615296,/home/kubik/Diplodocus/diplodocus-project/experiments/runs/Hairball/cam0/ploc/repeat_04/stats.json
Hairball,cam0,0,ploc_emc1,gpu,1024,768,32,2,8,42,25,32,4,16,32.410804748535156,5.396307,7.653097,0.033873,2.357571,0.476868,0.464864,13.693768,0.479463,0.0,18.44158,5760003,2880001,2880002,1039.5592041015625,236250.125,4.946588039398193,4.466775894165039,25165824,0,48715136,73880960,1355806298,7892608702,/home/kubik/Diplodocus/diplodocus-project/experiments/runs/Hairball/cam0/ploc_emc1/repeat_00/stats.json
Hairball,cam0,1,ploc_emc1,gpu,1024,768,32,2,8,43,25,32,4,16,31.727542877197266,5.391348,7.92393,0.036248,2.376149,0.500693,0.474079,13.750113,0.493498,0.0,18.589148,5760003,2880001,2880002,1039.5592041015625,236250.125,4.89784574508667,4.409162998199463,25165824,0,48715136,73880960,1355830804,7892622403,/home/kubik/Diplodocus/diplodocus-project/experiments/runs/Hairball/cam0/ploc_emc1/repeat_01/stats.json
Hairball,cam0,2,ploc_emc1,gpu,1024,768,32,2,8,44,25,32,4,16,31.330005645751953,5.387646,7.518933,0.032616,2.380688,0.476656,0.492598,13.756763,0.509071,0.0,18.599576,5760003,2880001,2880002,1039.5592041015625,236250.125,4.904713153839111,4.423525333404541,25165824,0,48715136,73880960,1355504142,7891468738,/home/kubik/Diplodocus/diplodocus-project/experiments/runs/Hairball/cam0/ploc_emc1/repeat_02/stats.json
Hairball,cam0,3,ploc_emc1,gpu,1024,768,32,2,8,45,25,32,4,16,31.405433654785156,5.366623,7.673632,0.033943,2.35813,0.504401,0.463468,13.739997,0.48065,0.0,18.531548,5760003,2880001,2880002,1039.5592041015625,236250.125,4.897863388061523,4.417714595794678,25165824,0,48715136,73880960,1355616819,7891769054,/home/kubik/Diplodocus/diplodocus-project/experiments/runs/Hairball/cam0/ploc_emc1/repeat_03/stats.json
Hairball,cam0,4,ploc_emc1,gpu,1024,768,32,2,8,46,25,32,4,16,31.20757293701172,5.393932,7.51991,0.058597,2.38006,0.470873,0.460109,13.661212,0.513048,0.0,18.4823,5760003,2880001,2880002,1039.5592041015625,236250.125,4.919549465179443,4.434805393218994,25165824,0,48715136,73880960,1355386226,7891346067,/home/kubik/Diplodocus/diplodocus-project/experiments/runs/Hairball/cam0/ploc_emc1/repeat_04/stats.json
Hairball,cam0,0,ploc_emc2,gpu,1024,768,32,2,8,42,25,32,4,16,32.330692291259766,5.62811,8.016692,0.04414,2.597546,0.493349,0.496987,13.992832,0.503001,0.0,19.075036,5760003,2880001,2880002,1040.8841552734375,236250.125,4.8665056228637695,4.3783745765686035,25165824,0,48715136,73880960,1339283210,7915859344,/home/kubik/Diplodocus/diplodocus-project/experiments/runs/Hairball/cam0/ploc_emc2/repeat_00/stats.json
Hairball,cam0,1,ploc_emc2,gpu,1024,768,32,2,8,43,25,32,4,16,32.20637512207031,5.615678,7.981974,0.043162,2.607463,0.494758,0.498252,13.889309,0.501734,0.0,18.964274,5760003,2880001,2880002,1040.8841552734375,236250.125,4.898692607879639,4.410671234130859,25165824,0,48715136,73880960,1339208911,7915566743,/home/kubik/Diplodocus/diplodocus-project/experiments/runs/Hairball/cam0/ploc_emc2/repeat_01/stats.json
Hairball,cam0,2,ploc_emc2,gpu,1024,768,32,2,8,44,25,32,4,16,32.07493209838867,5.65472,7.722522,0.042883,2.665991,0.497969,0.491691,13.956499,0.497066,0.0,19.080148,5760003,2880001,2880002,1040.8841552734375,236250.125,4.875482082366943,4.392812252044678,25165824,0,48715136,73880960,1339114009,7914986295,/home/kubik/Diplodocus/diplodocus-project/experiments/runs/Hairball/cam0/ploc_emc2/repeat_02/stats.json
Hairball,cam0,3,ploc_emc2,gpu,1024,768,32,2,8,45,25,32,4,16,32.198062896728516,5.616516,7.864995,0.045397,2.625343,0.489165,0.512921,13.94344,0.528218,0.0,19.077762,5760003,2880001,2880002,1040.8841552734375,236250.125,5.009132385253906,4.5190300941467285,25165824,0,48715136,73880960,1338933786,7914803676,/home/kubik/Diplodocus/diplodocus-project/experiments/runs/Hairball/cam0/ploc_emc2/repeat_03/stats.json
Hairball,cam0,4,ploc_emc2,gpu,1024,768,32,2,8,46,25,32,4,16,33.198543548583984,5.685171,7.738096,0.043232,2.597267,0.496703,0.485892,13.985976,0.508584,0.0,19.079354,5760003,2880001,2880002,1040.8841552734375,236250.125,4.8944854736328125,4.396128177642822,25165824,0,48715136,73880960,1338973327,7914774681,/home/kubik/Diplodocus/diplodocus-project/experiments/runs/Hairball/cam0/ploc_emc2/repeat_04/stats.json
Hairball,cam0,0,ploc_sobb,gpu,1024,768,32,2,8,42,25,32,4,16,93.84669494628906,5.377798,10.297158,0.035828,2.400174,0.522622,0.496851,14.005395,0.51614,2.441939,19.08393,5760003,2880001,2880002,930.3137817382812,258750.140625,4.966748237609863,4.373055458068848,25165824,0,48715136,73880960,419335606,5911722350,/home/kubik/Diplodocus/diplodocus-project/experiments/runs/Hairball/cam0/ploc_sobb/repeat_00/stats.json
Hairball,cam0,1,ploc_sobb,gpu,1024,768,32,2,8,43,25,32,4,16,93.32218170166016,5.407131,9.721796,0.035829,2.404854,0.514174,0.494058,13.932969,0.508944,2.172071,19.003598,5760003,2880001,2880002,930.3137817382812,258750.140625,4.860720157623291,4.273645877838135,25165824,0,48715136,73880960,419292243,5911591675,/home/kubik/Diplodocus/diplodocus-project/experiments/runs/Hairball/cam0/ploc_sobb/repeat_01/stats.json
Hairball,cam0,2,ploc_sobb,gpu,1024,768,32,2,8,44,25,32,4,16,93.69974517822266,5.433322,9.785772,0.036178,2.397241,0.495384,0.529187,14.023418,0.522486,2.264192,19.136864,5760003,2880001,2880002,930.3137817382812,258750.140625,4.897878170013428,4.305455207824707,25165824,0,48715136,73880960,419285149,5911003966,/home/kubik/Diplodocus/diplodocus-project/experiments/runs/Hairball/cam0/ploc_sobb/repeat_02/stats.json
Hairball,cam0,3,ploc_sobb,gpu,1024,768,32,2,8,45,25,32,4,16,93.49950408935547,5.360477,9.721589,0.034292,2.396891,0.496781,0.492729,15.613423,0.520247,2.141061,20.662176,5760003,2880001,2880002,930.3137817382812,258750.140625,4.862158298492432,4.283356189727783,25165824,0,48715136,73880960,419261593,5911138806,/home/kubik/Diplodocus/diplodocus-project/experiments/runs/Hairball/cam0/ploc_sobb/repeat_03/stats.json
Hairball,cam0,4,ploc_sobb,gpu,1024,768,32,2,8,46,25,32,4,16,93.96835327148438,5.4387,9.908208,0.03555,2.416586,0.510194,0.488477,14.031022,0.541135,2.326561,19.131564,5760003,2880001,2880002,930.3137817382812,258750.140625,4.892544746398926,4.2998199462890625,25165824,0,48715136,73880960,419287890,5911243741,/home/kubik/Diplodocus/diplodocus-project/experiments/runs/Hairball/cam0/ploc_sobb/repeat_04/stats.json
Hairball,cam0,0,ploc_emc1_sobb,gpu,1024,768,32,2,8,42,25,32,4,16,94.42637634277344,5.435696,10.031828,0.033874,2.407647,0.47101,0.461097,13.774289,0.484143,2.451158,18.768376,5760003,2880001,2880002,926.6785278320312,258750.140625,4.926797866821289,4.347639083862305,25165824,0,48715136,73880960,425796940,5962696105,/home/kubik/Diplodocus/diplodocus-project/experiments/runs/Hairball/cam0/ploc_emc1_sobb/repeat_00/stats.json
Hairball,cam0,1,ploc_emc1_sobb,gpu,1024,768,32,2,8,43,25,32,4,16,94.65831756591797,5.483607,10.197421,0.0352,2.385228,0.482822,0.477236,13.79335,0.493985,2.450949,18.852188,5760003,2880001,2880002,926.6785278320312,258750.140625,4.926052570343018,4.343259811401367,25165824,0,48715136,73880960,425755483,5962655994,/home/kubik/Diplodocus/diplodocus-project/experiments/runs/Hairball/cam0/ploc_emc1_sobb/repeat_01/stats.json
Hairball,cam0,2,ploc_emc1_sobb,gpu,1024,768,32,2,8,44,25,32,4,16,94.18331909179688,5.402801,9.909819,0.033873,2.402478,0.478973,0.473663,13.760522,0.481283,2.436841,18.744772,5760003,2880001,2880002,926.6785278320312,258750.140625,4.949770927429199,4.363655090332031,25165824,0,48715136,73880960,425778509,5962249440,/home/kubik/Diplodocus/diplodocus-project/experiments/runs/Hairball/cam0/ploc_emc1_sobb/repeat_02/stats.json
Hairball,cam0,3,ploc_emc1_sobb,gpu,1024,768,32,2,8,45,25,32,4,16,93.3899917602539,5.422565,10.10181,0.036248,2.403875,0.492104,0.471715,13.756687,0.487768,2.442777,18.787728,5760003,2880001,2880002,926.6785278320312,258750.140625,4.958823204040527,4.367644786834717,25165824,0,48715136,73880960,425721940,5962195220,/home/kubik/Diplodocus/diplodocus-project/experiments/runs/Hairball/cam0/ploc_emc1_sobb/repeat_03/stats.json
Hairball,cam0,4,ploc_emc1_sobb,gpu,1024,768,32,2,8,46,25,32,4,16,94.43719482421875,5.383384,10.026586,0.033873,2.370561,0.502653,0.473742,13.750404,0.488047,2.466104,18.736596,5760003,2880001,2880002,926.6785278320312,258750.140625,4.943670749664307,4.3618550300598145,25165824,0,48715136,73880960,425760386,5962275230,/home/kubik/Diplodocus/diplodocus-project/experiments/runs/Hairball/cam0/ploc_emc1_sobb/repeat_04/stats.json
Hairball,cam0,0,ploc_emc2_sobb,gpu,1024,768,32,2,8,42,25,32,4,16,94.20357513427734,5.691176,10.1611,0.044628,2.598873,0.489796,0.489026,14.020552,0.499652,2.443336,19.284236,5760003,2880001,2880002,928.28271484375,258750.140625,4.897747039794922,4.304869174957275,25165824,0,48715136,73880960,416748673,5951990681,/home/kubik/Diplodocus/diplodocus-project/experiments/runs/Hairball/cam0/ploc_emc2_sobb/repeat_00/stats.json
Hairball,cam0,1,ploc_emc2_sobb,gpu,1024,768,32,2,8,43,25,32,4,16,95.69629669189453,5.622103,10.299249,0.045397,2.583717,0.494965,0.498259,13.927794,0.501601,2.501165,19.16793,5760003,2880001,2880002,928.28271484375,258750.140625,4.922000885009766,4.3314104080200195,25165824,0,48715136,73880960,416688023,5951734166,/home/kubik/Diplodocus/diplodocus-project/experiments/runs/Hairball/cam0/ploc_emc2_sobb/repeat_01/stats.json
Hairball,cam0,2,ploc_emc2_sobb,gpu,1024,768,32,2,8,44,25,32,4,16,94.46337890625,5.625106,9.916035,0.042393,2.616333,0.513542,0.495671,14.026972,0.508864,2.275716,19.312372,5760003,2880001,2880002,928.28271484375,258750.140625,4.892852306365967,4.30848503112793,25165824,0,48715136,73880960,416705932,5951496656,/home/kubik/Diplodocus/diplodocus-project/experiments/runs/Hairball/cam0/ploc_emc2_sobb/repeat_02/stats.json
Hairball,cam0,3,ploc_emc2_sobb,gpu,1024,768,32,2,8,45,25,32,4,16,93.95451354980469,5.617843,10.086786,0.044209,2.60467,0.498399,0.493849,14.030669,0.520666,2.374542,19.32159,5760003,2880001,2880002,928.28271484375,258750.140625,4.877924919128418,4.294399261474609,25165824,0,48715136,73880960,416671864,5951496355,/home/kubik/Diplodocus/diplodocus-project/experiments/runs/Hairball/cam0/ploc_emc2_sobb/repeat_03/stats.json
Hairball,cam0,4,ploc_emc2_sobb,gpu,1024,768,32,2,8,46,25,32,4,16,95.57044219970703,5.630344,10.286683,0.043721,2.610187,0.497683,0.485747,14.019219,0.502373,2.488803,19.282336,5760003,2880001,2880002,928.28271484375,258750.140625,4.89182186126709,4.305843830108643,25165824,0,48715136,73880960,416671627,5951435405,/home/kubik/Diplodocus/diplodocus-project/experiments/runs/Hairball/cam0/ploc_emc2_sobb/repeat_04/stats.json
Hairball,cam1,0,ploc,gpu,1024,768,32,2,8,42,25,32,4,16,33.322086334228516,5.425918,7.994968,0.03527,2.379081,0.507613,0.509491,14.033253,0.517947,0.0,18.93831,5760003,2880001,2880002,1042.20361328125,236250.125,5.295958042144775,4.806169033050537,25165824,0,49627520,74793344,1480404789,8204803828,/home/kubik/Diplodocus/diplodocus-project/experiments/runs/Hairball/cam1/ploc/repeat_00/stats.json
Hairball,cam1,1,ploc,gpu,1024,768,32,2,8,43,25,32,4,16,32.23884582519531,5.41621,8.010192,0.03527,2.383132,0.50028,0.490634,14.077883,0.515915,0.0,18.959736,5760003,2880001,2880002,1042.20361328125,236250.125,5.276667594909668,4.789538860321045,25165824,0,49627520,74793344,1480431838,8204847535,/home/kubik/Diplodocus/diplodocus-project/experiments/runs/Hairball/cam1/ploc/repeat_01/stats.json
Hairball,cam1,2,ploc,gpu,1024,768,32,2,8,44,25,32,4,16,31.862468719482422,5.380521,7.678656,0.035759,2.380478,0.521297,0.504603,13.991916,0.514377,0.0,18.901076,5760003,2880001,2880002,1042.20361328125,236250.125,5.289371967315674,4.801752090454102,25165824,0,49627520,74793344,1480306387,8204127742,/home/kubik/Diplodocus/diplodocus-project/experiments/runs/Hairball/cam1/ploc/repeat_02/stats.json
Hairball,cam1,3,ploc,gpu,1024,768,32,2,8,45,25,32,4,16,32.17522048950195,5.404407,7.77266,0.036178,2.413095,0.503559,0.527588,14.203525,0.524793,0.0,19.142154,5760003,2880001,2880002,1042.20361328125,236250.125,5.287664890289307,4.798104286193848,25165824,0,49627520,74793344,1480476032,8204763409,/home/kubik/Diplodocus/diplodocus-project/experiments/runs/Hairball/cam1/ploc/repeat_03/stats.json
Hairball,cam1,4,ploc,gpu,1024,768,32,2,8,46,25,32,4,16,33.05976104736328,5.450152,7.820225,0.034292,2.393957,0.502086,0.514538,14.044223,0.533439,0.0,18.982158,5760003,2880001,2880002,1042.20361328125,236250.125,5.313542366027832,4.826290130615234,25165824,0,49627520,74793344,1480419614,8204811153,/home/kubik/Diplodocus/diplodocus-project/experiments/runs/Hairball/cam1/ploc/repeat_04/stats.json
Hairball,cam1,0,ploc_emc1,gpu,1024,768,32,2,8,42,25,32,4,16,31.65608787536621,5.444426,7.705679,0.033873,2.365322,0.491557,0.484355,13.801732,0.496021,0.0,18.665232,5760003,2880001,2880002,1039.5592041015625,236250.125,5.169353008270264,4.6869587898254395,25165824,0,49627520,74793344,1456180805,8119285377,/home/kubik/Diplodocus/diplodocus-project/experiments/runs/Hairball/cam1/ploc_emc1/repeat_00/stats.json
Hairball,cam1,1,ploc_emc1,gpu,1024,768,32,2,8,43,25,32,4,16,31.56633949279785,5.368298,7.812747,0.044559,2.358338,0.473387,0.47548,13.72763,0.471782,0.0,18.48279,5760003,2880001,2880002,1039.5592041015625,236250.125,5.1726298332214355,4.675632476806641,25165824,0,49627520,74793344,1456402147,8119991490,/home/kubik/Diplodocus/diplodocus-project/experiments/runs/Hairball/cam1/ploc_emc1/repeat_01/stats.json
Hairball,cam1,2,ploc_emc1,gpu,1024,768,32,2,8,44,25,32,4,16,31.483856201171875,5.385619,7.685987,0.033384,2.376218,0.473389,0.461923,13.793492,0.495675,0.0,18.578684,5760003,2880001,2880002,1039.5592041015625,236250.125,5.162872314453125,4.6804938316345215,25165824,0,49627520,74793344,1456217602,8119296883,/home/kubik/Diplodocus/diplodocus-project/experiments/runs/Hairball/cam1/ploc_emc1/repeat_02/stats.json
Hairball,cam1,3,ploc_emc1,gpu,1024,768,32,2,8,45,25,32,4,16,31.679832458496094,5.439466,7.772103,0.034781,2.429716,0.488476,0.475486,13.81926,0.506623,0.0,18.688484,5760003,2880001,2880002,1039.5592041015625,236250.125,5.1843581199646,4.701842308044434,25165824,0,49627520,74793344,1456212012,8119222328,/home/kubik/Diplodocus/diplodocus-project/experiments/runs/Hairball/cam1/ploc_emc1/repeat_03/stats.json
Hairball,cam1,4,ploc_emc1,gpu,1024,768,32,2,8,46,25,32,4,16,32.48810958862305,5.438977,7.562019,0.034851,2.412396,0.486312,0.473593,13.797817,0.500417,0.0,18.642614,5760003,2880001,2880002,1039.5592041015625,236250.125,5.201560974121094,4.712576389312744,25165824,0,49627520,74793344,1456171230,8119048165,/home/kubik/Diplodocus/diplodocus-project/experiments/runs/Hairball/cam1/ploc_emc1/repeat_04/stats.json
Hairball,cam1,0,ploc_emc2,gpu,1024,768,32,2,8,42,25,32,4,16,33.25510787963867,5.714572,7.785861,0.043861,2.603202,0.497195,0.48155,13.986678,0.507278,0.0,19.07862,5760003,2880001,2880002,1040.8841552734375,236250.125,5.038768768310547,4.550993919372559,25165824,0,49627520,74793344,1457738631,8062725590,/home/kubik/Diplodocus/diplodocus-project/experiments/runs/Hairball/cam1/ploc_emc2/repeat_00/stats.json
Hairball,cam1,1,ploc_emc2,gpu,1024,768,32,2,8,43,25,32,4,16,32.05369186401367,5.626502,7.699048,0.042883,2.656772,0.493785,0.489723,13.948462,0.533598,0.0,19.095808,5760003,2880001,2880002,1040.8841552734375,236250.125,5.052608966827393,4.565533638000488,25165824,0,49627520,74793344,1457920870,8063237398,/home/kubik/Diplodocus/diplodocus-project/experiments/runs/Hairball/cam1/ploc_emc2/repeat_01/stats.json
Hairball,cam1,2,ploc_emc2,gpu,1024,768,32,2,8,44,25,32,4,16,33.38934326171875,5.667778,7.955504,0.043511,2.590491,0.486584,0.49671,13.980663,0.512576,0.0,19.047824,5760003,2880001,2880002,1040.8841552734375,236250.125,5.053101539611816,4.568313121795654,25165824,0,49627520,74793344,1458007289,8063575040,/home/kubik/Diplodocus/diplodocus-project/experiments/runs/Hairball/cam1/ploc_emc2/repeat_02/stats.json
Hairball,cam1,3,ploc_emc2,gpu,1024,768,32,2,8,45,25,32,4,16,32.46841049194336,5.619239,7.819036,0.042045,2.612352,0.504043,0.498599,14.205692,0.523736,0.0,19.329604,5760003,2880001,2880002,1040.8841552734375,236250.125,5.062197208404541,4.565154075622559,25165824,0,49627520,74793344,1457963521,8063542201,/home/kubik/Diplodocus/diplodocus-project/experiments/runs/Hairball/cam1/ploc_emc2/repeat_03/stats.json
Hairball,cam1,4,ploc_emc2,gpu,1024,768,32,2,8,46,25,32,4,16,32.1182975769043,5.646966,7.812826,0.04854,2.606136,0.500133,0.489727,14.019144,0.497897,0.0,19.092428,5760003,2880001,2880002,1040.8841552734375,236250.125,5.062579154968262,4.574446201324463,25165824,0,49627520,74793344,1457918922,8063328223,/home/kubik/Diplodocus/diplodocus-project/experiments/runs/Hairball/cam1/ploc_emc2/repeat_04/stats.json
Hairball,cam1,0,ploc_sobb,gpu,1024,768,32,2,8,42,25,32,4,16,94.31041717529297,5.440165,9.991878,0.036178,2.404504,0.507882,0.493079,14.087379,0.532679,2.22962,19.174724,5760003,2880001,2880002,930.3137817382812,258750.140625,4.9650092124938965,4.379586696624756,25165824,0,49627520,74793344,426444896,5916280400,/home/kubik/Diplodocus/diplodocus-project/experiments/runs/Hairball/cam1/ploc_sobb/repeat_00/stats.json
Hairball,cam1,1,ploc_sobb,gpu,1024,768,32,2,8,43,25,32,4,16,93.61842346191406,5.390088,9.783957,0.034152,2.387183,0.500764,0.492943,14.108822,0.51717,2.182617,19.149134,5760003,2880001,2880002,930.3137817382812,258750.140625,4.92999792098999,4.345322608947754,25165824,0,49627520,74793344,426453795,5916305231,/home/kubik/Diplodocus/diplodocus-project/experiments/runs/Hairball/cam1/ploc_sobb/repeat_01/stats.json
Hairball,cam1,2,ploc_sobb,gpu,1024,768,32,2,8,44,25,32,4,16,93.99948120117188,5.378425,9.880063,0.034292,2.383481,0.511586,0.484632,14.085419,0.538543,2.235906,19.150468,5760003,2880001,2880002,930.3137817382812,258750.140625,4.982065200805664,4.385174751281738,25165824,0,49627520,74793344,426420784,5915822528,/home/kubik/Diplodocus/diplodocus-project/experiments/runs/Hairball/cam1/ploc_sobb/repeat_02/stats.json
Hairball,cam1,3,ploc_sobb,gpu,1024,768,32,2,8,45,25,32,4,16,94.26578521728516,5.37598,10.249525,0.036178,2.417145,0.493991,0.500271,14.035975,0.505312,2.432021,19.088816,5760003,2880001,2880002,930.3137817382812,258750.140625,4.9647536277771,4.382758140563965,25165824,0,49627520,74793344,426503326,5916294394,/home/kubik/Diplodocus/diplodocus-project/experiments/runs/Hairball/cam1/ploc_sobb/repeat_03/stats.json
Hairball,cam1,4,ploc_sobb,gpu,1024,768,32,2,8,46,25,32,4,16,95.52719116210938,5.409574,10.30728,0.03534,2.378103,0.50838,0.495599,14.077389,0.517585,2.479164,19.123712,5760003,2880001,2880002,930.3137817382812,258750.140625,4.940617084503174,4.355237007141113,25165824,0,49627520,74793344,426454207,5916271563,/home/kubik/Diplodocus/diplodocus-project/experiments/runs/Hairball/cam1/ploc_sobb/repeat_04/stats.json
Hairball,cam1,0,ploc_emc1_sobb,gpu,1024,768,32,2,8,42,25,32,4,16,94.30706024169922,5.395606,9.963308,0.035759,2.362948,0.499716,0.469548,13.903419,0.484135,2.363925,18.900782,5760003,2880001,2880002,926.6785278320312,258750.140625,4.970180988311768,4.375682830810547,25165824,0,49627520,74793344,425194566,5958917687,/home/kubik/Diplodocus/diplodocus-project/experiments/runs/Hairball/cam1/ploc_emc1_sobb/repeat_00/stats.json
Hairball,cam1,1,ploc_emc1_sobb,gpu,1024,768,32,2,8,43,25,32,4,16,95.64878845214844,5.479206,10.004021,0.035898,2.43258,0.501255,0.466827,13.793211,0.490838,2.404853,18.836188,5760003,2880001,2880002,926.6785278320312,258750.140625,4.992274761199951,4.403851509094238,25165824,0,49627520,74793344,425235756,5959251696,/home/kubik/Diplodocus/diplodocus-project/experiments/runs/Hairball/cam1/ploc_emc1_sobb/repeat_01/stats.json
Hairball,cam1,2,ploc_emc1_sobb,gpu,1024,768,32,2,8,44,25,32,4,16,93.5395736694336,5.410552,9.773546,0.035131,2.37964,0.507195,0.48582,13.897701,0.500759,2.227386,18.938928,5760003,2880001,2880002,926.6785278320312,258750.140625,4.935124397277832,4.352139949798584,25165824,0,49627520,74793344,425191364,5958873372,/home/kubik/Diplodocus/diplodocus-project/experiments/runs/Hairball/cam1/ploc_emc1_sobb/repeat_02/stats.json
Hairball,cam1,3,ploc_emc1_sobb,gpu,1024,768,32,2,8,45,25,32,4,16,94.14069366455078,5.451968,9.848567,0.033803,2.403456,0.48253,0.457528,14.676633,0.507736,2.413653,19.693884,5760003,2880001,2880002,926.6785278320312,258750.140625,4.9740495681762695,4.390798568725586,25165824,0,49627520,74793344,425214556,5958890954,/home/kubik/Diplodocus/diplodocus-project/experiments/runs/Hairball/cam1/ploc_emc1_sobb/repeat_03/stats.json
Hairball,cam1,4,ploc_emc1_sobb,gpu,1024,768,32,2,8,46,25,32,4,16,94.13783264160156,5.356215,9.547055,0.036597,2.359735,0.482815,0.469809,15.458437,0.508172,2.173538,20.43158,5760003,2880001,2880002,926.6785278320312,258750.140625,4.970073699951172,4.38112211227417,25165824,0,49627520,74793344,425230015,5958763262,/home/kubik/Diplodocus/diplodocus-project/experiments/runs/Hairball/cam1/ploc_emc1_sobb/repeat_04/stats.json
Hairball,cam1,0,ploc_emc2_sobb,gpu,1024,768,32,2,8,42,25,32,4,16,95.42605590820312,5.743417,9.86455,0.041974,2.630161,0.495176,0.481349,14.060215,0.500836,2.264611,19.339346,5760003,2880001,2880002,928.28271484375,258750.140625,4.7822184562683105,4.1938934326171875,25165824,0,49627520,74793344,423229601,5903229619,/home/kubik/Diplodocus/diplodocus-project/experiments/runs/Hairball/cam1/ploc_emc2_sobb/repeat_00/stats.json
Hairball,cam1,1,ploc_emc2_sobb,gpu,1024,768,32,2,8,43,25,32,4,16,93.74734497070312,5.561269,10.024846,0.041416,2.594752,0.489584,0.485327,14.029969,0.506634,2.349887,19.25537,5760003,2880001,2880002,928.28271484375,258750.140625,4.779529571533203,4.192198753356934,25165824,0,49627520,74793344,423237252,5903277235,/home/kubik/Diplodocus/diplodocus-project/experiments/runs/Hairball/cam1/ploc_emc2_sobb/repeat_01/stats.json
Hairball,cam1,2,ploc_emc2_sobb,gpu,1024,768,32,2,8,44,25,32,4,16,93.2020263671875,5.608204,9.602644,0.042464,2.593145,0.486377,0.477509,13.993371,0.502571,2.089937,19.199576,5760003,2880001,2880002,928.28271484375,258750.140625,4.780465602874756,4.191895484924316,25165824,0,49627520,74793344,423306350,5903630754,/home/kubik/Diplodocus/diplodocus-project/experiments/runs/Hairball/cam1/ploc_emc2_sobb/repeat_02/stats.json
Hairball,cam1,3,ploc_emc2_sobb,gpu,1024,768,32,2,8,45,25,32,4,16,95.6797866821289,5.709683,10.271101,0.042743,2.649577,0.492104,0.481211,13.972001,0.498453,2.483564,19.24581,5760003,2880001,2880002,928.28271484375,258750.140625,4.7677507400512695,4.176117897033691,25165824,0,49627520,74793344,423289548,5903626945,/home/kubik/Diplodocus/diplodocus-project/experiments/runs/Hairball/cam1/ploc_emc2_sobb/repeat_03/stats.json
Hairball,cam1,4,ploc_emc2_sobb,gpu,1024,768,32,2,8,46,25,32,4,16,94.03614044189453,5.655137,9.712511,0.042394,2.646853,0.508033,0.481132,13.922626,0.512633,2.265169,19.263244,5760003,2880001,2880002,928.28271484375,258750.140625,4.792997360229492,4.204289436340332,25165824,0,49627520,74793344,423257724,5903440931,/home/kubik/Diplodocus/diplodocus-project/experiments/runs/Hairball/cam1/ploc_emc2_sobb/repeat_04/stats.json
Hairball,cam2,0,ploc,gpu,1024,768,32,2,8,42,25,32,4,16,33.2891845703125,5.441911,8.014874,0.034432,2.402548,0.513759,0.492591,14.044984,0.506778,0.0,18.947124,5760003,2880001,2880002,1042.20361328125,236250.125,7.5222392082214355,7.035489082336426,25165824,0,100663296,125829120,3184007002,17033112608,/home/kubik/Diplodocus/diplodocus-project/experiments/runs/Hairball/cam2/ploc/repeat_00/stats.json
Hairball,cam2,1,ploc,gpu,1024,768,32,2,8,43,25,32,4,16,32.03678512573242,5.458253,7.805766,0.045606,2.43244,0.512842,0.499929,14.013133,0.502295,0.0,18.961898,5760003,2880001,2880002,1042.20361328125,236250.125,7.522323131561279,7.0346574783325195,25165824,0,100663296,125829120,3184342055,17034712062,/home/kubik/Diplodocus/diplodocus-project/experiments/runs/Hairball/cam2/ploc/repeat_01/stats.json
Hairball,cam2,2,ploc,gpu,1024,768,32,2,8,44,25,32,4,16,32.159149169921875,5.413135,7.973521,0.034851,2.383341,0.50063,0.496353,14.052382,0.516335,0.0,18.924316,5760003,2880001,2880002,1042.20361328125,236250.125,7.527410984039307,7.0377421379089355,25165824,0,100663296,125829120,3184310440,17034480663,/home/kubik/Diplodocus/diplodocus-project/experiments/runs/Hairball/cam2/ploc/repeat_02/stats.json
Hairball,cam2,3,ploc,gpu,1024,768,32,2,8,45,25,32,4,16,33.53348922729492,5.525021,7.932325,0.036388,2.416725,0.510821,0.495385,14.240414,0.524033,0.0,19.164258,5760003,2880001,2880002,1042.20361328125,236250.125,7.51545524597168,7.0269060134887695,25165824,0,100663296,125829120,3183970020,17033190883,/home/kubik/Diplodocus/diplodocus-project/experiments/runs/Hairball/cam2/ploc/repeat_03/stats.json
Hairball,cam2,4,ploc,gpu,1024,768,32,2,8,46,25,32,4,16,32.99612808227539,5.444913,7.759248,0.034292,2.417773,0.495313,0.487073,14.044222,0.507336,0.0,18.919036,5760003,2880001,2880002,1042.20361328125,236250.125,7.5090556144714355,7.021132469177246,25165824,0,100663296,125829120,3184736596,17036091785,/home/kubik/Diplodocus/diplodocus-project/experiments/runs/Hairball/cam2/ploc/repeat_04/stats.json
Hairball,cam2,0,ploc_emc1,gpu,1024,768,32,2,8,42,25,32,4,16,32.075897216796875,5.381008,8.119493,0.033803,2.370769,0.491618,0.476674,13.862343,0.517103,0.0,18.69476,5760003,2880001,2880002,1039.5592041015625,236250.125,7.551637172698975,7.067507743835449,25165824,0,100663296,125829120,3182270526,17225234070,/home/kubik/Diplodocus/diplodocus-project/experiments/runs/Hairball/cam2/ploc_emc1/repeat_00/stats.json
Hairball,cam2,1,ploc_emc1,gpu,1024,768,32,2,8,43,25,32,4,16,31.620389938354492,5.395396,7.852569,0.033384,2.389697,0.496775,0.489874,13.74886,0.489172,0.0,18.584056,5760003,2880001,2880002,1039.5592041015625,236250.125,7.57021951675415,7.0822577476501465,25165824,0,100663296,125829120,3182730705,17227323847,/home/kubik/Diplodocus/diplodocus-project/experiments/runs/Hairball/cam2/ploc_emc1/repeat_01/stats.json
Hairball,cam2,2,ploc_emc1,gpu,1024,768,32,2,8,44,25,32,4,16,31.354433059692383,5.3493,7.631785,0.033594,2.392909,0.483089,0.461786,13.745299,0.488123,0.0,18.532012,5760003,2880001,2880002,1039.5592041015625,236250.125,7.563477039337158,7.07784366607666,25165824,0,100663296,125829120,3182637386,17226679746,/home/kubik/Diplodocus/diplodocus-project/experiments/runs/Hairball/cam2/ploc_emc1/repeat_02/stats.json
Hairball,cam2,3,ploc_emc1,gpu,1024,768,32,2,8,45,25,32,4,16,31.54894256591797,5.412158,7.744863,0.033873,2.396541,0.471013,0.462204,13.804377,0.481973,0.0,18.588368,5760003,2880001,2880002,1039.5592041015625,236250.125,7.569484233856201,7.0784993171691895,25165824,0,100663296,125829120,3182153100,17225301758,/home/kubik/Diplodocus/diplodocus-project/experiments/runs/Hairball/cam2/ploc_emc1/repeat_03/stats.json
Hairball,cam2,4,ploc_emc1,gpu,1024,768,32,2,8,46,25,32,4,16,31.354293823242188,5.407129,7.541206,0.034362,2.416307,0.493153,0.473171,13.794685,0.483657,0.0,18.636928,5760003,2880001,2880002,1039.5592041015625,236250.125,7.568492889404297,7.0800065994262695,25165824,0,100663296,125829120,3182954607,17228345746,/home/kubik/Diplodocus/diplodocus-project/experiments/runs/Hairball/cam2/ploc_emc1/repeat_04/stats.json
Hairball,cam2,0,ploc_emc2,gpu,1024,768,32,2,8,42,25,32,4,16,31.969247817993164,5.598215,7.639329,0.04386,2.600478,0.491543,0.486662,13.974233,0.4979,0.0,19.032936,5760003,2880001,2880002,1040.8841552734375,236250.125,7.920365810394287,7.42852258682251,25165824,0,100663296,125829120,3248749626,17978505374,/home/kubik/Diplodocus/diplodocus-project/experiments/runs/Hairball/cam2/ploc_emc2/repeat_00/stats.json
Hairball,cam2,1,ploc_emc2,gpu,1024,768,32,2,8,43,25,32,4,16,32.51750564575195,5.602685,8.017949,0.043162,2.600269,0.512633,0.484414,14.025082,0.502653,0.0,19.111282,5760003,2880001,2880002,1040.8841552734375,236250.125,7.924142360687256,7.432580471038818,25165824,0,100663296,125829120,3249277998,17980653653,/home/kubik/Diplodocus/diplodocus-project/experiments/runs/Hairball/cam2/ploc_emc2/repeat_01/stats.json
Hairball,cam2,2,ploc_emc2,gpu,1024,768,32,2,8,44,25,32,4,16,33.56973648071289,5.655066,7.984707,0.044489,2.594472,0.593648,0.485879,14.022496,0.503416,0.0,19.21149,5760003,2880001,2880002,1040.8841552734375,236250.125,7.932097911834717,7.440633773803711,25165824,0,100663296,125829120,3249304689,17980363020,/home/kubik/Diplodocus/diplodocus-project/experiments/runs/Hairball/cam2/ploc_emc2/repeat_02/stats.json
Hairball,cam2,3,ploc_emc2,gpu,1024,768,32,2,8,45,25,32,4,16,32.15586471557617,5.631948,7.813373,0.050146,2.60872,0.489182,0.484486,14.019974,0.498391,0.0,19.094044,5760003,2880001,2880002,1040.8841552734375,236250.125,7.931309223175049,7.431940078735352,25165824,0,100663296,125829120,3248511811,17978235932,/home/kubik/Diplodocus/diplodocus-project/experiments/runs/Hairball/cam2/ploc_emc2/repeat_03/stats.json
Hairball,cam2,4,ploc_emc2,gpu,1024,768,32,2,8,46,25,32,4,16,32.22367858886719,5.637955,7.867793,0.04421,2.579177,0.491043,0.483023,13.97717,0.514458,0.0,19.0802,5760003,2880001,2880002,1040.8841552734375,236250.125,7.931656360626221,7.442103862762451,25165824,0,100663296,125829120,3249488475,17981479967,/home/kubik/Diplodocus/diplodocus-project/experiments/runs/Hairball/cam2/ploc_emc2/repeat_04/stats.json
Hairball,cam2,0,ploc_sobb,gpu,1024,768,32,2,8,42,25,32,4,16,93.057861328125,5.424729,9.642029,0.034572,2.436491,0.499238,0.490151,14.033673,0.510396,2.108654,19.09755,5760003,2880001,2880002,930.3137817382812,258750.140625,7.0466413497924805,6.463744640350342,25165824,0,100663296,125829120,874802827,12036330365,/home/kubik/Diplodocus/diplodocus-project/experiments/runs/Hairball/cam2/ploc_sobb/repeat_00/stats.json
Hairball,cam2,1,ploc_sobb,gpu,1024,768,32,2,8,43,25,32,4,16,92.06331634521484,5.390855,9.641553,0.035689,2.381875,0.51711,0.481626,14.073687,0.520941,2.082673,19.120356,5760003,2880001,2880002,930.3137817382812,258750.140625,7.051626205444336,6.466640472412109,25165824,0,100663296,125829120,874904108,12037388546,/home/kubik/Diplodocus/diplodocus-project/experiments/runs/Hairball/cam2/ploc_sobb/repeat_01/stats.json
Hairball,cam2,2,ploc_sobb,gpu,1024,768,32,2,8,44,25,32,4,16,92.23323822021484,5.381147,9.604952,0.034851,2.425456,0.501472,0.487504,14.099309,0.511446,2.086864,19.171504,5760003,2880001,2880002,930.3137817382812,258750.140625,7.059299945831299,6.468307971954346,25165824,0,100663296,125829120,874923151,12037299599,/home/kubik/Diplodocus/diplodocus-project/experiments/runs/Hairball/cam2/ploc_sobb/repeat_02/stats.json
Hairball,cam2,3,ploc_sobb,gpu,1024,768,32,2,8,45,25,32,4,16,94.12321472167969,5.377306,10.204749,0.033873,2.372306,0.50048,0.485053,14.052674,0.519347,2.437258,19.080228,5760003,2880001,2880002,930.3137817382812,258750.140625,7.058250904083252,6.47072172164917,25165824,0,100663296,125829120,874850642,12036587866,/home/kubik/Diplodocus/diplodocus-project/experiments/runs/Hairball/cam2/ploc_sobb/repeat_03/stats.json
Hairball,cam2,4,ploc_sobb,gpu,1024,768,32,2,8,46,25,32,4,16,93.86654663085938,5.37605,9.821044,0.03527,2.393049,0.508925,0.487846,14.0019,0.506769,2.155308,19.028944,5760003,2880001,2880002,930.3137817382812,258750.140625,7.049412727355957,6.466286659240723,25165824,0,100663296,125829120,874963583,12038170292,/home/kubik/Diplodocus/diplodocus-project/experiments/runs/Hairball/cam2/ploc_sobb/repeat_04/stats.json
Hairball,cam2,0,ploc_emc1_sobb,gpu,1024,768,32,2,8,42,25,32,4,16,93.09591674804688,5.382125,9.867207,0.033873,2.409601,0.476653,0.510894,13.79349,0.485185,2.362947,18.819634,5760003,2880001,2880002,926.6785278320312,258750.140625,7.052431583404541,6.475769996643066,25165824,0,100663296,125829120,864716180,12229073501,/home/kubik/Diplodocus/diplodocus-project/experiments/runs/Hairball/cam2/ploc_emc1_sobb/repeat_00/stats.json
Hairball,cam2,1,ploc_emc1_sobb,gpu,1024,768,32,2,8,43,25,32,4,16,93.95957946777344,5.407617,9.866089,0.035689,2.377683,0.493927,0.463401,13.858009,0.477776,2.323347,18.826048,5760003,2880001,2880002,926.6785278320312,258750.140625,7.07627534866333,6.476938724517822,25165824,0,100663296,125829120,864837142,12230435440,/home/kubik/Diplodocus/diplodocus-project/experiments/runs/Hairball/cam2/ploc_emc1_sobb/repeat_01/stats.json
Hairball,cam2,2,ploc_emc1_sobb,gpu,1024,768,32,2,8,44,25,32,4,16,94.64653778076172,5.415789,10.061719,0.035131,2.420427,0.478701,0.469474,13.79739,0.486026,2.443824,18.793584,5760003,2880001,2880002,926.6785278320312,258750.140625,7.067597389221191,6.482000827789307,25165824,0,100663296,125829120,864831669,12230066397,/home/kubik/Diplodocus/diplodocus-project/experiments/runs/Hairball/cam2/ploc_emc1_sobb/repeat_02/stats.json
Hairball,cam2,3,ploc_emc1_sobb,gpu,1024,768,32,2,8,45,25,32,4,16,92.28016662597656,5.357751,9.694062,0.033454,2.372515,0.473663,0.46299,13.787965,0.499933,2.231715,18.763492,5760003,2880001,2880002,926.6785278320312,258750.140625,7.062765121459961,6.470269203186035,25165824,0,100663296,125829120,864735114,12229485629,/home/kubik/Diplodocus/diplodocus-project/experiments/runs/Hairball/cam2/ploc_emc1_sobb/repeat_03/stats.json
Hairball,cam2,4,ploc_emc1_sobb,gpu,1024,768,32,2,8,46,25,32,4,16,93.01469421386719,5.370113,9.789678,0.034571,2.37929,0.476181,0.464937,13.793892,0.490774,2.373772,18.792192,5760003,2880001,2880002,926.6785278320312,258750.140625,7.074551582336426,6.473853588104248,25165824,0,100663296,125829120,864824631,12231038764,/home/kubik/Diplodocus/diplodocus-project/experiments/runs/Hairball/cam2/ploc_emc1_sobb/repeat_04/stats.json
Hairball,cam2,0,ploc_emc2_sobb,gpu,1024,768,32,2,8,42,25,32,4,16,96.39418029785156,5.649758,10.151816,0.043232,2.609697,0.510537,0.487139,14.002867,0.506554,2.405341,19.264988,5760003,2880001,2880002,928.28271484375,258750.140625,7.233093738555908,6.64113712310791,25165824,0,100663296,125829120,884250735,12685921784,/home/kubik/Diplodocus/diplodocus-project/experiments/runs/Hairball/cam2/ploc_emc2_sobb/repeat_00/stats.json
Hairball,cam2,1,ploc_emc2_sobb,gpu,1024,768,32,2,8,43,25,32,4,16,92.26969146728516,5.574538,9.544253,0.043441,2.600967,0.51788,0.490785,13.981566,0.506003,2.090984,19.242816,5760003,2880001,2880002,928.28271484375,258750.140625,7.235867023468018,6.651699066162109,25165824,0,100663296,125829120,884353826,12687215829,/home/kubik/Diplodocus/diplodocus-project/experiments/runs/Hairball/cam2/ploc_emc2_sobb/repeat_01/stats.json
Hairball,cam2,2,ploc_emc2_sobb,gpu,1024,768,32,2,8,44,25,32,4,16,95.83894348144531,5.651015,10.262776,0.043092,2.595799,0.493573,0.475344,13.945597,0.495873,2.52037,19.192376,5760003,2880001,2880002,928.28271484375,258750.140625,7.219882011413574,6.6320390701293945,25165824,0,100663296,125829120,884341590,12686822533,/home/kubik/Diplodocus/diplodocus-project/experiments/runs/Hairball/cam2/ploc_emc2_sobb/repeat_02/stats.json
Hairball,cam2,3,ploc_emc2_sobb,gpu,1024,768,32,2,8,45,25,32,4,16,92.91460418701172,5.571326,9.857154,0.045886,2.584834,0.492381,0.48149,13.95293,0.50649,2.276484,19.175962,5760003,2880001,2880002,928.28271484375,258750.140625,7.224952697753906,6.641945838928223,25165824,0,100663296,125829120,884192679,12685993813,/home/kubik/Diplodocus/diplodocus-project/experiments/runs/Hairball/cam2/ploc_emc2_sobb/repeat_03/stats.json
Hairball,cam2,4,ploc_emc2_sobb,gpu,1024,768,32,2,8,46,25,32,4,16,93.48834991455078,5.634741,9.643849,0.043511,2.578967,0.521225,0.4912,13.991622,0.500332,2.14113,19.261224,5760003,2880001,2880002,928.28271484375,258750.140625,7.2387919425964355,6.648630142211914,25165824,0,100663296,125829120,884320630,12687536385,/home/kubik/Diplodocus/diplodocus-project/experiments/runs/Hairball/cam2/ploc_emc2_sobb/repeat_04/stats.json
Rungholt,cam0,0,ploc,gpu,1024,768,32,2,8,42,25,32,4,16,41.57817459106445,9.952831,7.986928,0.038134,4.684338,0.226221,0.221255,20.247256,0.236204,0.0,27.40738,11630891,5815445,5815446,162.11241149902344,477048.28125,1.409368634223938,0.5243782997131348,25165824,1729225,60766056,87660100,199449994,3531407641,/home/kubik/Diplodocus/diplodocus-project/experiments/runs/Rungholt/cam0/ploc/repeat_00/stats.json
Rungholt,cam0,1,ploc,gpu,1024,768,32,2,8,43,25,32,4,16,43.249271392822266,10.011568,8.274402,0.036318,4.662338,0.232709,0.222441,20.33316,0.235928,0.0,27.502448,11630891,5815445,5815446,162.11241149902344,477048.28125,1.4050031900405884,0.5251988768577576,25165824,1729195,60765912,87659921,199452384,3531497679,/home/kubik/Diplodocus/diplodocus-project/experiments/runs/Rungholt/cam0/ploc/repeat_01/stats.json
Rungholt,cam0,2,ploc,gpu,1024,768,32,2,8,44,25,32,4,16,42.04709243774414,10.161308,7.823295,0.037086,4.644739,0.229003,0.223779,20.590378,0.245425,0.0,27.877016,11630891,5815445,5815446,162.11241149902344,477048.28125,1.4076671600341797,0.5283330678939819,25165824,1729183,60765844,87659839,199459299,3531522589,/home/kubik/Diplodocus/diplodocus-project/experiments/runs/Rungholt/cam0/ploc/repeat_02/stats.json
Rungholt,cam0,3,ploc,gpu,1024,768,32,2,8,45,25,32,4,16,44.191993713378906,10.05473,8.978053,0.036317,4.676307,0.230609,0.23097,20.609594,0.235927,0.0,27.79874,11630891,5815445,5815446,162.11241149902344,477048.28125,1.408821940422058,0.5247562527656555,25165824,1729124,60765620,87659559,199453516,3531414736,/home/kubik/Diplodocus/diplodocus-project/experiments/runs/Rungholt/cam0/ploc/repeat_03/stats.json
Rungholt,cam0,4,ploc,gpu,1024,768,32,2,8,46,25,32,4,16,43.15296173095703,10.042857,9.447662,0.03527,4.667716,0.226847,0.219931,20.218144,0.233201,0.0,27.363648,11630891,5815445,5815446,162.11241149902344,477048.28125,1.4203875064849854,0.5239463448524475,25165824,1729214,60765980,87660009,199451873,3531493571,/home/kubik/Diplodocus/diplodocus-project/experiments/runs/Rungholt/cam0/ploc/repeat_04/stats.json
Rungholt,cam0,0,ploc_emc1,gpu,1024,768,32,2,8,42,25,32,4,16,44.25345230102539,10.033777,9.393811,0.035759,4.672047,0.242915,0.226009,20.236018,0.245703,0.0,27.465944,11630891,5815445,5815446,160.64422607421875,477048.28125,1.4120738506317139,0.5320615768432617,25165824,1729225,60766056,87660100,201445921,3614269306,/home/kubik/Diplodocus/diplodocus-project/experiments/runs/Rungholt/cam0/ploc_emc1/repeat_00/stats.json
Rungholt,cam0,1,ploc_emc1,gpu,1024,768,32,2,8,43,25,32,4,16,42.814231872558594,9.995435,7.824969,0.036038,4.678542,0.230549,0.226007,20.417258,0.267771,0.0,27.634208,11630891,5815445,5815446,160.64422607421875,477048.28125,1.4100414514541626,0.5332883596420288,25165824,1729195,60765912,87659921,201447813,3614343268,/home/kubik/Diplodocus/diplodocus-project/experiments/runs/Rungholt/cam0/ploc_emc1/repeat_01/stats.json
Rungholt,cam0,2,ploc_emc1,gpu,1024,768,32,2,8,44,25,32,4,16,43.354244232177734,10.035663,8.240669,0.036387,4.706199,0.247235,0.228802,20.528364,0.237118,0.0,27.747272,11630891,5815445,5815446,160.64422607421875,477048.28125,1.4193105697631836,0.5342628955841064,25165824,1729183,60765844,87659839,201451252,3614345000,/home/kubik/Diplodocus/diplodocus-project/experiments/runs/Rungholt/cam0/ploc_emc1/repeat_02/stats.json
Rungholt,cam0,3,ploc_emc1,gpu,1024,768,32,2,8,45,25,32,4,16,43.088008880615234,10.042926,9.012,0.03534,4.686015,0.235082,0.225103,20.490092,0.245072,0.0,27.699412,11630891,5815445,5815446,160.64422607421875,477048.28125,1.411363124847412,0.5341777205467224,25165824,1729124,60765620,87659559,201449102,3614243438,/home/kubik/Diplodocus/diplodocus-project/experiments/runs/Rungholt/cam0/ploc_emc1/repeat_03/stats.json
Rungholt,cam0,4,ploc_emc1,gpu,1024,768,32,2,8,46,25,32,4,16,42.38938522338867,10.009123,8.254075,0.035339,4.649558,0.238234,0.228106,20.65164,0.240111,0.0,27.880868,11630891,5815445,5815446,160.64422607421875,477048.28125,1.4202688932418823,0.5360724329948425,25165824,1729214,60765980,87660009,201449005,3614283440,/home/kubik/Diplodocus/diplodocus-project/experiments/runs/Rungholt/cam0/ploc_emc1/repeat_04/stats.json
Rungholt,cam0,0,ploc_emc2,gpu,1024,768,32,2,8,42,25,32,4,16,43.72733688354492,10.452128,8.409472,0.045537,5.094727,0.236629,0.233903,20.30836,0.246465,0.0,27.92767,11630891,5815445,5815446,162.26486206054688,477048.28125,1.3924586772918701,0.5047513842582703,25165824,1729225,60766056,87660100,198054326,3638188361,/home/kubik/Diplodocus/diplodocus-project/experiments/runs/Rungholt/cam0/ploc_emc2/repeat_00/stats.json
Rungholt,cam0,1,ploc_emc2,gpu,1024,768,32,2,8,43,25,32,4,16,42.39741516113281,10.43788,8.350666,0.045328,5.107997,0.243328,0.232428,20.13781,0.244024,0.0,27.80607,11630891,5815445,5815446,162.26486206054688,477048.28125,1.381813406944275,0.5031968355178833,25165824,1729195,60765912,87659921,198057479,3638229652,/home/kubik/Diplodocus/diplodocus-project/experiments/runs/Rungholt/cam0/ploc_emc2/repeat_01/stats.json
Rungholt,cam0,2,ploc_emc2,gpu,1024,768,32,2,8,44,25,32,4,16,43.89712142944336,10.531468,8.343334,0.052102,5.095146,0.253172,0.241999,20.418644,0.256177,0.0,28.115872,11630891,5815445,5815446,162.26486206054688,477048.28125,1.4024571180343628,0.5060805678367615,25165824,1729183,60765844,87659839,198060096,3638282358,/home/kubik/Diplodocus/diplodocus-project/experiments/runs/Rungholt/cam0/ploc_emc2/repeat_02/stats.json
Rungholt,cam0,3,ploc_emc2,gpu,1024,768,32,2,8,45,25,32,4,16,43.416263580322266,10.44249,7.897534,0.044838,5.054568,0.247097,0.237539,20.4433,0.282645,0.0,28.099466,11630891,5815445,5815446,162.26486206054688,477048.28125,1.3910497426986694,0.5037747025489807,25165824,1729124,60765620,87659559,198054643,3638150268,/home/kubik/Diplodocus/diplodocus-project/experiments/runs/Rungholt/cam0/ploc_emc2/repeat_03/stats.json
Rungholt,cam0,4,ploc_emc2,gpu,1024,768,32,2,8,46,25,32,4,16,42.55735397338867,10.475106,8.377348,0.044629,5.082226,0.242001,0.235994,20.213594,0.25101,0.0,27.831196,11630891,5815445,5815446,162.26486206054688,477048.28125,1.3873298168182373,0.5048670768737793,25165824,1729214,60765980,87660009,198054087,3638236776,/home/kubik/Diplodocus/diplodocus-project/experiments/runs/Rungholt/cam0/ploc_emc2/repeat_04/stats.json
Rungholt,cam0,0,ploc_sobb,gpu,1024,768,32,2,8,42,25,32,4,16,154.82028198242188,10.016876,11.112129,0.036108,4.658357,0.224128,0.223211,20.566348,0.240533,3.252937,27.892468,11630891,5815445,5815446,240.0121307373047,522481.4375,2.0649514198303223,1.004600167274475,25165824,1729225,60766056,87660100,178896999,3476981913,/home/kubik/Diplodocus/diplodocus-project/experiments/runs/Rungholt/cam0/ploc_sobb/repeat_00/stats.json
Rungholt,cam0,1,ploc_sobb,gpu,1024,768,32,2,8,43,25,32,4,16,154.2235565185547,9.947593,11.342335,0.035479,4.668973,0.222239,0.217064,20.311586,0.242911,3.267534,27.663084,11630891,5815445,5815446,240.0121307373047,522481.4375,2.0830914974212646,1.0111217498779297,25165824,1729195,60765912,87659921,178901573,3477071743,/home/kubik/Diplodocus/diplodocus-project/experiments/runs/Rungholt/cam0/ploc_sobb/repeat_01/stats.json
Rungholt,cam0,2,ploc_sobb,gpu,1024,768,32,2,8,44,25,32,4,16,155.04489135742188,9.99313,10.844139,0.034851,4.67505,0.22832,0.219301,20.182088,0.229918,3.275496,27.503446,11630891,5815445,5815446,240.0121307373047,522481.4375,2.0717360973358154,1.0128289461135864,25165824,1729183,60765844,87659839,178905142,3477099739,/home/kubik/Diplodocus/diplodocus-project/experiments/runs/Rungholt/cam0/ploc_sobb/repeat_02/stats.json
Rungholt,cam0,3,ploc_sobb,gpu,1024,768,32,2,8,45,25,32,4,16,156.13525390625,10.036641,12.294062,0.036108,4.691462,0.232362,0.22978,20.603236,0.239206,3.272703,27.968868,11630891,5815445,5815446,240.0121307373047,522481.4375,2.0836522579193115,1.0108572244644165,25165824,1729124,60765620,87659559,178898027,3476985287,/home/kubik/Diplodocus/diplodocus-project/experiments/runs/Rungholt/cam0/ploc_sobb/repeat_03/stats.json
Rungholt,cam0,4,ploc_sobb,gpu,1024,768,32,2,8,46,25,32,4,16,153.54672241210938,9.99718,11.090894,0.037156,4.674421,0.23041,0.237885,20.589548,0.232223,3.263903,27.936116,11630891,5815445,5815446,240.0121307373047,522481.4375,2.0773262977600098,1.007042646408081,25165824,1729214,60765980,87660009,178899970,3477072479,/home/kubik/Diplodocus/diplodocus-project/experiments/runs/Rungholt/cam0/ploc_sobb/repeat_04/stats.json
Rungholt,cam0,0,ploc_emc1_sobb,gpu,1024,768,32,2,8,42,25,32,4,16,153.54119873046875,10.002139,10.900579,0.037156,4.671976,0.232926,0.22447,20.470322,0.237742,3.271236,27.830388,11630891,5815445,5815446,237.94862365722656,522481.4375,2.086503505706787,1.0259127616882324,25165824,1729225,60766056,87660100,180355365,3562009424,/home/kubik/Diplodocus/diplodocus-project/experiments/runs/Rungholt/cam0/ploc_emc1_sobb/repeat_00/stats.json
Rungholt,cam0,1,ploc_emc1_sobb,gpu,1024,768,32,2,8,43,25,32,4,16,155.21990966796875,10.020577,12.462161,0.042813,4.66157,0.241101,0.227053,20.151008,0.234036,3.275636,27.526836,11630891,5815445,5815446,237.94862365722656,522481.4375,2.0885491371154785,1.0227880477905273,25165824,1729195,60765912,87659921,180358146,3562075298,/home/kubik/Diplodocus/diplodocus-project/experiments/runs/Rungholt/cam0/ploc_emc1_sobb/repeat_01/stats.json
Rungholt,cam0,2,ploc_emc1_sobb,gpu,1024,768,32,2,8,44,25,32,4,16,155.7606201171875,10.031752,11.978159,0.036248,4.651443,0.245706,0.228656,20.458254,0.243954,3.26509,27.81724,11630891,5815445,5815446,237.94862365722656,522481.4375,2.0899667739868164,1.020630955696106,25165824,1729183,60765844,87659839,180360146,3562079633,/home/kubik/Diplodocus/diplodocus-project/experiments/runs/Rungholt/cam0/ploc_emc1_sobb/repeat_02/stats.json
Rungholt,cam0,3,ploc_emc1_sobb,gpu,1024,768,32,2,8,45,25,32,4,16,154.9644317626953,10.04551,11.109543,0.036247,4.682732,0.237114,0.239209,20.595766,0.254508,3.263064,27.989118,11630891,5815445,5815446,237.94862365722656,522481.4375,2.1009554862976074,1.0273646116256714,25165824,1729124,60765620,87659559,180356607,3561976945,/home/kubik/Diplodocus/diplodocus-project/experiments/runs/Rungholt/cam0/ploc_emc1_sobb/repeat_03/stats.json
Rungholt,cam0,4,ploc_emc1_sobb,gpu,1024,768,32,2,8,46,25,32,4,16,155.68576049804688,10.033987,11.413,0.036667,4.661221,0.237678,0.235226,20.388404,0.242834,3.261458,27.771076,11630891,5815445,5815446,237.94862365722656,522481.4375,2.0901780128479004,1.0271673202514648,25165824,1729214,60765980,87660009,180357011,3562019477,/home/kubik/Diplodocus/diplodocus-project/experiments/runs/Rungholt/cam0/ploc_emc1_sobb/repeat_04/stats.json
Rungholt,cam0,0,ploc_emc2_sobb,gpu,1024,768,32,2,8,42,25,32,4,16,154.7141876220703,10.408546,11.462941,0.044279,5.080339,0.257087,0.235855,20.1983,0.248288,3.265997,28.002112,11630891,5815445,5815446,240.3934783935547,522481.4375,2.0337562561035156,0.9787339568138123,25165824,1729225,60766056,87660100,178183472,3572620437,/home/kubik/Diplodocus/diplodocus-project/experiments/runs/Rungholt/cam0/ploc_emc2_sobb/repeat_00/stats.json
Rungholt,cam0,1,ploc_emc2_sobb,gpu,1024,768,32,2,8,43,25,32,4,16,155.88327026367188,10.526928,11.431588,0.04875,5.073146,0.247729,0.238018,20.249572,0.255411,3.271235,28.101352,11630891,5815445,5815446,240.3934783935547,522481.4375,2.036170244216919,0.9694936871528625,25165824,1729195,60765912,87659921,178188807,3572661104,/home/kubik/Diplodocus/diplodocus-project/experiments/runs/Rungholt/cam0/ploc_emc2_sobb/repeat_01/stats.json
Rungholt,cam0,2,ploc_emc2_sobb,gpu,1024,768,32,2,8,44,25,32,4,16,155.77655029296875,10.47301,11.421249,0.043512,5.109952,0.241094,0.236272,20.340496,0.247801,3.270816,28.16554,11630891,5815445,5815446,240.3934783935547,522481.4375,2.047053098678589,0.9829328656196594,25165824,1729183,60765844,87659839,178190166,3572705120,/home/kubik/Diplodocus/diplodocus-project/experiments/runs/Rungholt/cam0/ploc_emc2_sobb/repeat_02/stats.json
Rungholt,cam0,3,ploc_emc2_sobb,gpu,1024,768,32,2,8,45,25,32,4,16,157.31138610839844,10.444236,13.570202,0.045397,5.0626,0.242628,0.232226,20.216254,0.255969,4.347492,28.02908,11630891,5815445,5815446,240.3934783935547,522481.4375,2.0612847805023193,0.9709433317184448,25165824,1729124,60765620,87659559,178184828,3572579878,/home/kubik/Diplodocus/diplodocus-project/experiments/runs/Rungholt/cam0/ploc_emc2_sobb/repeat_03/stats.json
Rungholt,cam0,4,ploc_emc2_sobb,gpu,1024,768,32,2,8,46,25,32,4,16,155.93153381347656,10.482649,11.483061,0.045747,5.076708,0.250383,0.237037,20.099596,0.246187,3.289115,27.94119,11630891,5815445,5815446,240.3934783935547,522481.4375,2.0319302082061768,0.9695895910263062,25165824,1729214,60765980,87660009,178183605,3572665561,/home/kubik/Diplodocus/diplodocus-project/experiments/runs/Rungholt/cam0/ploc_emc2_sobb/repeat_04/stats.json
Rungholt,cam1,0,ploc,gpu,1024,768,32,2,8,42,25,32,4,16,41.361385345458984,10.015897,7.598124,0.037226,4.697957,0.230052,0.221888,20.287008,0.237599,0.0,27.472478,11630891,5815445,5815446,162.11241149902344,477048.28125,2.3490545749664307,1.4675259590148926,25165824,1015922,101293336,127466146,394623517,6977212515,/home/kubik/Diplodocus/diplodocus-project/experiments/runs/Rungholt/cam1/ploc/repeat_00/stats.json
Rungholt,cam1,1,ploc,gpu,1024,768,32,2,8,43,25,32,4,16,42.1510124206543,10.014221,8.159856,0.037295,4.702497,0.226918,0.221186,20.57466,0.236134,0.0,27.7911,11630891,5815445,5815446,162.11241149902344,477048.28125,2.3449316024780273,1.4700783491134644,25165824,1016512,101295592,127468968,394627094,6977178353,/home/kubik/Diplodocus/diplodocus-project/experiments/runs/Rungholt/cam1/ploc/repeat_01/stats.json
Rungholt,cam1,2,ploc,gpu,1024,768,32,2,8,44,25,32,4,16,42.94538879394531,10.062691,8.220833,0.036248,4.689088,0.228659,0.233757,20.147664,0.229358,0.0,27.321304,11630891,5815445,5815446,162.11241149902344,477048.28125,2.3553943634033203,1.4695974588394165,25165824,1016312,101294780,127467950,394621867,6976985005,/home/kubik/Diplodocus/diplodocus-project/experiments/runs/Rungholt/cam1/ploc/repeat_02/stats.json
Rungholt,cam1,3,ploc,gpu,1024,768,32,2,8,45,25,32,4,16,43.23788833618164,10.016875,9.293249,0.038063,4.66597,0.226074,0.220488,20.405808,0.231736,0.0,27.578036,11630891,5815445,5815446,162.11241149902344,477048.28125,2.347824811935425,1.4719096422195435,25165824,1016359,101294948,127468162,394626558,6976951231,/home/kubik/Diplodocus/diplodocus-project/experiments/runs/Rungholt/cam1/ploc/repeat_03/stats.json
Rungholt,cam1,4,ploc,gpu,1024,768,32,2,8,46,25,32,4,16,41.752986907958984,9.939002,8.268249,0.036387,4.687691,0.229705,0.220569,20.134736,0.232359,0.0,27.298172,11630891,5815445,5815446,162.11241149902344,477048.28125,2.351300001144409,1.4698737859725952,25165824,1016291,101294768,127467934,394606185,6976983163,/home/kubik/Diplodocus/diplodocus-project/experiments/runs/Rungholt/cam1/ploc/repeat_04/stats.json
Rungholt,cam1,0,ploc_emc1,gpu,1024,768,32,2,8,42,25,32,4,16,42.62398147583008,10.028259,7.641842,0.036248,4.678751,0.235433,0.229573,20.386588,0.239347,0.0,27.566934,11630891,5815445,5815446,160.64422607421875,477048.28125,2.3721981048583984,1.4744133949279785,25165824,1015954,101293464,127466306,392801844,7033970873,/home/kubik/Diplodocus/diplodocus-project/experiments/runs/Rungholt/cam1/ploc_emc1/repeat_00/stats.json
Rungholt,cam1,1,ploc_emc1,gpu,1024,768,32,2,8,43,25,32,4,16,43.019561767578125,10.024698,9.336203,0.036177,4.689577,0.247237,0.233406,20.113584,0.236979,0.0,27.339032,11630891,5815445,5815446,160.64422607421875,477048.28125,2.347569465637207,1.4754621982574463,25165824,1016544,101295720,127469128,392802714,7033942790,/home/kubik/Diplodocus/diplodocus-project/experiments/runs/Rungholt/cam1/ploc_emc1/repeat_01/stats.json
Rungholt,cam1,2,ploc_emc1,gpu,1024,768,32,2,8,44,25,32,4,16,42.05113983154297,9.907783,8.213426,0.036667,4.672466,0.232434,0.220495,20.497556,0.241864,0.0,27.685468,11630891,5815445,5815446,160.64422607421875,477048.28125,2.3529186248779297,1.4801716804504395,25165824,1016344,101294908,127468110,392801708,7033645295,/home/kubik/Diplodocus/diplodocus-project/experiments/runs/Rungholt/cam1/ploc_emc1/repeat_02/stats.json
Rungholt,cam1,3,ploc_emc1,gpu,1024,768,32,2,8,45,25,32,4,16,42.56747817993164,10.023999,8.796953,0.037016,4.693837,0.248149,0.226848,20.25411,0.240323,0.0,27.454142,11630891,5815445,5815446,160.64422607421875,477048.28125,2.3621833324432373,1.4745278358459473,25165824,1016391,101295076,127468322,392807448,7033741656,/home/kubik/Diplodocus/diplodocus-project/experiments/runs/Rungholt/cam1/ploc_emc1/repeat_03/stats.json
Rungholt,cam1,4,ploc_emc1,gpu,1024,768,32,2,8,46,25,32,4,16,43.03492736816406,9.983282,8.271463,0.035689,4.664504,0.247939,0.222237,20.21282,0.237949,0.0,27.383672,11630891,5815445,5815446,160.64422607421875,477048.28125,2.354459047317505,1.4766688346862793,25165824,1016323,101294896,127468094,392794980,7033776821,/home/kubik/Diplodocus/diplodocus-project/experiments/runs/Rungholt/cam1/ploc_emc1/repeat_04/stats.json
Rungholt,cam1,0,ploc_emc2,gpu,1024,768,32,2,8,42,25,32,4,16,43.49029541015625,10.472242,9.452697,0.047283,5.100803,0.241582,0.235647,20.069436,0.247172,0.0,27.728412,11630891,5815445,5815446,162.26486206054688,477048.28125,2.3808982372283936,1.4554935693740845,25165824,1015954,101293464,127466306,393699539,6944640482,/home/kubik/Diplodocus/diplodocus-project/experiments/runs/Rungholt/cam1/ploc_emc2/repeat_00/stats.json
Rungholt,cam1,1,ploc_emc2,gpu,1024,768,32,2,8,43,25,32,4,16,42.446651458740234,10.400026,8.093021,0.049657,5.056034,0.244379,0.232845,20.425354,0.246747,0.0,28.069278,11630891,5815445,5815446,162.26486206054688,477048.28125,2.3309171199798584,1.4555801153182983,25165824,1016544,101295720,127469128,393692224,6944541465,/home/kubik/Diplodocus/diplodocus-project/experiments/runs/Rungholt/cam1/ploc_emc2/repeat_01/stats.json
Rungholt,cam1,2,ploc_emc2,gpu,1024,768,32,2,8,44,25,32,4,16,43.592750549316406,10.498712,8.028415,0.044419,5.069444,0.235569,0.232077,20.485406,0.242216,0.0,28.06894,11630891,5815445,5815446,162.26486206054688,477048.28125,2.332146644592285,1.4585161209106445,25165824,1016344,101294908,127468110,393692789,6944389474,/home/kubik/Diplodocus/diplodocus-project/experiments/runs/Rungholt/cam1/ploc_emc2/repeat_02/stats.json
Rungholt,cam1,3,ploc_emc2,gpu,1024,768,32,2,8,45,25,32,4,16,43.846553802490234,10.489144,9.382229,0.044978,5.084181,0.238791,0.234597,20.426132,0.256381,0.0,28.047316,11630891,5815445,5815446,162.26486206054688,477048.28125,2.3435988426208496,1.4542349576950073,25165824,1016391,101295076,127468322,393694398,6944352966,/home/kubik/Diplodocus/diplodocus-project/experiments/runs/Rungholt/cam1/ploc_emc2/repeat_03/stats.json
Rungholt,cam1,4,ploc_emc2,gpu,1024,768,32,2,8,46,25,32,4,16,43.010902404785156,10.517919,7.898232,0.045886,5.076428,0.235569,0.233624,20.005886,0.242564,0.0,27.670008,11630891,5815445,5815446,162.26486206054688,477048.28125,2.3407270908355713,1.4532949924468994,25165824,1016323,101294896,127468094,393678030,6944435428,/home/kubik/Diplodocus/diplodocus-project/experiments/runs/Rungholt/cam1/ploc_emc2/repeat_04/stats.json
Rungholt,cam1,0,ploc_sobb,gpu,1024,768,32,2,8,42,25,32,4,16,154.16795349121094,10.036501,10.595996,0.036318,4.632726,0.222651,0.231595,20.293848,0.243054,3.262296,27.644456,11630891,5815445,5815446,240.0121307373047,522481.4375,3.868102788925171,2.80910325050354,25165824,1015922,101293336,127466146,341492164,6863821335,/home/kubik/Diplodocus/diplodocus-project/experiments/runs/Rungholt/cam1/ploc_sobb/repeat_00/stats.json
Rungholt,cam1,1,ploc_sobb,gpu,1024,768,32,2,8,43,25,32,4,16,154.44117736816406,10.007447,12.338756,0.036736,4.675329,0.230825,0.2209,20.225044,0.260028,3.268022,27.578108,11630891,5815445,5815446,240.0121307373047,522481.4375,3.8766825199127197,2.8081493377685547,25165824,1016512,101295592,127468968,341495024,6863789279,/home/kubik/Diplodocus/diplodocus-project/experiments/runs/Rungholt/cam1/ploc_sobb/repeat_01/stats.json
Rungholt,cam1,2,ploc_sobb,gpu,1024,768,32,2,8,44,25,32,4,16,153.9642333984375,9.95297,11.32969,0.036737,4.661431,0.237672,0.225583,20.32702,0.232084,3.267953,27.670288,11630891,5815445,5815446,240.0121307373047,522481.4375,3.867486000061035,2.807913064956665,25165824,1016312,101294780,127467950,341479926,6863589196,/home/kubik/Diplodocus/diplodocus-project/experiments/runs/Rungholt/cam1/ploc_sobb/repeat_02/stats.json
Rungholt,cam1,3,ploc_sobb,gpu,1024,768,32,2,8,45,25,32,4,16,153.4152069091797,9.933484,11.150958,0.040508,4.631538,0.226914,0.223979,20.546748,0.248148,3.259362,27.876678,11630891,5815445,5815446,240.0121307373047,522481.4375,3.882127046585083,2.8143558502197266,25165824,1016359,101294948,127468162,341492454,6863578292,/home/kubik/Diplodocus/diplodocus-project/experiments/runs/Rungholt/cam1/ploc_sobb/repeat_03/stats.json
Rungholt,cam1,4,ploc_sobb,gpu,1024,768,32,2,8,46,25,32,4,16,153.66781616210938,9.994386,10.590901,0.036178,4.642643,0.226919,0.220696,20.212816,0.239345,3.245603,27.533032,11630891,5815445,5815446,240.0121307373047,522481.4375,3.8837125301361084,2.815155029296875,25165824,1016291,101294768,127467934,341474373,6863596918,/home/kubik/Diplodocus/diplodocus-project/experiments/runs/Rungholt/cam1/ploc_sobb/repeat_04/stats.json
Rungholt,cam1,0,ploc_emc1_sobb,gpu,1024,768,32,2,8,42,25,32,4,16,154.25770568847656,9.999694,11.413081,0.036247,4.672046,0.235087,0.221889,20.130332,0.23606,3.275635,27.499528,11630891,5815445,5815446,237.94862365722656,522481.4375,3.9223437309265137,2.8509490489959717,25165824,1015954,101293464,127466306,340488316,6912268436,/home/kubik/Diplodocus/diplodocus-project/experiments/runs/Rungholt/cam1/ploc_emc1_sobb/repeat_00/stats.json
Rungholt,cam1,1,ploc_emc1_sobb,gpu,1024,768,32,2,8,43,25,32,4,16,155.56680297851562,9.984539,12.112747,0.035829,4.68762,0.240257,0.230826,20.51126,0.239486,4.44541,27.990732,11630891,5815445,5815446,237.94862365722656,522481.4375,3.9082071781158447,2.844423294067383,25165824,1016544,101295720,127469128,340492646,6912237663,/home/kubik/Diplodocus/diplodocus-project/experiments/runs/Rungholt/cam1/ploc_emc1_sobb/repeat_01/stats.json
Rungholt,cam1,2,ploc_emc1_sobb,gpu,1024,768,32,2,8,44,25,32,4,16,154.32733154296875,9.969662,11.351195,0.03527,4.686713,0.233617,0.228026,20.264086,0.235571,3.278359,27.616992,11630891,5815445,5815446,237.94862365722656,522481.4375,3.913332462310791,2.857053279876709,25165824,1016344,101294908,127468110,340485514,6911945194,/home/kubik/Diplodocus/diplodocus-project/experiments/runs/Rungholt/cam1/ploc_emc1_sobb/repeat_02/stats.json
Rungholt,cam1,3,ploc_emc1_sobb,gpu,1024,768,32,2,8,45,25,32,4,16,154.86581420898438,9.987751,10.808532,0.036528,4.668904,0.230687,0.228453,20.43372,0.248148,3.285134,27.797402,11630891,5815445,5815446,237.94862365722656,522481.4375,3.922837495803833,2.852750778198242,25165824,1016391,101295076,127468322,340488381,6912060791,/home/kubik/Diplodocus/diplodocus-project/experiments/runs/Rungholt/cam1/ploc_emc1_sobb/repeat_03/stats.json
Rungholt,cam1,4,ploc_emc1_sobb,gpu,1024,768,32,2,8,46,25,32,4,16,153.4100341796875,9.962398,11.378578,0.037156,4.659824,0.237529,0.231589,20.203892,0.235788,3.277731,27.557636,11630891,5815445,5815446,237.94862365722656,522481.4375,3.9130780696868896,2.847907304763794,25165824,1016323,101294896,127468094,340476447,6912058664,/home/kubik/Diplodocus/diplodocus-project/experiments/runs/Rungholt/cam1/ploc_emc1_sobb/repeat_04/stats.json
Rungholt,cam1,0,ploc_emc2_sobb,gpu,1024,768,32,2,8,42,25,32,4,16,155.64817810058594,10.523226,11.190771,0.046165,5.087463,0.237674,0.238577,20.541146,0.24515,3.278779,28.351456,11630891,5815445,5815446,240.3934783935547,522481.4375,3.859832525253296,2.786341905593872,25165824,1015954,101293464,127466306,340568833,6828237656,/home/kubik/Diplodocus/diplodocus-project/experiments/runs/Rungholt/cam1/ploc_emc2_sobb/repeat_00/stats.json
Rungholt,cam1,1,ploc_emc2_sobb,gpu,1024,768,32,2,8,43,25,32,4,16,155.9970245361328,10.444584,12.128883,0.044419,5.073215,0.241023,0.233341,20.495544,0.244232,3.296588,28.28678,11630891,5815445,5815446,240.3934783935547,522481.4375,3.835604190826416,2.7736222743988037,25165824,1016544,101295720,127469128,340571494,6828155286,/home/kubik/Diplodocus/diplodocus-project/experiments/runs/Rungholt/cam1/ploc_emc2_sobb/repeat_01/stats.json
Rungholt,cam1,2,ploc_emc2_sobb,gpu,1024,768,32,2,8,44,25,32,4,16,155.0316162109375,10.447308,11.288137,0.044489,5.065882,0.23767,0.232989,20.067904,0.257506,3.264111,27.855724,11630891,5815445,5815446,240.3934783935547,522481.4375,3.867199420928955,2.80342435836792,25165824,1016344,101294908,127468110,340563546,6827992257,/home/kubik/Diplodocus/diplodocus-project/experiments/runs/Rungholt/cam1/ploc_emc2_sobb/repeat_02/stats.json
Rungholt,cam1,3,ploc_emc2_sobb,gpu,1024,768,32,2,8,45,25,32,4,16,155.94869995117188,10.479086,12.874367,0.060133,5.091863,0.24012,0.236691,20.272604,0.241024,4.325423,28.102402,11630891,5815445,5815446,240.3934783935547,522481.4375,3.8401527404785156,2.776855707168579,25165824,1016391,101295076,127468322,340564470,6827970155,/home/kubik/Diplodocus/diplodocus-project/experiments/runs/Rungholt/cam1/ploc_emc2_sobb/repeat_03/stats.json
Rungholt,cam1,4,ploc_emc2_sobb,gpu,1024,768,32,2,8,46,25,32,4,16,156.0332794189453,10.51673,12.161713,0.043372,5.04926,0.242973,0.244445,20.440654,0.242495,3.278988,28.239582,11630891,5815445,5815446,240.3934783935547,522481.4375,3.8485515117645264,2.786560535430908,25165824,1016323,101294896,127468094,340555807,6828034254,/home/kubik/Diplodocus/diplodocus-project/experiments/runs/Rungholt/cam1/ploc_emc2_sobb/repeat_04/stats.json
Rungholt,cam2,0,ploc,gpu,1024,768,32,2,8,42,25,32,4,16,45.04712677001953,10.030704,9.312106,0.034781,4.675468,0.226706,0.233056,21.139826,0.248989,0.0,28.32436,11630891,5815445,5815446,162.11241149902344,477048.28125,1.331687092781067,0.4540388584136963,25165824,462213,70725024,96345455,229641008,5087191365,/home/kubik/Diplodocus/diplodocus-project/experiments/runs/Rungholt/cam2/ploc/repeat_00/stats.json
Rungholt,cam2,1,ploc,gpu,1024,768,32,2,8,43,25,32,4,16,41.39720916748047,9.977065,7.601754,0.035759,4.660522,0.232432,0.220561,20.357884,0.231102,0.0,27.519432,11630891,5815445,5815446,162.11241149902344,477048.28125,1.333966612815857,0.4521099030971527,25165824,462221,70725068,96345514,229638827,5087184962,/home/kubik/Diplodocus/diplodocus-project/experiments/runs/Rungholt/cam2/ploc/repeat_01/stats.json
Rungholt,cam2,2,ploc,gpu,1024,768,32,2,8,44,25,32,4,16,43.10280990600586,9.98391,8.282152,0.035689,4.679659,0.239346,0.333558,20.199552,0.24305,0.0,27.491706,11630891,5815445,5815446,162.11241149902344,477048.28125,1.3527597188949585,0.45481541752815247,25165824,462345,70725492,96346046,229644773,5087193302,/home/kubik/Diplodocus/diplodocus-project/experiments/runs/Rungholt/cam2/ploc/repeat_02/stats.json
Rungholt,cam2,3,ploc,gpu,1024,768,32,2,8,45,25,32,4,16,44.25044631958008,10.125478,9.264403,0.037994,4.696002,0.231249,0.223277,20.339582,0.238936,0.0,27.518528,11630891,5815445,5815446,162.11241149902344,477048.28125,1.3381071090698242,0.4539527893066406,25165824,462348,70725584,96346159,229642654,5087207218,/home/kubik/Diplodocus/diplodocus-project/experiments/runs/Rungholt/cam2/ploc/repeat_03/stats.json
Rungholt,cam2,4,ploc,gpu,1024,768,32,2,8,46,25,32,4,16,42.9637565612793,10.054798,8.207282,0.035131,4.68371,0.222798,0.220282,20.171542,0.227197,0.0,27.34344,11630891,5815445,5815446,162.11241149902344,477048.28125,1.3315871953964233,0.452798455953598,25165824,462396,70725756,96346372,229647518,5087157854,/home/kubik/Diplodocus/diplodocus-project/experiments/runs/Rungholt/cam2/ploc/repeat_04/stats.json
Rungholt,cam2,0,ploc_emc1,gpu,1024,768,32,2,8,42,25,32,4,16,41.978572845458984,10.057104,7.970519,0.036667,4.691811,0.234177,0.221116,20.499738,0.236622,0.0,27.672504,11630891,5815445,5815446,160.64422607421875,477048.28125,1.3486928939819336,0.4710972011089325,25165824,462213,70725024,96345455,232999493,5205689134,/home/kubik/Diplodocus/diplodocus-project/experiments/runs/Rungholt/cam2/ploc_emc1/repeat_00/stats.json
Rungholt,cam2,1,ploc_emc1,gpu,1024,768,32,2,8,43,25,32,4,16,42.781192779541016,9.998646,8.883352,0.035759,4.645716,0.242419,0.230481,20.40063,0.250666,0.0,27.591032,11630891,5815445,5815446,160.64422607421875,477048.28125,1.3570393323898315,0.4721902310848236,25165824,462221,70725068,96345514,232998981,5205660959,/home/kubik/Diplodocus/diplodocus-project/experiments/runs/Rungholt/cam2/ploc_emc1/repeat_01/stats.json
Rungholt,cam2,2,ploc_emc1,gpu,1024,768,32,2,8,44,25,32,4,16,41.949310302734375,9.953668,8.320989,0.034921,4.668065,0.241434,0.223491,20.191792,0.257293,0.0,27.405292,11630891,5815445,5815446,160.64422607421875,477048.28125,1.3501759767532349,0.4730511009693146,25165824,462345,70725492,96346046,233004188,5205662542,/home/kubik/Diplodocus/diplodocus-project/experiments/runs/Rungholt/cam2/ploc_emc1/repeat_02/stats.json
Rungholt,cam2,3,ploc_emc1,gpu,1024,768,32,2,8,45,25,32,4,16,42.47319030761719,9.981396,8.792063,0.037086,4.658915,0.23942,0.234037,20.198504,0.247307,0.0,27.376968,11630891,5815445,5815446,160.64422607421875,477048.28125,1.396945595741272,0.4713403284549713,25165824,462348,70725584,96346159,233001312,5205730376,/home/kubik/Diplodocus/diplodocus-project/experiments/runs/Rungholt/cam2/ploc_emc1/repeat_03/stats.json
Rungholt,cam2,4,ploc_emc1,gpu,1024,768,32,2,8,46,25,32,4,16,43.09505844116211,10.053961,8.268321,0.036178,4.685665,0.238925,0.230117,20.192982,0.237602,0.0,27.380444,11630891,5815445,5815446,160.64422607421875,477048.28125,1.349162220954895,0.4694560766220093,25165824,462396,70725756,96346372,233006422,5205656173,/home/kubik/Diplodocus/diplodocus-project/experiments/runs/Rungholt/cam2/ploc_emc1/repeat_04/stats.json
Rungholt,cam2,0,ploc_emc2,gpu,1024,768,32,2,8,42,25,32,4,16,42.426815032958984,10.447238,8.319792,0.04407,5.087743,0.245418,0.235651,20.185584,0.254015,0.0,27.829456,11630891,5815445,5815446,162.26486206054688,477048.28125,1.3278642892837524,0.4384342432022095,25165824,462213,70725024,96345455,230409415,4941804246,/home/kubik/Diplodocus/diplodocus-project/experiments/runs/Rungholt/cam2/ploc_emc2/repeat_00/stats.json
Rungholt,cam2,1,ploc_emc2,gpu,1024,768,32,2,8,43,25,32,4,16,43.545955657958984,10.480343,8.041268,0.046374,5.092213,0.239979,0.242351,20.433108,0.247168,0.0,28.068816,11630891,5815445,5815446,162.26486206054688,477048.28125,1.322872519493103,0.43897193670272827,25165824,462221,70725068,96345514,230409060,4941858348,/home/kubik/Diplodocus/diplodocus-project/experiments/runs/Rungholt/cam2/ploc_emc2/repeat_01/stats.json
Rungholt,cam2,2,ploc_emc2,gpu,1024,768,32,2,8,44,25,32,4,16,43.58003616333008,10.497105,9.391509,0.042953,5.015945,0.240675,0.241375,20.160992,0.254987,0.0,27.73972,11630891,5815445,5815446,162.26486206054688,477048.28125,1.318097710609436,0.43871408700942993,25165824,462345,70725492,96346046,230411898,4941833036,/home/kubik/Diplodocus/diplodocus-project/experiments/runs/Rungholt/cam2/ploc_emc2/repeat_02/stats.json
Rungholt,cam2,3,ploc_emc2,gpu,1024,768,32,2,8,45,25,32,4,16,43.54274368286133,10.514845,8.029397,0.047772,5.05792,0.25143,0.23963,20.421924,0.259948,0.0,28.06404,11630891,5815445,5815446,162.26486206054688,477048.28125,1.3220561742782593,0.43743690848350525,25165824,462348,70725584,96346159,230411857,4941862843,/home/kubik/Diplodocus/diplodocus-project/experiments/runs/Rungholt/cam2/ploc_emc2/repeat_03/stats.json
Rungholt,cam2,4,ploc_emc2,gpu,1024,768,32,2,8,46,25,32,4,16,43.729007720947266,10.449054,9.224593,0.044489,5.081736,0.261905,0.243676,20.464676,0.252685,0.0,28.138432,11630891,5815445,5815446,162.26486206054688,477048.28125,1.322892665863037,0.4404749870300293,25165824,462396,70725756,96346372,230413068,4941820210,/home/kubik/Diplodocus/diplodocus-project/experiments/runs/Rungholt/cam2/ploc_emc2/repeat_04/stats.json
Rungholt,cam2,0,ploc_sobb,gpu,1024,768,32,2,8,42,25,32,4,16,154.7357635498047,10.053262,11.295393,0.034572,4.653817,0.238921,0.219581,20.187116,0.247589,3.259292,27.551912,11630891,5815445,5815446,240.0121307373047,522481.4375,1.9709011316299438,0.9089947938919067,25165824,462213,70725024,96345455,207626793,5052455215,/home/kubik/Diplodocus/diplodocus-project/experiments/runs/Rungholt/cam2/ploc_sobb/repeat_00/stats.json
Rungholt,cam2,1,ploc_sobb,gpu,1024,768,32,2,8,43,25,32,4,16,152.5113067626953,10.066322,11.338832,0.035759,4.687201,0.240741,0.224187,20.751512,0.235637,3.274378,28.13682,11630891,5815445,5815446,240.0121307373047,522481.4375,1.964430809020996,0.9023142457008362,25165824,462221,70725068,96345514,207626882,5052444259,/home/kubik/Diplodocus/diplodocus-project/experiments/runs/Rungholt/cam2/ploc_sobb/repeat_01/stats.json
Rungholt,cam2,2,ploc_sobb,gpu,1024,768,32,2,8,44,25,32,4,16,154.24107360839844,10.053122,11.383531,0.037016,4.672675,0.236971,0.223706,20.144024,0.233692,3.268302,27.516586,11630891,5815445,5815446,240.0121307373047,522481.4375,1.967027187347412,0.9004475474357605,25165824,462345,70725492,96346046,207629649,5052451173,/home/kubik/Diplodocus/diplodocus-project/experiments/runs/Rungholt/cam2/ploc_sobb/repeat_02/stats.json
Rungholt,cam2,3,ploc_sobb,gpu,1024,768,32,2,8,45,25,32,4,16,153.4300079345703,9.967986,11.270456,0.0352,4.645995,0.225242,0.222312,20.081588,0.235714,3.257965,27.3938,11630891,5815445,5815446,240.0121307373047,522481.4375,1.9681224822998047,0.9061588644981384,25165824,462348,70725584,96346159,207628256,5052468512,/home/kubik/Diplodocus/diplodocus-project/experiments/runs/Rungholt/cam2/ploc_sobb/repeat_03/stats.json
Rungholt,cam2,4,ploc_sobb,gpu,1024,768,32,2,8,46,25,32,4,16,154.82452392578125,10.095586,11.288759,0.037505,4.67016,0.226144,0.222165,20.232232,0.250174,3.2602,27.569148,11630891,5815445,5815446,240.0121307373047,522481.4375,1.9607930183410645,0.9016880393028259,25165824,462396,70725756,96346372,207630048,5052419252,/home/kubik/Diplodocus/diplodocus-project/experiments/runs/Rungholt/cam2/ploc_sobb/repeat_04/stats.json
Rungholt,cam2,0,ploc_emc1_sobb,gpu,1024,768,32,2,8,42,25,32,4,16,153.84912109375,10.012893,10.90295,0.037295,4.680148,0.238021,0.22775,20.446444,0.249409,3.270886,27.805388,11630891,5815445,5815446,237.94862365722656,522481.4375,1.9912984371185303,0.9258413910865784,25165824,462213,70725024,96345455,209690078,5146989973,/home/kubik/Diplodocus/diplodocus-project/experiments/runs/Rungholt/cam2/ploc_emc1_sobb/repeat_00/stats.json
Rungholt,cam2,1,ploc_emc1_sobb,gpu,1024,768,32,2,8,43,25,32,4,16,155.92626953125,10.024767,12.539127,0.038063,4.67016,0.232777,0.230194,20.045482,0.243749,3.274448,27.418632,11630891,5815445,5815446,237.94862365722656,522481.4375,1.9956501722335815,0.924843966960907,25165824,462221,70725068,96345514,209688647,5146968836,/home/kubik/Diplodocus/diplodocus-project/experiments/runs/Rungholt/cam2/ploc_emc1_sobb/repeat_01/stats.json
Rungholt,cam2,2,ploc_emc1_sobb,gpu,1024,768,32,2,8,44,25,32,4,16,154.84170532226562,10.079872,11.374173,0.040508,4.666877,0.248284,0.235855,20.144588,0.246189,3.28688,27.536272,11630891,5815445,5815446,237.94862365722656,522481.4375,2.014590263366699,0.9327950477600098,25165824,462345,70725492,96346046,209692687,5146958113,/home/kubik/Diplodocus/diplodocus-project/experiments/runs/Rungholt/cam2/ploc_emc1_sobb/repeat_02/stats.json
Rungholt,cam2,3,ploc_emc1_sobb,gpu,1024,768,32,2,8,45,25,32,4,16,153.60012817382812,9.993897,11.362857,0.035759,4.664853,0.2376,0.22629,20.16282,0.237882,3.263413,27.502608,11630891,5815445,5815446,237.94862365722656,522481.4375,1.9964826107025146,0.9333441853523254,25165824,462348,70725584,96346159,209688629,5147025404,/home/kubik/Diplodocus/diplodocus-project/experiments/runs/Rungholt/cam2/ploc_emc1_sobb/repeat_03/stats.json
Rungholt,cam2,4,ploc_emc1_sobb,gpu,1024,768,32,2,8,46,25,32,4,16,154.65928649902344,9.952481,11.249927,0.037295,4.663805,0.237183,0.227117,20.505396,0.242488,3.264879,27.859338,11630891,5815445,5815446,237.94862365722656,522481.4375,2.0038275718688965,0.931982159614563,25165824,462396,70725756,96346372,209690187,5146953605,/home/kubik/Diplodocus/diplodocus-project/experiments/runs/Rungholt/cam2/ploc_emc1_sobb/repeat_04/stats.json
Rungholt,cam2,0,ploc_emc2_sobb,gpu,1024,768,32,2,8,42,25,32,4,16,155.2014617919922,10.405473,11.420546,0.04428,5.046536,0.258344,0.244722,20.004704,0.26065,3.277591,27.807056,11630891,5815445,5815446,240.3934783935547,522481.4375,1.9469385147094727,0.8663038611412048,25165824,462213,70725024,96345455,208048067,4892175245,/home/kubik/Diplodocus/diplodocus-project/experiments/runs/Rungholt/cam2/ploc_emc2_sobb/repeat_00/stats.json
Rungholt,cam2,1,ploc_emc2_sobb,gpu,1024,768,32,2,8,43,25,32,4,16,154.22779846191406,10.38431,11.412937,0.045397,5.046606,0.239067,0.23558,20.03654,0.259389,3.278848,27.800768,11630891,5815445,5815446,240.3934783935547,522481.4375,1.9337940216064453,0.8737967610359192,25165824,462221,70725068,96345514,208049333,4892228383,/home/kubik/Diplodocus/diplodocus-project/experiments/runs/Rungholt/cam2/ploc_emc2_sobb/repeat_01/stats.json
Rungholt,cam2,2,ploc_emc2_sobb,gpu,1024,768,32,2,8,44,25,32,4,16,153.62332153320312,10.493193,11.193636,0.075289,5.09284,0.240181,0.241856,20.492594,0.250451,3.275984,28.355542,11630891,5815445,5815446,240.3934783935547,522481.4375,1.9347596168518066,0.8635127544403076,25165824,462345,70725492,96346046,208052961,4892204166,/home/kubik/Diplodocus/diplodocus-project/experiments/runs/Rungholt/cam2/ploc_emc2_sobb/repeat_02/stats.json
Rungholt,cam2,3,ploc_emc2_sobb,gpu,1024,768,32,2,8,45,25,32,4,16,154.92453002929688,10.39786,12.532559,0.045397,5.042415,0.235367,0.227477,20.006008,0.249125,3.287438,27.763104,11630891,5815445,5815446,240.3934783935547,522481.4375,1.9313557147979736,0.8619440793991089,25165824,462348,70725584,96346159,208049588,4892228618,/home/kubik/Diplodocus/diplodocus-project/experiments/runs/Rungholt/cam2/ploc_emc2_sobb/repeat_03/stats.json
Rungholt,cam2,4,ploc_emc2_sobb,gpu,1024,768,32,2,8,46,25,32,4,16,153.7393341064453,10.444235,10.853506,0.044,5.043602,0.238787,0.229644,19.988364,0.247031,3.279965,27.784202,11630891,5815445,5815446,240.3934783935547,522481.4375,1.9406166076660156,0.8650275468826294,25165824,462396,70725756,96346372,208051433,4892190315,/home/kubik/Diplodocus/diplodocus-project/experiments/runs/Rungholt/cam2/ploc_emc2_sobb/repeat_04/stats.json
Skydemo,cam0,0,ploc,gpu,1024,768,32,2,8,42,25,32,4,16,35.863319396972656,6.722243,7.476321,0.035689,3.073863,0.352983,0.348714,17.587832,0.369248,0.0,22.948508,7425607,3712803,3712804,65.24820709228516,304565.90625,2.856569766998291,2.281822443008423,25165824,7556160,83196928,115655936,718191269,6184508898,/home/kubik/Diplodocus/diplodocus-project/experiments/runs/Skydemo/cam0/ploc/repeat_00/stats.json
Skydemo,cam0,1,ploc,gpu,1024,768,32,2,8,43,25,32,4,16,36.70393371582031,6.738516,7.430503,0.037226,3.032307,0.358838,0.350741,17.426704,0.365195,0.0,22.747696,7425607,3712803,3712804,65.24820709228516,304565.90625,2.844879150390625,2.274219512939453,25165824,7556160,83196928,115655936,718230165,6184656543,/home/kubik/Diplodocus/diplodocus-project/experiments/runs/Skydemo/cam0/ploc/repeat_01/stats.json
Skydemo,cam0,2,ploc,gpu,1024,768,32,2,8,44,25,32,4,16,35.673561096191406,6.678032,7.422683,0.036248,3.007513,0.360034,0.360382,17.524684,0.370941,0.0,22.84927,7425607,3712803,3712804,65.24820709228516,304565.90625,2.8523073196411133,2.277552604675293,25165824,7556160,83196928,115655936,718199828,6184473066,/home/kubik/Diplodocus/diplodocus-project/experiments/runs/Skydemo/cam0/ploc/repeat_02/stats.json
Skydemo,cam0,3,ploc,gpu,1024,768,32,2,8,45,25,32,4,16,35.471439361572266,6.641855,7.230621,0.037086,3.0226,0.36925,0.349485,17.526508,0.363873,0.0,22.830184,7425607,3712803,3712804,65.24820709228516,304565.90625,2.8621959686279297,2.280397653579712,25165824,7556160,83196928,115655936,718194542,6184496753,/home/kubik/Diplodocus/diplodocus-project/experiments/runs/Skydemo/cam0/ploc/repeat_03/stats.json
Skydemo,cam0,4,ploc,gpu,1024,768,32,2,8,46,25,32,4,16,35.33657455444336,6.667557,7.206246,0.034921,3.02651,0.355495,0.351019,17.47545,0.358846,0.0,22.765884,7425607,3712803,3712804,65.24820709228516,304565.90625,2.8428988456726074,2.2685630321502686,25165824,7556160,83196928,115655936,718233731,6184502505,/home/kubik/Diplodocus/diplodocus-project/experiments/runs/Skydemo/cam0/ploc/repeat_04/stats.json
Skydemo,cam0,0,ploc_emc1,gpu,1024,768,32,2,8,42,25,32,4,16,35.935115814208984,6.713792,7.543366,0.037226,3.012962,0.356125,0.350747,17.620858,0.376373,0.0,22.93722,7425607,3712803,3712804,65.45126342773438,304565.90625,2.9335334300994873,2.3509016036987305,25165824,7556160,83196928,115655936,726190564,6129957260,/home/kubik/Diplodocus/diplodocus-project/experiments/runs/Skydemo/cam0/ploc_emc1/repeat_00/stats.json
Skydemo,cam0,1,ploc_emc1,gpu,1024,768,32,2,8,43,25,32,4,16,36.95130920410156,6.647372,8.770058,0.03527,3.010726,0.375187,0.349976,17.50591,0.372746,0.0,22.811426,7425607,3712803,3712804,65.45126342773438,304565.90625,2.904608964920044,2.333350896835327,25165824,7556160,83196928,115655936,726210086,6130052071,/home/kubik/Diplodocus/diplodocus-project/experiments/runs/Skydemo/cam0/ploc_emc1/repeat_01/stats.json
Skydemo,cam0,2,ploc_emc1,gpu,1024,768,32,2,8,44,25,32,4,16,36.695133209228516,6.744801,7.368558,0.036248,3.056612,0.356824,0.3483,17.50227,0.368001,0.0,22.836712,7425607,3712803,3712804,65.45126342773438,304565.90625,2.909827470779419,2.3390114307403564,25165824,7556160,83196928,115655936,726174161,6129900272,/home/kubik/Diplodocus/diplodocus-project/experiments/runs/Skydemo/cam0/ploc_emc1/repeat_02/stats.json
Skydemo,cam0,3,ploc_emc1,gpu,1024,768,32,2,8,45,25,32,4,16,35.792781829833984,6.69242,7.570398,0.035969,3.029025,0.352697,0.350882,17.483072,0.373509,0.0,22.813292,7425607,3712803,3712804,65.45126342773438,304565.90625,2.918389320373535,2.345777750015259,25165824,7556160,83196928,115655936,726156166,6129818281,/home/kubik/Diplodocus/diplodocus-project/experiments/runs/Skydemo/cam0/ploc_emc1/repeat_03/stats.json
Skydemo,cam0,4,ploc_emc1,gpu,1024,768,32,2,8,46,25,32,4,16,37.041194915771484,6.719519,7.730891,0.03527,3.040898,0.3548,0.347323,17.43117,0.37064,0.0,22.75923,7425607,3712803,3712804,65.45126342773438,304565.90625,2.922224521636963,2.3526053428649902,25165824,7556160,83196928,115655936,726211742,6129948618,/home/kubik/Diplodocus/diplodocus-project/experiments/runs/Skydemo/cam0/ploc_emc1/repeat_04/stats.json
Skydemo,cam0,0,ploc_emc2,gpu,1024,768,32,2,8,42,25,32,4,16,36.11845016479492,6.950833,7.506137,0.043511,3.298473,0.369542,0.354374,17.60088,0.366177,0.0,23.196032,7425607,3712803,3712804,64.63780975341797,304565.90625,2.8150408267974854,2.240046739578247,25165824,7556160,83196928,115655936,707161127,5913662654,/home/kubik/Diplodocus/diplodocus-project/experiments/runs/Skydemo/cam0/ploc_emc2/repeat_00/stats.json
Skydemo,cam0,1,ploc_emc2,gpu,1024,768,32,2,8,43,25,32,4,16,36.31694030761719,7.015717,7.769589,0.043371,3.323477,0.382658,0.357166,17.464144,0.368767,0.0,23.111864,7425607,3712803,3712804,64.63780975341797,304565.90625,2.799880266189575,2.230576276779175,25165824,7556160,83196928,115655936,707188173,5913711949,/home/kubik/Diplodocus/diplodocus-project/experiments/runs/Skydemo/cam0/ploc_emc2/repeat_01/stats.json
Skydemo,cam0,2,ploc_emc2,gpu,1024,768,32,2,8,44,25,32,4,16,36.48756408691406,7.055386,7.739344,0.043302,3.341776,0.355144,0.349065,17.642452,0.372602,0.0,23.271044,7425607,3712803,3712804,64.63780975341797,304565.90625,2.816035747528076,2.2387845516204834,25165824,7556160,83196928,115655936,707156181,5913629262,/home/kubik/Diplodocus/diplodocus-project/experiments/runs/Skydemo/cam0/ploc_emc2/repeat_02/stats.json
Skydemo,cam0,3,ploc_emc2,gpu,1024,768,32,2,8,45,25,32,4,16,36.2338981628418,6.954745,7.681585,0.043371,3.279896,0.37365,0.351937,17.52735,0.362955,0.0,23.124988,7425607,3712803,3712804,64.63780975341797,304565.90625,2.8014426231384277,2.2215566635131836,25165824,7556160,83196928,115655936,707150650,5913590699,/home/kubik/Diplodocus/diplodocus-project/experiments/runs/Skydemo/cam0/ploc_emc2/repeat_03/stats.json
Skydemo,cam0,4,ploc_emc2,gpu,1024,768,32,2,8,46,25,32,4,16,36.934967041015625,7.075012,8.239129,0.044001,3.316493,0.364502,0.35766,17.489144,0.371143,0.0,23.126342,7425607,3712803,3712804,64.63780975341797,304565.90625,2.8008127212524414,2.228891372680664,25165824,7556160,83196928,115655936,707179708,5913556220,/home/kubik/Diplodocus/diplodocus-project/experiments/runs/Skydemo/cam0/ploc_emc2/repeat_04/stats.json
Skydemo,cam0,0,ploc_sobb,gpu,1024,768,32,2,8,42,25,32,4,16,113.57977294921875,6.721963,10.095089,0.038762,3.048929,0.363529,0.35731,17.521964,0.366743,3.043692,23.031974,7425607,3712803,3712804,83.27005004882812,333572.1875,3.8837037086486816,3.1781487464904785,25165824,7556160,83196928,115655936,386877600,5242241026,/home/kubik/Diplodocus/diplodocus-project/experiments/runs/Skydemo/cam0/ploc_sobb/repeat_00/stats.json
Skydemo,cam0,1,ploc_sobb,gpu,1024,768,32,2,8,43,25,32,4,16,113.52229309082031,6.671188,10.097193,0.036178,2.986002,0.355425,0.347184,17.475596,0.366113,3.050187,22.955092,7425607,3712803,3712804,83.27005004882812,333572.1875,3.8511812686920166,3.147219657897949,25165824,7556160,83196928,115655936,386871895,5242297360,/home/kubik/Diplodocus/diplodocus-project/experiments/runs/Skydemo/cam0/ploc_sobb/repeat_01/stats.json
Skydemo,cam0,2,ploc_sobb,gpu,1024,768,32,2,8,44,25,32,4,16,114.32644653320312,6.686693,10.574635,0.037994,3.032447,0.358353,0.363459,17.61256,0.366809,3.280663,23.108206,7425607,3712803,3712804,83.27005004882812,333572.1875,3.8481714725494385,3.1435344219207764,25165824,7556160,83196928,115655936,386862764,5242174906,/home/kubik/Diplodocus/diplodocus-project/experiments/runs/Skydemo/cam0/ploc_sobb/repeat_02/stats.json
Skydemo,cam0,3,ploc_sobb,gpu,1024,768,32,2,8,45,25,32,4,16,118.34407806396484,6.732998,11.199083,0.036038,3.020295,0.376937,0.355079,17.5094,0.370226,3.662138,23.027304,7425607,3712803,3712804,83.27005004882812,333572.1875,3.8570239543914795,3.1548714637756348,25165824,7556160,83196928,115655936,386855152,5242164653,/home/kubik/Diplodocus/diplodocus-project/experiments/runs/Skydemo/cam0/ploc_sobb/repeat_03/stats.json
Skydemo,cam0,4,ploc_sobb,gpu,1024,768,32,2,8,46,25,32,4,16,115.92938232421875,6.683969,10.88151,0.034781,3.053469,0.355771,0.374,17.639304,0.372398,3.281082,23.163682,7425607,3712803,3712804,83.27005004882812,333572.1875,3.890817403793335,3.191194772720337,25165824,7556160,83196928,115655936,386858786,5242113264,/home/kubik/Diplodocus/diplodocus-project/experiments/runs/Skydemo/cam0/ploc_sobb/repeat_04/stats.json
Skydemo,cam0,0,ploc_emc1_sobb,gpu,1024,768,32,2,8,42,25,32,4,16,115.64344787597656,6.69214,10.966579,0.036317,3.023088,0.372674,0.34942,17.498648,0.367989,3.291978,23.025824,7425607,3712803,3712804,83.58550262451172,333572.1875,3.911627769470215,3.2057852745056152,25165824,7556160,83196928,115655936,390256367,5179866163,/home/kubik/Diplodocus/diplodocus-project/experiments/runs/Skydemo/cam0/ploc_emc1_sobb/repeat_00/stats.json
Skydemo,cam0,1,ploc_emc1_sobb,gpu,1024,768,32,2,8,43,25,32,4,16,114.91255950927734,6.695354,10.378794,0.036457,3.060873,0.382939,0.360803,17.422448,0.371135,3.283248,22.988492,7425607,3712803,3712804,83.58550262451172,333572.1875,3.9050309658050537,3.20756196975708,25165824,7556160,83196928,115655936,390253593,5179944017,/home/kubik/Diplodocus/diplodocus-project/experiments/runs/Skydemo/cam0/ploc_emc1_sobb/repeat_01/stats.json
Skydemo,cam0,2,ploc_emc1_sobb,gpu,1024,768,32,2,8,44,25,32,4,16,113.84440612792969,6.703735,10.107172,0.037156,3.05305,0.363805,0.347877,17.539776,0.369118,3.034053,23.054264,7425607,3712803,3712804,83.58550262451172,333572.1875,3.9045658111572266,3.208510160446167,25165824,7556160,83196928,115655936,390233476,5179817693,/home/kubik/Diplodocus/diplodocus-project/experiments/runs/Skydemo/cam0/ploc_emc1_sobb/repeat_02/stats.json
Skydemo,cam0,3,ploc_emc1_sobb,gpu,1024,768,32,2,8,45,25,32,4,16,114.4706039428711,6.690394,10.221153,0.035689,3.021622,0.354099,0.344038,17.46135,0.362765,3.276264,22.983868,7425607,3712803,3712804,83.58550262451172,333572.1875,3.909395694732666,3.2165660858154297,25165824,7556160,83196928,115655936,390235406,5179768871,/home/kubik/Diplodocus/diplodocus-project/experiments/runs/Skydemo/cam0/ploc_emc1_sobb/repeat_03/stats.json
Skydemo,cam0,4,ploc_emc1_sobb,gpu,1024,768,32,2,8,46,25,32,4,16,116.25064849853516,6.70136,10.785764,0.035758,3.040828,0.357522,0.347532,17.647068,0.36303,3.281502,23.156564,7425607,3712803,3712804,83.58550262451172,333572.1875,3.90525484085083,3.2081499099731445,25165824,7556160,83196928,115655936,390239579,5179806831,/home/kubik/Diplodocus/diplodocus-project/experiments/runs/Skydemo/cam0/ploc_emc1_sobb/repeat_04/stats.json
Skydemo,cam0,0,ploc_emc2_sobb,gpu,1024,768,32,2,8,42,25,32,4,16,113.23258972167969,6.944129,10.283386,0.043023,3.298194,0.355779,0.363039,17.598574,0.36296,2.240794,23.376436,7425607,3712803,3712804,82.39280700683594,333572.1875,3.7953741550445557,3.1070873737335205,25165824,7556160,83196928,115655936,380209428,5027788678,/home/kubik/Diplodocus/diplodocus-project/experiments/runs/Skydemo/cam0/ploc_emc2_sobb/repeat_00/stats.json
Skydemo,cam0,1,ploc_emc2_sobb,gpu,1024,768,32,2,8,43,25,32,4,16,113.53074645996094,6.958935,10.136025,0.046584,3.314816,0.356473,0.351089,17.576024,0.363319,3.063177,23.359388,7425607,3712803,3712804,82.39280700683594,333572.1875,3.8167505264282227,3.1149237155914307,25165824,7556160,83196928,115655936,380208592,5027797937,/home/kubik/Diplodocus/diplodocus-project/experiments/runs/Skydemo/cam0/ploc_emc2_sobb/repeat_01/stats.json
Skydemo,cam0,2,ploc_emc2_sobb,gpu,1024,768,32,2,8,44,25,32,4,16,114.7573013305664,7.004681,10.547599,0.045676,3.293515,0.356264,0.349561,17.651804,0.385035,3.280804,23.447964,7425607,3712803,3712804,82.39280700683594,333572.1875,3.7859573364257812,3.089003562927246,25165824,7556160,83196928,115655936,380194026,5027750642,/home/kubik/Diplodocus/diplodocus-project/experiments/runs/Skydemo/cam0/ploc_emc2_sobb/repeat_02/stats.json
Skydemo,cam0,3,ploc_emc2_sobb,gpu,1024,768,32,2,8,45,25,32,4,16,116.53050231933594,7.029964,11.383043,0.046585,3.301616,0.384339,0.358219,17.52064,0.365558,2.752802,23.340028,7425607,3712803,3712804,82.39280700683594,333572.1875,3.795396566390991,3.096010446548462,25165824,7556160,83196928,115655936,380195914,5027724814,/home/kubik/Diplodocus/diplodocus-project/experiments/runs/Skydemo/cam0/ploc_emc2_sobb/repeat_03/stats.json
Skydemo,cam0,4,ploc_emc2_sobb,gpu,1024,768,32,2,8,46,25,32,4,16,114.75743865966797,6.986802,10.511068,0.04421,3.326829,0.370714,0.3548,17.616894,0.386147,3.273121,23.43565,7425607,3712803,3712804,82.39280700683594,333572.1875,3.7827370166778564,3.0867538452148438,25165824,7556160,83196928,115655936,380189311,5027618996,/home/kubik/Diplodocus/diplodocus-project/experiments/runs/Skydemo/cam0/ploc_emc2_sobb/repeat_04/stats.json
Skydemo,cam1,0,ploc,gpu,1024,768,32,2,8,42,25,32,4,16,35.56977462768555,6.677473,7.288652,0.034781,3.027977,0.359686,0.345024,17.584686,0.372741,0.0,22.903402,7425607,3712803,3712804,65.24820709228516,304565.90625,4.780674457550049,4.21127986907959,25165824,21895648,129900544,176391392,1199990334,13033631776,/home/kubik/Diplodocus/diplodocus-project/experiments/runs/Skydemo/cam1/ploc/repeat_00/stats.json
Skydemo,cam1,1,ploc,gpu,1024,768,32,2,8,43,25,32,4,16,35.58807373046875,6.722172,7.284678,0.037086,3.069464,0.369747,0.351724,17.527068,0.379374,0.0,22.910084,7425607,3712803,3712804,65.24820709228516,304565.90625,4.800548076629639,4.226351737976074,25165824,21895648,129900544,176391392,1200002830,13033586966,/home/kubik/Diplodocus/diplodocus-project/experiments/runs/Skydemo/cam1/ploc/repeat_01/stats.json
Skydemo,cam1,2,ploc,gpu,1024,768,32,2,8,44,25,32,4,16,35.37771224975586,6.687461,7.155191,0.034362,3.023158,0.351999,0.34864,17.47978,0.366386,0.0,22.782404,7425607,3712803,3712804,65.24820709228516,304565.90625,4.790815353393555,4.219022750854492,25165824,21895648,129900544,176391392,1200006042,13033467380,/home/kubik/Diplodocus/diplodocus-project/experiments/runs/Skydemo/cam1/ploc/repeat_02/stats.json
Skydemo,cam1,3,ploc,gpu,1024,768,32,2,8,45,25,32,4,16,35.79222106933594,6.662388,7.433017,0.03527,3.020434,0.365762,0.350739,17.669952,0.361216,0.0,22.9737,7425607,3712803,3712804,65.24820709228516,304565.90625,4.773463249206543,4.208429336547852,25165824,21895648,129900544,176391392,1200032339,13033703713,/home/kubik/Diplodocus/diplodocus-project/experiments/runs/Skydemo/cam1/ploc/repeat_03/stats.json
Skydemo,cam1,4,ploc,gpu,1024,768,32,2,8,46,25,32,4,16,35.535762786865234,6.64856,7.265821,0.038902,3.010098,0.370233,0.368124,17.532718,0.38567,0.0,22.873982,7425607,3712803,3712804,65.24820709228516,304565.90625,4.788843631744385,4.2183637619018555,25165824,21895648,129900544,176391392,1199965711,13033365990,/home/kubik/Diplodocus/diplodocus-project/experiments/runs/Skydemo/cam1/ploc/repeat_04/stats.json
Skydemo,cam1,0,ploc_emc1,gpu,1024,768,32,2,8,42,25,32,4,16,35.52675247192383,6.718401,7.233758,0.034782,3.067648,0.353664,0.34544,17.576108,0.370079,0.0,22.918906,7425607,3712803,3712804,65.45126342773438,304565.90625,5.33783483505249,4.76735782623291,25165824,21895648,129900544,176391392,1360597041,13585131170,/home/kubik/Diplodocus/diplodocus-project/experiments/runs/Skydemo/cam1/ploc_emc1/repeat_00/stats.json
Skydemo,cam1,1,ploc_emc1,gpu,1024,768,32,2,8,43,25,32,4,16,36.220420837402344,6.773646,7.756106,0.037924,3.019317,0.371697,0.361984,17.565902,0.374003,0.0,22.987552,7425607,3712803,3712804,65.45126342773438,304565.90625,5.33357572555542,4.761132717132568,25165824,21895648,129900544,176391392,1360628976,13584982541,/home/kubik/Diplodocus/diplodocus-project/experiments/runs/Skydemo/cam1/ploc_emc1/repeat_01/stats.json
Skydemo,cam1,2,ploc_emc1,gpu,1024,768,32,2,8,44,25,32,4,16,37.06508255004883,6.690604,8.789545,0.04826,3.0402,0.353055,0.342508,17.530204,0.356823,0.0,22.841744,7425607,3712803,3712804,65.45126342773438,304565.90625,5.3047943115234375,4.7372894287109375,25165824,21895648,129900544,176391392,1360618929,13584917504,/home/kubik/Diplodocus/diplodocus-project/experiments/runs/Skydemo/cam1/ploc_emc1/repeat_02/stats.json
Skydemo,cam1,3,ploc_emc1,gpu,1024,768,32,2,8,45,25,32,4,16,36.4337158203125,6.695353,7.153508,0.034362,3.007234,0.355354,0.350259,17.488444,0.379089,0.0,22.784892,7425607,3712803,3712804,65.45126342773438,304565.90625,5.302023410797119,4.7341227531433105,25165824,21895648,129900544,176391392,1360646084,13585247632,/home/kubik/Diplodocus/diplodocus-project/experiments/runs/Skydemo/cam1/ploc_emc1/repeat_03/stats.json
Skydemo,cam1,4,ploc_emc1,gpu,1024,768,32,2,8,46,25,32,4,16,35.69898223876953,6.642064,7.548752,0.035549,3.019806,0.352833,0.346345,17.478664,0.367781,0.0,22.780328,7425607,3712803,3712804,65.45126342773438,304565.90625,5.314717769622803,4.747050762176514,25165824,21895648,129900544,176391392,1360539543,13584804728,/home/kubik/Diplodocus/diplodocus-project/experiments/runs/Skydemo/cam1/ploc_emc1/repeat_04/stats.json
Skydemo,cam1,0,ploc_emc2,gpu,1024,768,32,2,8,42,25,32,4,16,35.971923828125,6.977653,7.297806,0.04428,3.320404,0.372955,0.356955,17.6053,0.373649,0.0,23.245062,7425607,3712803,3712804,64.63780975341797,304565.90625,4.68026065826416,4.10508918762207,25165824,21895648,129900544,176391392,1161328154,12729811534,/home/kubik/Diplodocus/diplodocus-project/experiments/runs/Skydemo/cam1/ploc_emc2/repeat_00/stats.json
Skydemo,cam1,1,ploc_emc2,gpu,1024,768,32,2,8,43,25,32,4,16,35.927085876464844,7.022142,7.291305,0.045327,3.342333,0.35473,0.356118,17.578604,0.365481,0.0,23.20966,7425607,3712803,3712804,64.63780975341797,304565.90625,4.687958240509033,4.1158061027526855,25165824,21895648,129900544,176391392,1161362956,12729734137,/home/kubik/Diplodocus/diplodocus-project/experiments/runs/Skydemo/cam1/ploc_emc2/repeat_01/stats.json
Skydemo,cam1,2,ploc_emc2,gpu,1024,768,32,2,8,44,25,32,4,16,37.565006256103516,6.955303,8.794576,0.044209,3.309927,0.360662,0.357731,17.629378,0.38944,0.0,23.262546,7425607,3712803,3712804,64.63780975341797,304565.90625,4.695783615112305,4.121777057647705,25165824,21895648,129900544,176391392,1161340499,12729596813,/home/kubik/Diplodocus/diplodocus-project/experiments/runs/Skydemo/cam1/ploc_emc2/repeat_02/stats.json
Skydemo,cam1,3,ploc_emc2,gpu,1024,768,32,2,8,45,25,32,4,16,37.475399017333984,6.996021,8.872027,0.045258,3.339051,0.357377,0.35459,17.53468,0.369882,0.0,23.170756,7425607,3712803,3712804,64.63780975341797,304565.90625,4.718623638153076,4.13440465927124,25165824,21895648,129900544,176391392,1161371506,12729881157,/home/kubik/Diplodocus/diplodocus-project/experiments/runs/Skydemo/cam1/ploc_emc2/repeat_03/stats.json
Skydemo,cam1,4,ploc_emc2,gpu,1024,768,32,2,8,46,25,32,4,16,36.33928680419922,7.016344,7.657488,0.046235,3.360423,0.359057,0.359271,17.553112,0.365551,0.0,23.207988,7425607,3712803,3712804,64.63780975341797,304565.90625,4.696932792663574,4.121882438659668,25165824,21895648,129900544,176391392,1161284511,12729397968,/home/kubik/Diplodocus/diplodocus-project/experiments/runs/Skydemo/cam1/ploc_emc2/repeat_04/stats.json
Skydemo,cam1,0,ploc_sobb,gpu,1024,768,32,2,8,42,25,32,4,16,117.50807189941406,6.7235,10.828437,0.036667,3.049908,0.361421,0.358213,17.500476,0.362765,3.267533,23.020052,7425607,3712803,3712804,83.27005004882812,333572.1875,6.856503486633301,6.151371955871582,25165824,21895648,129900544,176391392,653091763,11087216601,/home/kubik/Diplodocus/diplodocus-project/experiments/runs/Skydemo/cam1/ploc_sobb/repeat_00/stats.json
Skydemo,cam1,1,ploc_sobb,gpu,1024,768,32,2,8,43,25,32,4,16,116.29415893554688,6.706528,10.886476,0.037155,3.061292,0.36198,0.353123,17.58008,0.373373,3.279896,23.110146,7425607,3712803,3712804,83.27005004882812,333572.1875,6.816712856292725,6.116863250732422,25165824,21895648,129900544,176391392,653085120,11087119813,/home/kubik/Diplodocus/diplodocus-project/experiments/runs/Skydemo/cam1/ploc_sobb/repeat_01/stats.json
Skydemo,cam1,2,ploc_sobb,gpu,1024,768,32,2,8,44,25,32,4,16,114.15533447265625,6.693468,10.083219,0.038063,3.048301,0.372398,0.353401,17.490406,0.359056,3.018479,22.996654,7425607,3712803,3712804,83.27005004882812,333572.1875,6.838740348815918,6.139265060424805,25165824,21895648,129900544,176391392,653081369,11087034716,/home/kubik/Diplodocus/diplodocus-project/experiments/runs/Skydemo/cam1/ploc_sobb/repeat_02/stats.json
Skydemo,cam1,3,ploc_sobb,gpu,1024,768,32,2,8,45,25,32,4,16,118.09536743164062,6.728178,11.338625,0.037156,3.020574,0.354235,0.350395,17.50807,0.367861,3.765922,22.982198,7425607,3712803,3712804,83.27005004882812,333572.1875,6.861433982849121,6.158993721008301,25165824,21895648,129900544,176391392,653095199,11087208731,/home/kubik/Diplodocus/diplodocus-project/experiments/runs/Skydemo/cam1/ploc_sobb/repeat_03/stats.json
Skydemo,cam1,4,ploc_sobb,gpu,1024,768,32,2,8,46,25,32,4,16,114.09135437011719,6.674191,10.299107,0.036038,3.014847,0.356538,0.356265,17.605086,0.365476,3.118213,23.057268,7425607,3712803,3712804,83.27005004882812,333572.1875,6.812828540802002,6.121427536010742,25165824,21895648,129900544,176391392,653051741,11086895619,/home/kubik/Diplodocus/diplodocus-project/experiments/runs/Skydemo/cam1/ploc_sobb/repeat_04/stats.json
Skydemo,cam1,0,ploc_emc1_sobb,gpu,1024,768,32,2,8,42,25,32,4,16,113.21917724609375,6.738724,10.2273,0.037156,3.058009,0.353335,0.344946,17.52246,0.361567,2.203289,23.042596,7425607,3712803,3712804,83.58550262451172,333572.1875,7.196891784667969,6.4960808753967285,25165824,21895648,129900544,176391392,663435022,11335896691,/home/kubik/Diplodocus/diplodocus-project/experiments/runs/Skydemo/cam1/ploc_emc1_sobb/repeat_00/stats.json
Skydemo,cam1,1,ploc_emc1_sobb,gpu,1024,768,32,2,8,43,25,32,4,16,116.13031005859375,6.753461,11.27424,0.036038,3.038732,0.357786,0.368761,17.458424,0.373794,2.710269,23.024264,7425607,3712803,3712804,83.58550262451172,333572.1875,7.17618989944458,6.478503704071045,25165824,21895648,129900544,176391392,663436799,11335710618,/home/kubik/Diplodocus/diplodocus-project/experiments/runs/Skydemo/cam1/ploc_emc1_sobb/repeat_01/stats.json
Skydemo,cam1,2,ploc_emc1_sobb,gpu,1024,768,32,2,8,44,25,32,4,16,116.22354888916016,6.656591,10.716478,0.035829,3.023298,0.354516,0.35829,17.625472,0.37407,3.276194,23.110624,7425607,3712803,3712804,83.58550262451172,333572.1875,7.212300777435303,6.5097455978393555,25165824,21895648,129900544,176391392,663429912,11335684423,/home/kubik/Diplodocus/diplodocus-project/experiments/runs/Skydemo/cam1/ploc_emc1_sobb/repeat_02/stats.json
Skydemo,cam1,3,ploc_emc1_sobb,gpu,1024,768,32,2,8,45,25,32,4,16,116.03755950927734,6.714001,11.262501,0.038133,3.043272,0.35772,0.36003,17.491038,0.38015,2.706288,23.022188,7425607,3712803,3712804,83.58550262451172,333572.1875,7.207408428192139,6.501389980316162,25165824,21895648,129900544,176391392,663442392,11335951283,/home/kubik/Diplodocus/diplodocus-project/experiments/runs/Skydemo/cam1/ploc_emc1_sobb/repeat_03/stats.json
Skydemo,cam1,4,ploc_emc1_sobb,gpu,1024,768,32,2,8,46,25,32,4,16,113.1482162475586,6.649886,10.272003,0.034851,2.990262,0.358358,0.342286,17.565208,0.366811,3.178834,23.052152,7425607,3712803,3712804,83.58550262451172,333572.1875,7.186288356781006,6.495490074157715,25165824,21895648,129900544,176391392,663396127,11335610914,/home/kubik/Diplodocus/diplodocus-project/experiments/runs/Skydemo/cam1/ploc_emc1_sobb/repeat_04/stats.json
Skydemo,cam1,0,ploc_emc2_sobb,gpu,1024,768,32,2,8,42,25,32,4,16,116.99878692626953,7.026052,10.853228,0.044838,3.351693,0.373721,0.359609,17.70048,0.383435,3.29128,23.565992,7425607,3712803,3712804,82.39280700683594,333572.1875,6.69859504699707,5.999383926391602,25165824,21895648,129900544,176391392,632959672,10823466671,/home/kubik/Diplodocus/diplodocus-project/experiments/runs/Skydemo/cam1/ploc_emc2_sobb/repeat_00/stats.json
Skydemo,cam1,1,ploc_emc2_sobb,gpu,1024,768,32,2,8,43,25,32,4,16,116.68421936035156,6.961868,10.93752,0.043512,3.29561,0.371764,0.350609,17.546056,0.371764,3.284156,23.34374,7425607,3712803,3712804,82.39280700683594,333572.1875,6.647573947906494,5.950591087341309,25165824,21895648,129900544,176391392,632960805,10823291098,/home/kubik/Diplodocus/diplodocus-project/experiments/runs/Skydemo/cam1/ploc_emc2_sobb/repeat_01/stats.json
Skydemo,cam1,2,ploc_emc2_sobb,gpu,1024,768,32,2,8,44,25,32,4,16,117.18170166015625,7.022142,10.77773,0.043302,3.335489,0.357309,0.367155,17.503808,0.376515,3.283527,23.33396,7425607,3712803,3712804,82.39280700683594,333572.1875,6.6763105392456055,5.9773783683776855,25165824,21895648,129900544,176391392,632956701,10823247569,/home/kubik/Diplodocus/diplodocus-project/experiments/runs/Skydemo/cam1/ploc_emc2_sobb/repeat_02/stats.json
Skydemo,cam1,3,ploc_emc2_sobb,gpu,1024,768,32,2,8,45,25,32,4,16,115.16020965576172,6.911861,10.354836,0.043442,3.298962,0.36359,0.359001,17.5967,0.371195,3.288696,23.376632,7425607,3712803,3712804,82.39280700683594,333572.1875,6.676406383514404,5.976657867431641,25165824,21895648,129900544,176391392,632971634,10823463465,/home/kubik/Diplodocus/diplodocus-project/experiments/runs/Skydemo/cam1/ploc_emc2_sobb/repeat_03/stats.json
Skydemo,cam1,4,ploc_emc2_sobb,gpu,1024,768,32,2,8,46,25,32,4,16,114.2809066772461,6.947201,10.562057,0.042953,3.310695,0.376521,0.354875,17.72493,0.379524,3.289394,23.530328,7425607,3712803,3712804,82.39280700683594,333572.1875,6.638256549835205,5.930963039398193,25165824,21895648,129900544,176391392,632925286,10823047869,/home/kubik/Diplodocus/diplodocus-project/experiments/runs/Skydemo/cam1/ploc_emc2_sobb/repeat_04/stats.json
Skydemo,cam2,0,ploc,gpu,1024,768,32,2,8,42,25,32,4,16,35.565162658691406,6.671188,7.278884,0.036248,3.050676,0.363244,0.347887,17.574136,0.369666,0.0,22.914092,7425607,3712803,3712804,65.24820709228516,304565.90625,6.126229763031006,5.551774978637695,25165824,40410048,190154880,254592416,1632055197,19433139544,/home/kubik/Diplodocus/diplodocus-project/experiments/runs/Skydemo/cam2/ploc/repeat_00/stats.json
Skydemo,cam2,1,ploc,gpu,1024,768,32,2,8,43,25,32,4,16,36.16370391845703,6.719378,7.795011,0.036178,3.049907,0.357103,0.353123,17.572528,0.366664,0.0,22.90336,7425607,3712803,3712804,65.24820709228516,304565.90625,6.115726947784424,5.54725980758667,25165824,40410048,190154880,254592416,1632174047,19433417556,/home/kubik/Diplodocus/diplodocus-project/experiments/runs/Skydemo/cam2/ploc/repeat_01/stats.json
Skydemo,cam2,2,ploc,gpu,1024,768,32,2,8,44,25,32,4,16,35.962703704833984,6.731111,7.525981,0.05294,3.091393,0.359331,0.363038,17.631622,0.373997,0.0,23.03614,7425607,3712803,3712804,65.24820709228516,304565.90625,6.15507698059082,5.581532001495361,25165824,40410048,190154880,254592416,1632179599,19433379741,/home/kubik/Diplodocus/diplodocus-project/experiments/runs/Skydemo/cam2/ploc/repeat_02/stats.json
Skydemo,cam2,3,ploc,gpu,1024,768,32,2,8,45,25,32,4,16,35.89481735229492,6.688439,7.526961,0.035759,3.03147,0.361364,0.364502,17.57609,0.372332,0.0,22.939584,7425607,3712803,3712804,65.24820709228516,304565.90625,6.116599082946777,5.540956020355225,25165824,40410048,190154880,254592416,1632129523,19433352878,/home/kubik/Diplodocus/diplodocus-project/experiments/runs/Skydemo/cam2/ploc/repeat_03/stats.json
Skydemo,cam2,4,ploc,gpu,1024,768,32,2,8,46,25,32,4,16,35.8818244934082,6.699334,7.735785,0.037575,3.053469,0.356754,0.349204,17.433126,0.357876,0.0,22.76462,7425607,3712803,3712804,65.24820709228516,304565.90625,6.1194915771484375,5.550729274749756,25165824,40410048,190154880,254592416,1632160923,19433621912,/home/kubik/Diplodocus/diplodocus-project/experiments/runs/Skydemo/cam2/ploc/repeat_04/stats.json
Skydemo,cam2,0,ploc_emc1,gpu,1024,768,32,2,8,42,25,32,4,16,35.88908767700195,6.688298,7.582483,0.036318,3.019596,0.360028,0.349774,17.541804,0.360384,0.0,22.861076,7425607,3712803,3712804,65.45126342773438,304565.90625,6.183554172515869,5.599001407623291,25165824,40410048,190154880,254592416,1610905117,19029030129,/home/kubik/Diplodocus/diplodocus-project/experiments/runs/Skydemo/cam2/ploc_emc1/repeat_00/stats.json
Skydemo,cam2,1,ploc_emc1,gpu,1024,768,32,2,8,43,25,32,4,16,35.646949768066406,6.637314,7.520809,0.034712,3.008421,0.361362,0.340838,17.424462,0.353743,0.0,22.710312,7425607,3712803,3712804,65.45126342773438,304565.90625,6.155594348907471,5.579193592071533,25165824,40410048,190154880,254592416,1610925523,19029061770,/home/kubik/Diplodocus/diplodocus-project/experiments/runs/Skydemo/cam2/ploc_emc1/repeat_01/stats.json
Skydemo,cam2,2,ploc_emc1,gpu,1024,768,32,2,8,44,25,32,4,16,35.571659088134766,6.636477,7.343487,0.034851,3.017012,0.351084,0.344529,17.518972,0.354512,0.0,22.789754,7425607,3712803,3712804,65.45126342773438,304565.90625,6.198222637176514,5.616199493408203,25165824,40410048,190154880,254592416,1610903575,19028868230,/home/kubik/Diplodocus/diplodocus-project/experiments/runs/Skydemo/cam2/ploc_emc1/repeat_02/stats.json
Skydemo,cam2,3,ploc_emc1,gpu,1024,768,32,2,8,45,25,32,4,16,35.35131072998047,6.676496,7.155326,0.034362,3.051095,0.361995,0.350956,17.476496,0.36268,0.0,22.811264,7425607,3712803,3712804,65.45126342773438,304565.90625,6.168045520782471,5.590973854064941,25165824,40410048,190154880,254592416,1610946023,19029295811,/home/kubik/Diplodocus/diplodocus-project/experiments/runs/Skydemo/cam2/ploc_emc1/repeat_03/stats.json
Skydemo,cam2,4,ploc_emc1,gpu,1024,768,32,2,8,46,25,32,4,16,36.19129180908203,6.732788,7.764697,0.037994,3.008282,0.350255,0.349973,17.606548,0.387836,0.0,22.950688,7425607,3712803,3712804,65.45126342773438,304565.90625,6.186315059661865,5.597925186157227,25165824,40410048,190154880,254592416,1610936327,19029440369,/home/kubik/Diplodocus/diplodocus-project/experiments/runs/Skydemo/cam2/ploc_emc1/repeat_04/stats.json
Skydemo,cam2,0,ploc_emc2,gpu,1024,768,32,2,8,42,25,32,4,16,36.40109634399414,7.011246,7.766232,0.044419,3.299939,0.350537,0.353466,17.59872,0.364435,0.0,23.185696,7425607,3712803,3712804,64.63780975341797,304565.90625,5.8242645263671875,5.245208740234375,25165824,40410048,190154880,254592416,1497546111,17857891323,/home/kubik/Diplodocus/diplodocus-project/experiments/runs/Skydemo/cam2/ploc_emc2/repeat_00/stats.json
Skydemo,cam2,1,ploc_emc2,gpu,1024,768,32,2,8,43,25,32,4,16,36.130950927734375,7.018439,7.504535,0.046165,3.299311,0.369047,0.350118,17.542008,0.368343,0.0,23.159516,7425607,3712803,3712804,64.63780975341797,304565.90625,5.826966762542725,5.214378833770752,25165824,40410048,190154880,254592416,1497612695,17858098202,/home/kubik/Diplodocus/diplodocus-project/experiments/runs/Skydemo/cam2/ploc_emc2/repeat_01/stats.json
Skydemo,cam2,2,ploc_emc2,gpu,1024,768,32,2,8,44,25,32,4,16,37.18604278564453,7.020116,8.361283,0.04428,3.347781,0.367922,0.358629,17.62793,0.364076,0.0,23.276356,7425607,3712803,3712804,64.63780975341797,304565.90625,5.795269012451172,5.196359634399414,25165824,40410048,190154880,254592416,1497556044,17857617325,/home/kubik/Diplodocus/diplodocus-project/experiments/runs/Skydemo/cam2/ploc_emc2/repeat_02/stats.json
Skydemo,cam2,3,ploc_emc2,gpu,1024,768,32,2,8,45,25,32,4,16,36.333770751953125,6.927087,7.652597,0.042603,3.289883,0.357309,0.36967,17.661924,0.364653,0.0,23.258332,7425607,3712803,3712804,64.63780975341797,304565.90625,5.809152126312256,5.227015018463135,25165824,40410048,190154880,254592416,1497607086,17858104344,/home/kubik/Diplodocus/diplodocus-project/experiments/runs/Skydemo/cam2/ploc_emc2/repeat_03/stats.json
Skydemo,cam2,4,ploc_emc2,gpu,1024,768,32,2,8,46,25,32,4,16,37.4668083190918,6.994624,8.706151,0.043651,3.28199,0.357037,0.352421,17.705576,0.363597,0.0,23.28192,7425607,3712803,3712804,64.63780975341797,304565.90625,5.791754245758057,5.215892791748047,25165824,40410048,190154880,254592416,1497667564,17858467327,/home/kubik/Diplodocus/diplodocus-project/experiments/runs/Skydemo/cam2/ploc_emc2/repeat_04/stats.json
Skydemo,cam2,0,ploc_sobb,gpu,1024,768,32,2,8,42,25,32,4,16,117.37013244628906,6.687461,10.952618,0.062718,3.040619,0.360451,0.349424,17.503036,0.361003,3.278708,23.015292,7425607,3712803,3712804,83.27005004882812,333572.1875,9.372127532958984,8.666135787963867,25165824,40410048,190154880,254592416,969696769,17414904093,/home/kubik/Diplodocus/diplodocus-project/experiments/runs/Skydemo/cam2/ploc_sobb/repeat_00/stats.json
Skydemo,cam2,1,ploc_sobb,gpu,1024,768,32,2,8,43,25,32,4,16,116.85176849365234,6.692908,10.824308,0.03541,3.058917,0.352907,0.356196,17.560174,0.371764,3.276962,23.070404,7425607,3712803,3712804,83.27005004882812,333572.1875,9.462892532348633,8.744513511657715,25165824,40410048,190154880,254592416,969744961,17415082622,/home/kubik/Diplodocus/diplodocus-project/experiments/runs/Skydemo/cam2/ploc_sobb/repeat_01/stats.json
Skydemo,cam2,2,ploc_sobb,gpu,1024,768,32,2,8,44,25,32,4,16,115.47295379638672,6.7008,10.808597,0.038623,3.023158,0.362967,0.368762,17.58532,0.367226,3.275215,23.10922,7425607,3712803,3712804,83.27005004882812,333572.1875,9.364612579345703,8.642827033996582,25165824,40410048,190154880,254592416,969741023,17415013653,/home/kubik/Diplodocus/diplodocus-project/experiments/runs/Skydemo/cam2/ploc_sobb/repeat_02/stats.json
Skydemo,cam2,3,ploc_sobb,gpu,1024,768,32,2,8,45,25,32,4,16,116.04600524902344,6.713093,10.906162,0.050007,3.068275,0.363327,0.351302,17.548088,0.36897,3.282899,23.08487,7425607,3712803,3712804,83.27005004882812,333572.1875,9.352296829223633,8.633147239685059,25165824,40410048,190154880,254592416,969707039,17415010951,/home/kubik/Diplodocus/diplodocus-project/experiments/runs/Skydemo/cam2/ploc_sobb/repeat_03/stats.json
Skydemo,cam2,4,ploc_sobb,gpu,1024,768,32,2,8,46,25,32,4,16,118.00093841552734,6.731042,10.823261,0.036736,3.017291,0.359604,0.364781,17.64866,0.384128,3.280244,23.181004,7425607,3712803,3712804,83.27005004882812,333572.1875,9.3756103515625,8.65839672088623,25165824,40410048,190154880,254592416,969769732,17415334293,/home/kubik/Diplodocus/diplodocus-project/experiments/runs/Skydemo/cam2/ploc_sobb/repeat_04/stats.json
Skydemo,cam2,0,ploc_emc1_sobb,gpu,1024,768,32,2,8,42,25,32,4,16,116.54125213623047,6.688858,11.513715,0.034432,3.056961,0.362119,0.359964,17.517508,0.35878,2.822434,23.037764,7425607,3712803,3712804,83.58550262451172,333572.1875,9.38433837890625,8.67861270904541,25165824,40410048,190154880,254592416,950754784,16787796487,/home/kubik/Diplodocus/diplodocus-project/experiments/runs/Skydemo/cam2/ploc_emc1_sobb/repeat_00/stats.json
Skydemo,cam2,1,ploc_emc1_sobb,gpu,1024,768,32,2,8,43,25,32,4,16,115.97504425048828,6.637175,10.745949,0.036178,3.011146,0.356191,0.352549,17.473564,0.378541,3.278499,22.953712,7425607,3712803,3712804,83.58550262451172,333572.1875,9.404182434082031,8.670161247253418,25165824,40410048,190154880,254592416,950765797,16787817207,/home/kubik/Diplodocus/diplodocus-project/experiments/runs/Skydemo/cam2/ploc_emc1_sobb/repeat_01/stats.json
Skydemo,cam2,2,ploc_emc1_sobb,gpu,1024,768,32,2,8,44,25,32,4,16,114.6553955078125,6.763029,10.106972,0.036806,3.076447,0.364019,0.347604,17.524616,0.364289,3.038453,23.084636,7425607,3712803,3712804,83.58550262451172,333572.1875,9.446224212646484,8.722983360290527,25165824,40410048,190154880,254592416,950775183,16787728737,/home/kubik/Diplodocus/diplodocus-project/experiments/runs/Skydemo/cam2/ploc_emc1_sobb/repeat_02/stats.json
Skydemo,cam2,3,ploc_emc1_sobb,gpu,1024,768,32,2,8,45,25,32,4,16,116.75967407226562,6.670008,10.76345,0.034781,3.018031,0.357097,0.351101,17.531164,0.379997,3.29537,23.037984,7425607,3712803,3712804,83.58550262451172,333572.1875,9.375984191894531,8.666412353515625,25165824,40410048,190154880,254592416,950768492,16788046726,/home/kubik/Diplodocus/diplodocus-project/experiments/runs/Skydemo/cam2/ploc_emc1_sobb/repeat_03/stats.json
Skydemo,cam2,4,ploc_emc1_sobb,gpu,1024,768,32,2,8,46,25,32,4,16,115.56492614746094,6.730491,10.61015,0.038133,3.043524,0.358561,0.358634,17.690616,0.368199,3.281541,23.224472,7425607,3712803,3712804,83.58550262451172,333572.1875,9.38880443572998,8.679484367370605,25165824,40410048,190154880,254592416,950793714,16788162500,/home/kubik/Diplodocus/diplodocus-project/experiments/runs/Skydemo/cam2/ploc_emc1_sobb/repeat_04/stats.json
Skydemo,cam2,0,ploc_emc2_sobb,gpu,1024,768,32,2,8,42,25,32,4,16,116.92195129394531,7.063424,10.948677,0.066698,3.32198,0.358217,0.353117,17.515236,0.3756,3.289853,23.396672,7425607,3712803,3712804,82.39280700683594,333572.1875,8.898758888244629,8.201221466064453,25165824,40410048,190154880,254592416,900096777,15886484291,/home/kubik/Diplodocus/diplodocus-project/experiments/runs/Skydemo/cam2/ploc_emc2_sobb/repeat_00/stats.json
Skydemo,cam2,1,ploc_emc2_sobb,gpu,1024,768,32,2,8,43,25,32,4,16,116.29116821289062,6.93792,10.961451,0.043581,3.311714,0.357224,0.368824,17.603592,0.387336,3.286711,23.4151,7425607,3712803,3712804,82.39280700683594,333572.1875,8.897887229919434,8.181315422058105,25165824,40410048,190154880,254592416,900129468,15886626308,/home/kubik/Diplodocus/diplodocus-project/experiments/runs/Skydemo/cam2/ploc_emc2_sobb/repeat_01/stats.json
Skydemo,cam2,2,ploc_emc2_sobb,gpu,1024,768,32,2,8,44,25,32,4,16,118.08573913574219,6.996727,10.9706,0.043441,3.318907,0.362612,0.370505,17.517764,0.36269,3.296279,23.33834,7425607,3712803,3712804,82.39280700683594,333572.1875,8.902166366577148,8.199166297912598,25165824,40410048,190154880,254592416,900116736,15886320869,/home/kubik/Diplodocus/diplodocus-project/experiments/runs/Skydemo/cam2/ploc_emc2_sobb/repeat_02/stats.json
Skydemo,cam2,3,ploc_emc2_sobb,gpu,1024,768,32,2,8,45,25,32,4,16,116.30789184570312,6.977802,10.844753,0.043232,3.338184,0.358426,0.358426,17.683068,0.370216,3.277003,23.489916,7425607,3712803,3712804,82.39280700683594,333572.1875,8.942977905273438,8.2247896194458,25165824,40410048,190154880,254592416,900119032,15886629604,/home/kubik/Diplodocus/diplodocus-project/experiments/runs/Skydemo/cam2/ploc_emc2_sobb/repeat_03/stats.json
Skydemo,cam2,4,ploc_emc2_sobb,gpu,1024,768,32,2,8,46,25,32,4,16,114.48086547851562,7.035211,10.300133,0.045885,3.333785,0.359961,0.347395,17.555836,0.385034,2.26934,23.368086,7425607,3712803,3712804,82.39280700683594,333572.1875,8.903911590576172,8.195487976074219,25165824,40410048,190154880,254592416,900166061,15886912112,/home/kubik/Diplodocus/diplodocus-project/experiments/runs/Skydemo/cam2/ploc_emc2_sobb/repeat_04/stats.json
Sponza,cam0,0,ploc,gpu,1024,768,32,2,8,42,25,32,4,16,9.478107452392578,1.71641,2.869901,0.049727,0.505159,0.23305,0.2244,2.847689,0.231743,0.0,4.275309,524537,262268,262269,157.36953735351562,21514.21875,1.563489556312561,1.4581423997879028,25165824,13266464,38388128,76790464,897657856,8254640544,/home/kubik/Diplodocus/diplodocus-project/experiments/runs/Sponza/cam0/ploc/repeat_00/stats.json
Sponza,cam0,1,ploc,gpu,1024,768,32,2,8,43,25,32,4,16,9.489420890808105,1.58909,2.898955,0.034781,0.528137,0.236829,0.230054,2.881633,0.240672,0.0,4.346194,524537,262268,262269,157.36953735351562,21514.21875,1.5669281482696533,1.4567822217941284,25165824,13266464,38388128,76790464,897657856,8254640544,/home/kubik/Diplodocus/diplodocus-project/experiments/runs/Sponza/cam0/ploc/repeat_01/stats.json
Sponza,cam0,2,ploc,gpu,1024,768,32,2,8,44,25,32,4,16,9.261740684509277,1.508842,2.847615,0.033803,0.501947,0.23488,0.23187,2.861309,0.239699,0.0,4.28712,524537,262268,262269,157.36953735351562,21514.21875,1.5610536336898804,1.4541652202606201,25165824,13266464,38388128,76790464,897657856,8254640544,/home/kubik/Diplodocus/diplodocus-project/experiments/runs/Sponza/cam0/ploc/repeat_02/stats.json
Sponza,cam0,3,ploc,gpu,1024,768,32,2,8,45,25,32,4,16,9.312934875488281,1.568137,2.856278,0.033873,0.503273,0.236559,0.23376,2.841895,0.233825,0.0,4.266518,524537,262268,262269,157.36953735351562,21514.21875,1.552439570426941,1.4485924243927002,25165824,13266464,38388128,76790464,897657856,8254640544,/home/kubik/Diplodocus/diplodocus-project/experiments/runs/Sponza/cam0/ploc/repeat_03/stats.json
Sponza,cam0,4,ploc,gpu,1024,768,32,2,8,46,25,32,4,16,9.306090354919434,1.555357,2.875213,0.033384,0.527718,0.233197,0.228378,2.832674,0.232921,0.0,4.280473,524537,262268,262269,157.36953735351562,21514.21875,1.566497564315796,1.4551920890808105,25165824,13266464,38388128,76790464,897657856,8254640544,/home/kubik/Diplodocus/diplodocus-project/experiments/runs/Sponza/cam0/ploc/repeat_04/stats.json
Sponza,cam0,0,ploc_emc1,gpu,1024,768,32,2,8,42,25,32,4,16,9.52434253692627,1.553262,2.969081,0.032965,0.498873,0.238293,0.247301,2.899024,0.246123,0.0,4.356528,524537,262268,262269,157.7755584716797,21514.21875,1.549659252166748,1.4464704990386963,25165824,13266464,38388128,76790464,890833248,8170493088,/home/kubik/Diplodocus/diplodocus-project/experiments/runs/Sponza/cam0/ploc_emc1/repeat_00/stats.json
Sponza,cam0,1,ploc_emc1,gpu,1024,768,32,2,8,43,25,32,4,16,9.623726844787598,1.608785,2.970476,0.042463,0.509489,0.245414,0.240811,2.911814,0.251295,0.0,4.39663,524537,262268,262269,157.7755584716797,21514.21875,1.5508853197097778,1.4434388875961304,25165824,13266464,38388128,76790464,890833248,8170493088,/home/kubik/Diplodocus/diplodocus-project/experiments/runs/Sponza/cam0/ploc_emc1/repeat_01/stats.json
Sponza,cam0,2,ploc_emc1,gpu,1024,768,32,2,8,44,25,32,4,16,9.545226097106934,1.547535,2.94253,0.034292,0.505718,0.24732,0.239343,2.944836,0.245218,0.0,4.420802,524537,262268,262269,157.7755584716797,21514.21875,1.5386425256729126,1.4333059787750244,25165824,13266464,38388128,76790464,890833248,8170493088,/home/kubik/Diplodocus/diplodocus-project/experiments/runs/Sponza/cam0/ploc_emc1/repeat_02/stats.json
Sponza,cam0,3,ploc_emc1,gpu,1024,768,32,2,8,45,25,32,4,16,9.645447731018066,1.569046,2.988838,0.032895,0.498873,0.244304,0.242902,2.983535,0.248634,0.0,4.453472,524537,262268,262269,157.7755584716797,21514.21875,1.550948977470398,1.442165493965149,25165824,13266464,38388128,76790464,890833248,8170493088,/home/kubik/Diplodocus/diplodocus-project/experiments/runs/Sponza/cam0/ploc_emc1/repeat_03/stats.json
Sponza,cam0,4,ploc_emc1,gpu,1024,768,32,2,8,46,25,32,4,16,9.560032844543457,1.541319,2.965027,0.032895,0.505229,0.244517,0.2378,2.944839,0.249895,0.0,4.40584,524537,262268,262269,157.7755584716797,21514.21875,1.5482767820358276,1.4449477195739746,25165824,13266464,38388128,76790464,890833248,8170493088,/home/kubik/Diplodocus/diplodocus-project/experiments/runs/Sponza/cam0/ploc_emc1/repeat_04/stats.json
Sponza,cam0,0,ploc_emc2,gpu,1024,768,32,2,8,42,25,32,4,16,9.685816764831543,1.542925,3.010282,0.044698,0.505787,0.247448,0.253033,2.980528,0.249405,0.0,4.468072,524537,262268,262269,159.14794921875,21514.21875,1.600430965423584,1.4963276386260986,25165824,13266432,38388096,76790400,914024384,8926338368,/home/kubik/Diplodocus/diplodocus-project/experiments/runs/Sponza/cam0/ploc_emc2/repeat_00/stats.json
Sponza,cam0,1,ploc_emc2,gpu,1024,768,32,2,8,43,25,32,4,16,9.776050567626953,1.64175,3.027742,0.041415,0.555235,0.254775,0.243818,2.982346,0.252329,0.0,4.519955,524537,262268,262269,159.14794921875,21514.21875,1.5875489711761475,1.4811700582504272,25165824,13266432,38388096,76790400,914024384,8926338368,/home/kubik/Diplodocus/diplodocus-project/experiments/runs/Sponza/cam0/ploc_emc2/repeat_01/stats.json
Sponza,cam0,2,ploc_emc2,gpu,1024,768,32,2,8,44,25,32,4,16,9.84051513671875,1.601033,3.02077,0.042812,0.511445,0.247512,0.244308,3.08997,0.249892,0.0,4.573812,524537,262268,262269,159.14794921875,21514.21875,1.5955582857131958,1.4901208877563477,25165824,13266432,38388096,76790400,914024384,8926338368,/home/kubik/Diplodocus/diplodocus-project/experiments/runs/Sponza/cam0/ploc_emc2/repeat_02/stats.json
Sponza,cam0,3,ploc_emc2,gpu,1024,768,32,2,8,45,25,32,4,16,9.686655044555664,1.596843,3.002594,0.04379,0.514728,0.260232,0.243467,2.974799,0.252402,0.0,4.497894,524537,262268,262269,159.14794921875,21514.21875,1.6014564037322998,1.4966843128204346,25165824,13266432,38388096,76790400,914024384,8926338368,/home/kubik/Diplodocus/diplodocus-project/experiments/runs/Sponza/cam0/ploc_emc2/repeat_03/stats.json
Sponza,cam0,4,ploc_emc2,gpu,1024,768,32,2,8,46,25,32,4,16,9.68784236907959,1.531821,3.01322,0.041346,0.496709,0.252341,0.2406,2.975429,0.26588,0.0,4.463949,524537,262268,262269,159.14794921875,21514.21875,1.5937613248825073,1.489766240119934,25165824,13266432,38388096,76790400,914024384,8926338368,/home/kubik/Diplodocus/diplodocus-project/experiments/runs/Sponza/cam0/ploc_emc2/repeat_04/stats.json
Sponza,cam0,0,ploc_sobb,gpu,1024,768,32,2,8,42,25,32,4,16,16.447954177856445,1.580499,3.131808,0.033803,0.503972,0.233196,0.225795,2.810745,0.231872,0.441883,4.390893,524537,262268,262269,208.33401489257812,23563.19140625,2.878145217895508,2.7535624504089355,25165824,13266464,38388128,76790464,721764960,7881909504,/home/kubik/Diplodocus/diplodocus-project/experiments/runs/Sponza/cam0/ploc_sobb/repeat_00/stats.json
Sponza,cam0,1,ploc_sobb,gpu,1024,768,32,2,8,43,25,32,4,16,16.495378494262695,1.521065,3.170355,0.035689,0.482601,0.23564,0.227955,2.892181,0.244862,0.457249,4.481613,524537,262268,262269,208.33401489257812,23563.19140625,2.895749568939209,2.7725980281829834,25165824,13266464,38388128,76790464,721764960,7881909504,/home/kubik/Diplodocus/diplodocus-project/experiments/runs/Sponza/cam0/ploc_sobb/repeat_01/stats.json
Sponza,cam0,2,ploc_sobb,gpu,1024,768,32,2,8,44,25,32,4,16,16.44097137451172,1.540481,3.143754,0.034641,0.484975,0.238994,0.240468,2.835118,0.236409,0.439789,4.419531,524537,262268,262269,208.33401489257812,23563.19140625,2.8832457065582275,2.7590744495391846,25165824,13266464,38388128,76790464,721764960,7881909504,/home/kubik/Diplodocus/diplodocus-project/experiments/runs/Sponza/cam0/ploc_sobb/repeat_02/stats.json
Sponza,cam0,3,ploc_sobb,gpu,1024,768,32,2,8,45,25,32,4,16,16.45661735534668,1.550888,3.120564,0.03499,0.501109,0.235922,0.233965,2.846919,0.236272,0.441604,4.451999,524537,262268,262269,208.33401489257812,23563.19140625,2.866335391998291,2.7432730197906494,25165824,13266464,38388128,76790464,721764960,7881909504,/home/kubik/Diplodocus/diplodocus-project/experiments/runs/Sponza/cam0/ploc_sobb/repeat_03/stats.json
Sponza,cam0,4,ploc_sobb,gpu,1024,768,32,2,8,46,25,32,4,16,16.40682029724121,1.565205,3.148708,0.038203,0.479458,0.2376,0.233552,2.835959,0.237109,0.432246,4.411155,524537,262268,262269,208.33401489257812,23563.19140625,2.8559131622314453,2.7332937717437744,25165824,13266464,38388128,76790464,721764960,7881909504,/home/kubik/Diplodocus/diplodocus-project/experiments/runs/Sponza/cam0/ploc_sobb/repeat_04/stats.json
Sponza,cam0,0,ploc_emc1_sobb,gpu,1024,768,32,2,8,42,25,32,4,16,16.64826202392578,1.467638,3.212748,0.03094,0.476106,0.245072,0.237739,2.976061,0.243738,0.464581,4.564519,524537,262268,262269,208.9200439453125,23563.19140625,2.867220878601074,2.7467386722564697,25165824,13266464,38388128,76790464,718173408,7793766272,/home/kubik/Diplodocus/diplodocus-project/experiments/runs/Sponza/cam0/ploc_emc1_sobb/repeat_00/stats.json
Sponza,cam0,1,ploc_emc1_sobb,gpu,1024,768,32,2,8,43,25,32,4,16,16.674102783203125,1.540622,3.275822,0.034362,0.503413,0.254705,0.238024,2.902033,0.2471,0.47855,4.542111,524537,262268,262269,208.9200439453125,23563.19140625,2.8517906665802,2.729250907897949,25165824,13266464,38388128,76790464,718173408,7793766272,/home/kubik/Diplodocus/diplodocus-project/experiments/runs/Sponza/cam0/ploc_emc1_sobb/repeat_01/stats.json
Sponza,cam0,2,ploc_emc1_sobb,gpu,1024,768,32,2,8,44,25,32,4,16,16.735145568847656,1.503676,3.301521,0.034292,0.49182,0.243397,0.2413,2.955595,0.253316,0.451312,4.569624,524537,262268,262269,208.9200439453125,23563.19140625,2.8703203201293945,2.7457706928253174,25165824,13266464,38388128,76790464,718173408,7793766272,/home/kubik/Diplodocus/diplodocus-project/experiments/runs/Sponza/cam0/ploc_emc1_sobb/repeat_02/stats.json
Sponza,cam0,3,ploc_emc1_sobb,gpu,1024,768,32,2,8,45,25,32,4,16,16.635971069335938,1.505491,3.216943,0.033384,0.481903,0.249194,0.240534,2.944359,0.249131,0.456062,4.559791,524537,262268,262269,208.9200439453125,23563.19140625,2.8527770042419434,2.731328248977661,25165824,13266464,38388128,76790464,718173408,7793766272,/home/kubik/Diplodocus/diplodocus-project/experiments/runs/Sponza/cam0/ploc_emc1_sobb/repeat_03/stats.json
Sponza,cam0,4,ploc_emc1_sobb,gpu,1024,768,32,2,8,46,25,32,4,16,16.75323486328125,1.531402,3.234891,0.033314,0.501597,0.244361,0.23397,2.970969,0.243952,0.459763,4.593711,524537,262268,262269,208.9200439453125,23563.19140625,2.8847742080688477,2.761650323867798,25165824,13266464,38388128,76790464,718173408,7793766272,/home/kubik/Diplodocus/diplodocus-project/experiments/runs/Sponza/cam0/ploc_emc1_sobb/repeat_04/stats.json
Sponza,cam0,0,ploc_emc2_sobb,gpu,1024,768,32,2,8,42,25,32,4,16,16.771953582763672,1.530494,3.341677,0.044628,0.489306,0.249406,0.239758,2.96586,0.247443,0.507674,4.594614,524537,262268,262269,210.9141387939453,23563.19140625,2.9559309482574463,2.831589698791504,25165824,13266432,38388096,76790400,734589024,8503237216,/home/kubik/Diplodocus/diplodocus-project/experiments/runs/Sponza/cam0/ploc_emc2_sobb/repeat_00/stats.json
Sponza,cam0,1,ploc_emc2_sobb,gpu,1024,768,32,2,8,43,25,32,4,16,16.91771125793457,1.605643,3.318352,0.047213,0.477083,0.253944,0.26037,3.022574,0.255961,0.468562,4.69261,524537,262268,262269,210.9141387939453,23563.19140625,2.973773717880249,2.8500986099243164,25165824,13266432,38388096,76790400,734589024,8503237216,/home/kubik/Diplodocus/diplodocus-project/experiments/runs/Sponza/cam0/ploc_emc2_sobb/repeat_01/stats.json
Sponza,cam0,2,ploc_emc2_sobb,gpu,1024,768,32,2,8,44,25,32,4,16,16.860023498535156,1.593701,3.301727,0.041625,0.480855,0.260932,0.243954,2.999315,0.253799,0.463674,4.654898,524537,262268,262269,210.9141387939453,23563.19140625,2.9543569087982178,2.8263888359069824,25165824,13266432,38388096,76790400,734589024,8503237216,/home/kubik/Diplodocus/diplodocus-project/experiments/runs/Sponza/cam0/ploc_emc2_sobb/repeat_02/stats.json
Sponza,cam0,3,ploc_emc2_sobb,gpu,1024,768,32,2,8,45,25,32,4,16,16.85262107849121,1.601034,3.298301,0.050425,0.477153,0.253944,0.235633,3.003792,0.250242,0.497198,4.642534,524537,262268,262269,210.9141387939453,23563.19140625,2.972996473312378,2.8489859104156494,25165824,13266432,38388096,76790400,734589024,8503237216,/home/kubik/Diplodocus/diplodocus-project/experiments/runs/Sponza/cam0/ploc_emc2_sobb/repeat_03/stats.json
Sponza,cam0,4,ploc_emc2_sobb,gpu,1024,768,32,2,8,46,25,32,4,16,16.71140480041504,1.521486,3.30934,0.044279,0.484766,0.249753,0.242985,2.998412,0.251002,0.458855,4.627596,524537,262268,262269,210.9141387939453,23563.19140625,2.971670627593994,2.84892201423645,25165824,13266432,38388096,76790400,734589024,8503237216,/home/kubik/Diplodocus/diplodocus-project/experiments/runs/Sponza/cam0/ploc_emc2_sobb/repeat_04/stats.json
Sponza,cam1,0,ploc,gpu,1024,768,32,2,8,42,25,32,4,16,9.29722785949707,1.524628,2.840916,0.032895,0.505718,0.242562,0.225382,2.867878,0.23173,0.0,4.297949,524537,262268,262269,157.36953735351562,21514.21875,1.1895450353622437,1.0861363410949707,25165824,9150944,34184864,68477120,723251360,7214429440,/home/kubik/Diplodocus/diplodocus-project/experiments/runs/Sponza/cam1/ploc/repeat_00/stats.json
Sponza,cam1,1,ploc,gpu,1024,768,32,2,8,43,25,32,4,16,9.343113899230957,1.56765,2.867602,0.034572,0.525554,0.232081,0.22635,2.860546,0.233068,0.0,4.299903,524537,262268,262269,157.36953735351562,21514.21875,1.1946498155593872,1.0885086059570312,25165824,9150944,34184864,68477120,723251360,7214429440,/home/kubik/Diplodocus/diplodocus-project/experiments/runs/Sponza/cam1/ploc/repeat_01/stats.json
Sponza,cam1,2,ploc,gpu,1024,768,32,2,8,44,25,32,4,16,9.446549415588379,1.62918,2.885202,0.03478,0.547134,0.234324,0.227898,2.89302,0.23445,0.0,4.369185,524537,262268,262269,157.36953735351562,21514.21875,1.1930820941925049,1.0891438722610474,25165824,9150944,34184864,68477120,723251360,7214429440,/home/kubik/Diplodocus/diplodocus-project/experiments/runs/Sponza/cam1/ploc/repeat_02/stats.json
Sponza,cam1,3,ploc,gpu,1024,768,32,2,8,45,25,32,4,16,9.45234489440918,1.589301,2.887568,0.032477,0.541896,0.233903,0.228802,2.914112,0.2369,0.0,4.374077,524537,262268,262269,157.36953735351562,21514.21875,1.192153811454773,1.0874062776565552,25165824,9150944,34184864,68477120,723251360,7214429440,/home/kubik/Diplodocus/diplodocus-project/experiments/runs/Sponza/cam1/ploc/repeat_03/stats.json
Sponza,cam1,4,ploc,gpu,1024,768,32,2,8,46,25,32,4,16,9.350378036499023,1.53671,2.853142,0.034362,0.512353,0.236408,0.227187,2.901265,0.248568,0.0,4.34515,524537,262268,262269,157.36953735351562,21514.21875,1.1906810998916626,1.0862035751342773,25165824,9150944,34184864,68477120,723251360,7214429440,/home/kubik/Diplodocus/diplodocus-project/experiments/runs/Sponza/cam1/ploc/repeat_04/stats.json
Sponza,cam1,0,ploc_emc1,gpu,1024,768,32,2,8,42,25,32,4,16,9.547120094299316,1.538107,2.976344,0.031987,0.514798,0.24276,0.234109,2.934856,0.246394,0.0,4.39061,524537,262268,262269,157.7755584716797,21514.21875,1.1945242881774902,1.092262625694275,25165824,9150944,34184864,68477120,698927872,7086037856,/home/kubik/Diplodocus/diplodocus-project/experiments/runs/Sponza/cam1/ploc_emc1/repeat_00/stats.json
Sponza,cam1,1,ploc_emc1,gpu,1024,768,32,2,8,43,25,32,4,16,9.513736724853516,1.536641,2.949376,0.0352,0.514239,0.244725,0.242203,2.926758,0.248776,0.0,4.408573,524537,262268,262269,157.7755584716797,21514.21875,1.2026184797286987,1.0982403755187988,25165824,9150944,34184864,68477120,698927872,7086037856,/home/kubik/Diplodocus/diplodocus-project/experiments/runs/Sponza/cam1/ploc_emc1/repeat_01/stats.json
Sponza,cam1,2,ploc_emc1,gpu,1024,768,32,2,8,44,25,32,4,16,9.634490966796875,1.570095,2.990453,0.034781,0.518569,0.243954,0.245415,2.93975,0.260725,0.0,4.431555,524537,262268,262269,157.7755584716797,21514.21875,1.1955100297927856,1.0890840291976929,25165824,9150944,34184864,68477120,698927872,7086037856,/home/kubik/Diplodocus/diplodocus-project/experiments/runs/Sponza/cam1/ploc_emc1/repeat_02/stats.json
Sponza,cam1,3,ploc_emc1,gpu,1024,768,32,2,8,45,25,32,4,16,9.567094802856445,1.549282,2.962302,0.032895,0.517033,0.242067,0.242138,2.9292,0.25353,0.0,4.403618,524537,262268,262269,157.7755584716797,21514.21875,1.1973791122436523,1.0926228761672974,25165824,9150944,34184864,68477120,698927872,7086037856,/home/kubik/Diplodocus/diplodocus-project/experiments/runs/Sponza/cam1/ploc_emc1/repeat_03/stats.json
Sponza,cam1,4,ploc_emc1,gpu,1024,768,32,2,8,46,25,32,4,16,9.641197204589844,1.536641,2.983189,0.032895,0.506766,0.246466,0.2397,2.985217,0.261342,0.0,4.472271,524537,262268,262269,157.7755584716797,21514.21875,1.2020790576934814,1.0939995050430298,25165824,9150944,34184864,68477120,698927872,7086037856,/home/kubik/Diplodocus/diplodocus-project/experiments/runs/Sponza/cam1/ploc_emc1/repeat_04/stats.json
Sponza,cam1,0,ploc_emc2,gpu,1024,768,32,2,8,42,25,32,4,16,9.602853775024414,1.520926,2.98354,0.044698,0.49196,0.253241,0.243468,2.963288,0.257084,0.0,4.436794,524537,262268,262269,159.14794921875,21514.21875,1.2473055124282837,1.142486333847046,25165824,9150944,34184864,68477120,751575968,7570328416,/home/kubik/Diplodocus/diplodocus-project/experiments/runs/Sponza/cam1/ploc_emc2/repeat_00/stats.json
Sponza,cam1,1,ploc_emc2,gpu,1024,768,32,2,8,43,25,32,4,16,9.762022018432617,1.602431,3.018735,0.044349,0.517103,0.254081,0.242767,2.990525,0.251628,0.0,4.488115,524537,262268,262269,159.14794921875,21514.21875,1.2589690685272217,1.1489195823669434,25165824,9150944,34184864,68477120,751575968,7570328416,/home/kubik/Diplodocus/diplodocus-project/experiments/runs/Sponza/cam1/ploc_emc2/repeat_01/stats.json
Sponza,cam1,2,ploc_emc2,gpu,1024,768,32,2,8,44,25,32,4,16,9.739323616027832,1.617307,3.018672,0.046025,0.503833,0.266583,0.246117,2.977951,0.252121,0.0,4.491816,524537,262268,262269,159.14794921875,21514.21875,1.2519886493682861,1.147176742553711,25165824,9150944,34184864,68477120,751575968,7570328416,/home/kubik/Diplodocus/diplodocus-project/experiments/runs/Sponza/cam1/ploc_emc2/repeat_02/stats.json
Sponza,cam1,3,ploc_emc2,gpu,1024,768,32,2,8,45,25,32,4,16,9.687710762023926,1.561993,3.007284,0.047003,0.501039,0.250027,0.255057,2.966432,0.256106,0.0,4.464933,524537,262268,262269,159.14794921875,21514.21875,1.262056589126587,1.1515332460403442,25165824,9150944,34184864,68477120,751575968,7570328416,/home/kubik/Diplodocus/diplodocus-project/experiments/runs/Sponza/cam1/ploc_emc2/repeat_03/stats.json
Sponza,cam1,4,ploc_emc2,gpu,1024,768,32,2,8,46,25,32,4,16,9.708523750305176,1.546139,3.056176,0.044628,0.499712,0.251486,0.243745,2.989264,0.249476,0.0,4.472329,524537,262268,262269,159.14794921875,21514.21875,1.2542568445205688,1.1444334983825684,25165824,9150944,34184864,68477120,751575968,7570328416,/home/kubik/Diplodocus/diplodocus-project/experiments/runs/Sponza/cam1/ploc_emc2/repeat_04/stats.json
Sponza,cam1,0,ploc_sobb,gpu,1024,768,32,2,8,42,25,32,4,16,16.484285354614258,1.551657,3.160376,0.034781,0.484207,0.246749,0.233122,2.857823,0.240394,0.4393,4.449913,524537,262268,262269,208.33401489257812,23563.19140625,2.0667943954467773,1.9429537057876587,25165824,9150944,34184864,68477120,580036480,6889091424,/home/kubik/Diplodocus/diplodocus-project/experiments/runs/Sponza/cam1/ploc_sobb/repeat_00/stats.json
Sponza,cam1,1,ploc_sobb,gpu,1024,768,32,2,8,43,25,32,4,16,16.508800506591797,1.587346,3.185025,0.032406,0.486652,0.236761,0.226899,2.848323,0.234178,0.478061,4.435867,524537,262268,262269,208.33401489257812,23563.19140625,2.0846807956695557,1.956235408782959,25165824,9150944,34184864,68477120,580036480,6889091424,/home/kubik/Diplodocus/diplodocus-project/experiments/runs/Sponza/cam1/ploc_sobb/repeat_01/stats.json
Sponza,cam1,2,ploc_sobb,gpu,1024,768,32,2,8,44,25,32,4,16,16.39048957824707,1.531892,3.12301,0.034641,0.505369,0.249195,0.236969,2.82297,0.235083,0.442582,4.43434,524537,262268,262269,208.33401489257812,23563.19140625,2.0673458576202393,1.9447152614593506,25165824,9150944,34184864,68477120,580036480,6889091424,/home/kubik/Diplodocus/diplodocus-project/experiments/runs/Sponza/cam1/ploc_sobb/repeat_02/stats.json
Sponza,cam1,3,ploc_sobb,gpu,1024,768,32,2,8,45,25,32,4,16,16.46647834777832,1.545721,3.170441,0.047981,0.491681,0.234667,0.236839,2.859987,0.232844,0.446772,4.454601,524537,262268,262269,208.33401489257812,23563.19140625,2.065568685531616,1.9426673650741577,25165824,9150944,34184864,68477120,580036480,6889091424,/home/kubik/Diplodocus/diplodocus-project/experiments/runs/Sponza/cam1/ploc_sobb/repeat_03/stats.json
Sponza,cam1,4,ploc_sobb,gpu,1024,768,32,2,8,46,25,32,4,16,16.58038902282715,1.577638,3.186837,0.034292,0.501947,0.241304,0.235568,2.907268,0.240888,0.439789,4.514593,524537,262268,262269,208.33401489257812,23563.19140625,2.0708558559417725,1.9458529949188232,25165824,9150944,34184864,68477120,580036480,6889091424,/home/kubik/Diplodocus/diplodocus-project/experiments/runs/Sponza/cam1/ploc_sobb/repeat_04/stats.json
Sponza,cam1,0,ploc_emc1_sobb,gpu,1024,768,32,2,8,42,25,32,4,16,16.613983154296875,1.539155,3.198507,0.033384,0.482321,0.244163,0.236344,2.917889,0.247652,0.454036,4.517313,524537,262268,262269,208.9200439453125,23563.19140625,2.066213846206665,1.9395973682403564,25165824,9150944,34184864,68477120,553810336,6768810432,/home/kubik/Diplodocus/diplodocus-project/experiments/runs/Sponza/cam1/ploc_emc1_sobb/repeat_00/stats.json
Sponza,cam1,1,ploc_emc1_sobb,gpu,1024,768,32,2,8,43,25,32,4,16,16.673139572143555,1.575263,3.253131,0.043022,0.477503,0.248141,0.235021,2.911185,0.255198,0.464652,4.537783,524537,262268,262269,208.9200439453125,23563.19140625,2.057870388031006,1.9332760572433472,25165824,9150944,34184864,68477120,553810336,6768810432,/home/kubik/Diplodocus/diplodocus-project/experiments/runs/Sponza/cam1/ploc_emc1_sobb/repeat_01/stats.json
Sponza,cam1,2,ploc_emc1_sobb,gpu,1024,768,32,2,8,44,25,32,4,16,16.76875114440918,1.531333,3.270521,0.032267,0.495313,0.249196,0.241232,2.941635,0.257218,0.471287,4.578358,524537,262268,262269,208.9200439453125,23563.19140625,2.0669891834259033,1.9425990581512451,25165824,9150944,34184864,68477120,553810336,6768810432,/home/kubik/Diplodocus/diplodocus-project/experiments/runs/Sponza/cam1/ploc_emc1_sobb/repeat_02/stats.json
Sponza,cam1,3,ploc_emc1_sobb,gpu,1024,768,32,2,8,45,25,32,4,16,16.692834854125977,1.53287,3.236506,0.032895,0.475059,0.245488,0.236338,2.939679,0.260642,0.471776,4.578138,524537,262268,262269,208.9200439453125,23563.19140625,2.06125545501709,1.9380306005477905,25165824,9150944,34184864,68477120,553810336,6768810432,/home/kubik/Diplodocus/diplodocus-project/experiments/runs/Sponza/cam1/ploc_emc1_sobb/repeat_03/stats.json
Sponza,cam1,4,ploc_emc1_sobb,gpu,1024,768,32,2,8,46,25,32,4,16,16.781951904296875,1.538597,3.331693,0.033175,0.47869,0.241576,0.235149,2.938904,0.248925,0.50949,4.551605,524537,262268,262269,208.9200439453125,23563.19140625,2.051996946334839,1.9243954420089722,25165824,9150944,34184864,68477120,553810336,6768810432,/home/kubik/Diplodocus/diplodocus-project/experiments/runs/Sponza/cam1/ploc_emc1_sobb/repeat_04/stats.json
Sponza,cam1,0,ploc_emc2_sobb,gpu,1024,768,32,2,8,42,25,32,4,16,16.80290412902832,1.602432,3.314673,0.057619,0.495731,0.24918,0.24633,2.943524,0.252408,0.487141,4.611248,524537,262268,262269,210.9141387939453,23563.19140625,2.1622447967529297,2.037386655807495,25165824,9150944,34184864,68477120,597011456,7227696352,/home/kubik/Diplodocus/diplodocus-project/experiments/runs/Sponza/cam1/ploc_emc2_sobb/repeat_00/stats.json
Sponza,cam1,1,ploc_emc2_sobb,gpu,1024,768,32,2,8,43,25,32,4,16,16.748289108276367,1.52854,3.296491,0.041416,0.473172,0.246475,0.238088,2.997227,0.250237,0.49175,4.613,524537,262268,262269,210.9141387939453,23563.19140625,2.1564087867736816,2.0328681468963623,25165824,9150944,34184864,68477120,597011456,7227696352,/home/kubik/Diplodocus/diplodocus-project/experiments/runs/Sponza/cam1/ploc_emc2_sobb/repeat_01/stats.json
Sponza,cam1,2,ploc_emc2_sobb,gpu,1024,768,32,2,8,44,25,32,4,16,16.831819534301758,1.527493,3.283506,0.04428,0.476106,0.248914,0.252198,3.013425,0.254421,0.461858,4.654472,524537,262268,262269,210.9141387939453,23563.19140625,2.157114028930664,2.033083915710449,25165824,9150944,34184864,68477120,597011456,7227696352,/home/kubik/Diplodocus/diplodocus-project/experiments/runs/Sponza/cam1/ploc_emc2_sobb/repeat_02/stats.json
Sponza,cam1,3,ploc_emc2_sobb,gpu,1024,768,32,2,8,45,25,32,4,16,16.737045288085938,1.544115,3.310538,0.044349,0.505789,0.244717,0.242848,2.943588,0.261003,0.451731,4.597855,524537,262268,262269,210.9141387939453,23563.19140625,2.1558005809783936,2.0331907272338867,25165824,9150944,34184864,68477120,597011456,7227696352,/home/kubik/Diplodocus/diplodocus-project/experiments/runs/Sponza/cam1/ploc_emc2_sobb/repeat_03/stats.json
Sponza,cam1,4,ploc_emc2_sobb,gpu,1024,768,32,2,8,46,25,32,4,16,16.84844207763672,1.577149,3.33205,0.058597,0.491401,0.257221,0.245842,2.984025,0.249332,0.5009,4.648335,524537,262268,262269,210.9141387939453,23563.19140625,2.1802780628204346,2.056647539138794,25165824,9150944,34184864,68477120,597011456,7227696352,/home/kubik/Diplodocus/diplodocus-project/experiments/runs/Sponza/cam1/ploc_emc2_sobb/repeat_04/stats.json
Sponza,cam2,0,ploc,gpu,1024,768,32,2,8,42,25,32,4,16,9.373848915100098,1.604877,2.854188,0.033873,0.557331,0.240399,0.221401,2.856147,0.23473,0.0,4.329589,524537,262268,262269,157.36953735351562,21514.21875,0.8430806994438171,0.7392194867134094,25165824,10923552,36069760,72148512,742988064,8284515712,/home/kubik/Diplodocus/diplodocus-project/experiments/runs/Sponza/cam2/ploc/repeat_00/stats.json
Sponza,cam2,1,ploc,gpu,1024,768,32,2,8,43,25,32,4,16,9.31336784362793,1.570095,2.85755,0.033872,0.51382,0.235429,0.226067,2.839878,0.232228,0.0,4.280759,524537,262268,262269,157.36953735351562,21514.21875,0.845744252204895,0.7381846904754639,25165824,10923552,36069760,72148512,742988064,8284515712,/home/kubik/Diplodocus/diplodocus-project/experiments/runs/Sponza/cam2/ploc/repeat_01/stats.json
Sponza,cam2,2,ploc,gpu,1024,768,32,2,8,44,25,32,4,16,9.339767456054688,1.560597,2.884711,0.033872,0.525693,0.234385,0.224402,2.849306,0.240389,0.0,4.298434,524537,262268,262269,157.36953735351562,21514.21875,0.8513217568397522,0.7418404221534729,25165824,10923552,36069760,72148512,742988064,8284515712,/home/kubik/Diplodocus/diplodocus-project/experiments/runs/Sponza/cam2/ploc/repeat_02/stats.json
Sponza,cam2,3,ploc,gpu,1024,768,32,2,8,45,25,32,4,16,9.620388984680176,1.578756,2.962513,0.034711,0.528207,0.230615,0.226845,2.94715,0.232922,0.0,4.391116,524537,262268,262269,157.36953735351562,21514.21875,0.8478080630302429,0.7409633994102478,25165824,10923552,36069760,72148512,742988064,8284515712,/home/kubik/Diplodocus/diplodocus-project/experiments/runs/Sponza/cam2/ploc/repeat_03/stats.json
Sponza,cam2,4,ploc,gpu,1024,768,32,2,8,46,25,32,4,16,9.381951332092285,1.573378,2.88911,0.034781,0.511865,0.241089,0.229639,2.864874,0.238504,0.0,4.312046,524537,262268,262269,157.36953735351562,21514.21875,0.8461595177650452,0.7380958199501038,25165824,10923552,36069760,72148512,742988064,8284515712,/home/kubik/Diplodocus/diplodocus-project/experiments/runs/Sponza/cam2/ploc/repeat_04/stats.json
Sponza,cam2,0,ploc_emc1,gpu,1024,768,32,2,8,42,25,32,4,16,9.520517349243164,1.545372,2.956866,0.031987,0.497128,0.246326,0.238788,2.931512,0.243881,0.0,4.385109,524537,262268,262269,157.7755584716797,21514.21875,0.8524104356765747,0.7471035122871399,25165824,10923552,36069760,72148512,830774112,8151304064,/home/kubik/Diplodocus/diplodocus-project/experiments/runs/Sponza/cam2/ploc_emc1/repeat_00/stats.json
Sponza,cam2,1,ploc_emc1,gpu,1024,768,32,2,8,43,25,32,4,16,9.6593599319458,1.5504,2.958255,0.032476,0.512842,0.245835,0.238642,2.980404,0.249473,0.0,4.447823,524537,262268,262269,157.7755584716797,21514.21875,0.8505712151527405,0.744864821434021,25165824,10923552,36069760,72148512,830774112,8151304064,/home/kubik/Diplodocus/diplodocus-project/experiments/runs/Sponza/cam2/ploc_emc1/repeat_01/stats.json
Sponza,cam2,2,ploc_emc1,gpu,1024,768,32,2,8,44,25,32,4,16,9.584211349487305,1.571004,2.930117,0.032476,0.497617,0.248284,0.240675,2.953647,0.247722,0.0,4.426174,524537,262268,262269,157.7755584716797,21514.21875,0.8462879061698914,0.7416825890541077,25165824,10923552,36069760,72148512,830774112,8151304064,/home/kubik/Diplodocus/diplodocus-project/experiments/runs/Sponza/cam2/ploc_emc1/repeat_02/stats.json
Sponza,cam2,3,ploc_emc1,gpu,1024,768,32,2,8,45,25,32,4,16,9.503684997558594,1.512826,2.95616,0.033174,0.501319,0.244856,0.238157,2.912998,0.258346,0.0,4.374768,524537,262268,262269,157.7755584716797,21514.21875,0.8527451753616333,0.7468811273574829,25165824,10923552,36069760,72148512,830774112,8151304064,/home/kubik/Diplodocus/diplodocus-project/experiments/runs/Sponza/cam2/ploc_emc1/repeat_03/stats.json
Sponza,cam2,4,ploc_emc1,gpu,1024,768,32,2,8,46,25,32,4,16,9.580928802490234,1.602502,2.976278,0.040019,0.502436,0.246539,0.245216,2.893026,0.247236,0.0,4.365977,524537,262268,262269,157.7755584716797,21514.21875,0.855438232421875,0.7463929057121277,25165824,10923552,36069760,72148512,830774112,8151304064,/home/kubik/Diplodocus/diplodocus-project/experiments/runs/Sponza/cam2/ploc_emc1/repeat_04/stats.json
Sponza,cam2,0,ploc_emc2,gpu,1024,768,32,2,8,42,25,32,4,16,9.797506332397461,1.605715,3.006454,0.044768,0.546227,0.267069,0.255063,3.006239,0.262325,0.0,4.567259,524537,262268,262269,159.14794921875,21514.21875,0.819030225276947,0.7148521542549133,25165824,10923552,36069760,72148512,716338976,7823748768,/home/kubik/Diplodocus/diplodocus-project/experiments/runs/Sponza/cam2/ploc_emc2/repeat_00/stats.json
Sponza,cam2,1,ploc_emc2,gpu,1024,768,32,2,8,43,25,32,4,16,9.66983699798584,1.534547,3.034458,0.044279,0.50523,0.2524,0.241928,2.970966,0.249053,0.0,4.456967,524537,262268,262269,159.14794921875,21514.21875,0.819726288318634,0.7151290774345398,25165824,10923552,36069760,72148512,716338976,7823748768,/home/kubik/Diplodocus/diplodocus-project/experiments/runs/Sponza/cam2/ploc_emc2/repeat_01/stats.json
Sponza,cam2,2,ploc_emc2,gpu,1024,768,32,2,8,44,25,32,4,16,9.796459197998047,1.57687,3.041718,0.050984,0.498735,0.254778,0.247309,3.032498,0.256663,0.0,4.529049,524537,262268,262269,159.14794921875,21514.21875,0.8197394609451294,0.7153406143188477,25165824,10923552,36069760,72148512,716338976,7823748768,/home/kubik/Diplodocus/diplodocus-project/experiments/runs/Sponza/cam2/ploc_emc2/repeat_02/stats.json
Sponza,cam2,3,ploc_emc2,gpu,1024,768,32,2,8,45,25,32,4,16,9.742541313171387,1.57289,3.005197,0.045676,0.503903,0.243603,0.26595,3.015878,0.251642,0.0,4.511033,524537,262268,262269,159.14794921875,21514.21875,0.8183433413505554,0.7132246494293213,25165824,10923552,36069760,72148512,716338976,7823748768,/home/kubik/Diplodocus/diplodocus-project/experiments/runs/Sponza/cam2/ploc_emc2/repeat_03/stats.json
Sponza,cam2,4,ploc_emc2,gpu,1024,768,32,2,8,46,25,32,4,16,9.688764572143555,1.543067,3.035991,0.045746,0.501458,0.251434,0.240259,3.008469,0.262669,0.0,4.502727,524537,262268,262269,159.14794921875,21514.21875,0.8184185028076172,0.7136029005050659,25165824,10923552,36069760,72148512,716338976,7823748768,/home/kubik/Diplodocus/diplodocus-project/experiments/runs/Sponza/cam2/ploc_emc2/repeat_04/stats.json
Sponza,cam2,0,ploc_sobb,gpu,1024,768,32,2,8,42,25,32,4,16,16.52333641052246,1.549423,3.126091,0.033314,0.50949,0.245277,0.229564,2.863694,0.263027,0.452151,4.503,524537,262268,262269,208.33401489257812,23563.19140625,1.4636712074279785,1.3415030241012573,25165824,10923552,36069760,72148512,582817120,7873661920,/home/kubik/Diplodocus/diplodocus-project/experiments/runs/Sponza/cam2/ploc_sobb/repeat_00/stats.json
Sponza,cam2,1,ploc_sobb,gpu,1024,768,32,2,8,43,25,32,4,16,16.483318328857422,1.502699,3.152841,0.033384,0.47897,0.235988,0.22621,2.861039,0.238375,0.48288,4.431204,524537,262268,262269,208.33401489257812,23563.19140625,1.466036081314087,1.3432886600494385,25165824,10923552,36069760,72148512,582817120,7873661920,/home/kubik/Diplodocus/diplodocus-project/experiments/runs/Sponza/cam2/ploc_sobb/repeat_01/stats.json
Sponza,cam2,2,ploc_sobb,gpu,1024,768,32,2,8,44,25,32,4,16,16.575088500976562,1.583156,3.19013,0.051403,0.485326,0.242908,0.235293,2.864038,0.249541,0.448868,4.485815,524537,262268,262269,208.33401489257812,23563.19140625,1.4609373807907104,1.3371844291687012,25165824,10923552,36069760,72148512,582817120,7873661920,/home/kubik/Diplodocus/diplodocus-project/experiments/runs/Sponza/cam2/ploc_sobb/repeat_02/stats.json
Sponza,cam2,3,ploc_sobb,gpu,1024,768,32,2,8,45,25,32,4,16,16.554346084594727,1.60334,3.161002,0.037784,0.509002,0.242911,0.232286,2.8785,0.24772,0.447192,4.505579,524537,262268,262269,208.33401489257812,23563.19140625,1.4574177265167236,1.3341012001037598,25165824,10923552,36069760,72148512,582817120,7873661920,/home/kubik/Diplodocus/diplodocus-project/experiments/runs/Sponza/cam2/ploc_sobb/repeat_03/stats.json
Sponza,cam2,4,ploc_sobb,gpu,1024,768,32,2,8,46,25,32,4,16,16.33686065673828,1.508077,3.128177,0.032825,0.478062,0.240878,0.227189,2.851468,0.234874,0.444329,4.413454,524537,262268,262269,208.33401489257812,23563.19140625,1.4654909372329712,1.3429161310195923,25165824,10923552,36069760,72148512,582817120,7873661920,/home/kubik/Diplodocus/diplodocus-project/experiments/runs/Sponza/cam2/ploc_sobb/repeat_04/stats.json
Sponza,cam2,0,ploc_emc1_sobb,gpu,1024,768,32,2,8,42,25,32,4,16,16.73767852783203,1.560668,3.253758,0.033803,0.478969,0.246325,0.236212,2.953292,0.253105,0.453338,4.570047,524537,262268,262269,208.9200439453125,23563.19140625,1.475392460823059,1.3532160520553589,25165824,10923552,36069760,72148512,654223488,7691177504,/home/kubik/Diplodocus/diplodocus-project/experiments/runs/Sponza/cam2/ploc_emc1_sobb/repeat_00/stats.json
Sponza,cam2,1,ploc_emc1_sobb,gpu,1024,768,32,2,8,43,25,32,4,16,16.670562744140625,1.532801,3.242086,0.033105,0.478341,0.250383,0.258474,2.916419,0.246682,0.440907,4.537708,524537,262268,262269,208.9200439453125,23563.19140625,1.4770396947860718,1.3532450199127197,25165824,10923552,36069760,72148512,654223488,7691177504,/home/kubik/Diplodocus/diplodocus-project/experiments/runs/Sponza/cam2/ploc_emc1_sobb/repeat_01/stats.json
Sponza,cam2,2,ploc_emc1_sobb,gpu,1024,768,32,2,8,44,25,32,4,16,16.746129989624023,1.554033,3.261934,0.032407,0.481903,0.248069,0.243676,2.927808,0.255344,0.463186,4.557898,524537,262268,262269,208.9200439453125,23563.19140625,1.4771783351898193,1.354372501373291,25165824,10923552,36069760,72148512,654223488,7691177504,/home/kubik/Diplodocus/diplodocus-project/experiments/runs/Sponza/cam2/ploc_emc1_sobb/repeat_02/stats.json
Sponza,cam2,3,ploc_emc1_sobb,gpu,1024,768,32,2,8,45,25,32,4,16,16.691654205322266,1.552915,3.256621,0.032685,0.482043,0.244856,0.233333,2.920468,0.254155,0.488399,4.540212,524537,262268,262269,208.9200439453125,23563.19140625,1.4708282947540283,1.348053216934204,25165824,10923552,36069760,72148512,654223488,7691177504,/home/kubik/Diplodocus/diplodocus-project/experiments/runs/Sponza/cam2/ploc_emc1_sobb/repeat_03/stats.json
Sponza,cam2,4,ploc_emc1_sobb,gpu,1024,768,32,2,8,46,25,32,4,16,16.72706413269043,1.507589,3.264296,0.033384,0.478481,0.248497,0.242138,2.936259,0.253379,0.468074,4.562645,524537,262268,262269,208.9200439453125,23563.19140625,1.4778484106063843,1.3492860794067383,25165824,10923552,36069760,72148512,654223488,7691177504,/home/kubik/Diplodocus/diplodocus-project/experiments/runs/Sponza/cam2/ploc_emc1_sobb/repeat_04/stats.json
Sponza,cam2,0,ploc_emc2_sobb,gpu,1024,768,32,2,8,42,25,32,4,16,16.812620162963867,1.545792,3.257246,0.045257,0.4877,0.248701,0.245066,3.022993,0.261209,0.449357,4.67843,524537,262268,262269,210.9141387939453,23563.19140625,1.4273604154586792,1.3051440715789795,25165824,10923552,36069760,72148512,566024192,7481003968,/home/kubik/Diplodocus/diplodocus-project/experiments/runs/Sponza/cam2/ploc_emc2_sobb/repeat_00/stats.json
Sponza,cam2,1,ploc_emc2_sobb,gpu,1024,768,32,2,8,43,25,32,4,16,16.74641227722168,1.535664,3.297056,0.044628,0.477643,0.247727,0.23683,2.979486,0.249336,0.465351,4.594842,524537,262268,262269,210.9141387939453,23563.19140625,1.4221421480178833,1.3008670806884766,25165824,10923552,36069760,72148512,566024192,7481003968,/home/kubik/Diplodocus/diplodocus-project/experiments/runs/Sponza/cam2/ploc_emc2_sobb/repeat_01/stats.json
Sponza,cam2,2,ploc_emc2_sobb,gpu,1024,768,32,2,8,44,25,32,4,16,16.717147827148438,1.553264,3.256839,0.044978,0.476595,0.258749,0.254021,2.977815,0.250523,0.459414,4.628648,524537,262268,262269,210.9141387939453,23563.19140625,1.4404350519180298,1.3142082691192627,25165824,10923552,36069760,72148512,566024192,7481003968,/home/kubik/Diplodocus/diplodocus-project/experiments/runs/Sponza/cam2/ploc_emc2_sobb/repeat_02/stats.json
Sponza,cam2,3,ploc_emc2_sobb,gpu,1024,768,32,2,8,45,25,32,4,16,16.706253051757812,1.54614,3.263187,0.040437,0.486233,0.254772,0.242696,2.990799,0.250382,0.450335,4.621228,524537,262268,262269,210.9141387939453,23563.19140625,1.4327911138534546,1.3099652528762817,25165824,10923552,36069760,72148512,566024192,7481003968,/home/kubik/Diplodocus/diplodocus-project/experiments/runs/Sponza/cam2/ploc_emc2_sobb/repeat_03/stats.json
Sponza,cam2,4,ploc_emc2_sobb,gpu,1024,768,32,2,8,46,25,32,4,16,16.760379791259766,1.571493,3.229242,0.051473,0.471078,0.246469,0.263027,3.000369,0.245702,0.467376,4.647298,524537,262268,262269,210.9141387939453,23563.19140625,1.4325416088104248,1.3082704544067383,25165824,10923552,36069760,72148512,566024192,7481003968,/home/kubik/Diplodocus/diplodocus-project/experiments/runs/Sponza/cam2/ploc_emc2_sobb/repeat_04/stats.json
Stegosaurus,cam0,0,ploc,gpu,1024,768,32,2,8,42,25,32,4,16,49.785831451416016,10.325717,9.389568,0.036806,4.568861,0.26065,0.249123,26.45256,0.264481,0.0,33.560636,11337785,5668892,5668893,54.1546745300293,465026.34375,4.880136966705322,3.987116575241089,25165824,15277696,61110784,101166720,415675092,6206362257,/home/kubik/Diplodocus/diplodocus-project/experiments/runs/Stegosaurus/cam0/ploc/repeat_00/stats.json
Stegosaurus,cam0,1,ploc,gpu,1024,768,32,2,8,43,25,32,4,16,50.04878616333008,10.377749,8.365209,0.038692,4.571165,0.263509,0.252685,26.65098,0.262327,0.0,33.764244,11337785,5668892,5668893,54.1546745300293,465026.34375,4.910011291503906,3.9979867935180664,25165824,15277696,61110784,101166720,415707901,6206509053,/home/kubik/Diplodocus/diplodocus-project/experiments/runs/Stegosaurus/cam0/ploc/repeat_01/stats.json
Stegosaurus,cam0,2,ploc,gpu,1024,768,32,2,8,44,25,32,4,16,49.80476379394531,10.35135,9.226698,0.037715,4.573611,0.254716,0.246192,26.62795,0.262748,0.0,33.729344,11337785,5668892,5668893,54.1546745300293,465026.34375,4.881170272827148,3.9699923992156982,25165824,15277696,61110784,101166720,415714772,6206431512,/home/kubik/Diplodocus/diplodocus-project/experiments/runs/Stegosaurus/cam0/ploc/repeat_02/stats.json
Stegosaurus,cam0,3,ploc,gpu,1024,768,32,2,8,45,25,32,4,16,50.87612533569336,10.374678,9.39865,0.034851,4.574099,0.25402,0.24703,26.4143,0.269305,0.0,33.517572,11337785,5668892,5668893,54.1546745300293,465026.34375,4.893578052520752,3.9814839363098145,25165824,15277696,61110784,101166720,415698995,6206235927,/home/kubik/Diplodocus/diplodocus-project/experiments/runs/Stegosaurus/cam0/ploc/repeat_03/stats.json
Stegosaurus,cam0,4,ploc,gpu,1024,768,32,2,8,46,25,32,4,16,49.95869827270508,10.397027,8.152549,0.040019,4.573052,0.262877,0.250661,26.735568,0.26938,0.0,33.864576,11337785,5668892,5668893,54.1546745300293,465026.34375,4.886162757873535,3.9696192741394043,25165824,15277696,61110784,101166720,415664873,6206130696,/home/kubik/Diplodocus/diplodocus-project/experiments/runs/Stegosaurus/cam0/ploc/repeat_04/stats.json
Stegosaurus,cam0,0,ploc_emc1,gpu,1024,768,32,2,8,42,25,32,4,16,48.44035720825195,10.306654,8.374153,0.036108,4.531078,0.256036,0.238716,26.24291,0.257362,0.0,33.33046,11337785,5668892,5668893,53.91748046875,465026.34375,4.955413341522217,4.041736602783203,25165824,15277696,61110784,101166720,422978909,6278216374,/home/kubik/Diplodocus/diplodocus-project/experiments/runs/Stegosaurus/cam0/ploc_emc1/repeat_00/stats.json
Stegosaurus,cam0,1,ploc_emc1,gpu,1024,768,32,2,8,43,25,32,4,16,48.80485916137695,10.304279,8.12971,0.037365,4.541415,0.25911,0.241023,26.83084,0.258551,0.0,33.891832,11337785,5668892,5668893,53.91748046875,465026.34375,4.951155662536621,4.036904335021973,25165824,15277696,61110784,101166720,423001356,6278297870,/home/kubik/Diplodocus/diplodocus-project/experiments/runs/Stegosaurus/cam0/ploc_emc1/repeat_01/stats.json
Stegosaurus,cam0,2,ploc_emc1,gpu,1024,768,32,2,8,44,25,32,4,16,48.869815826416016,10.286191,8.087947,0.035758,4.54812,0.251146,0.241165,26.930288,0.254499,0.0,34.009096,11337785,5668892,5668893,53.91748046875,465026.34375,4.917068004608154,4.013834476470947,25165824,15277696,61110784,101166720,423005655,6278318282,/home/kubik/Diplodocus/diplodocus-project/experiments/runs/Stegosaurus/cam0/ploc_emc1/repeat_02/stats.json
Stegosaurus,cam0,3,ploc_emc1,gpu,1024,768,32,2,8,45,25,32,4,16,49.56173324584961,10.335011,8.215264,0.046305,4.5521,0.251003,0.238162,26.360104,0.255615,0.0,33.48028,11337785,5668892,5668893,53.91748046875,465026.34375,4.923421382904053,4.0296759605407715,25165824,15277696,61110784,101166720,423007018,6278154910,/home/kubik/Diplodocus/diplodocus-project/experiments/runs/Stegosaurus/cam0/ploc_emc1/repeat_03/stats.json
Stegosaurus,cam0,4,ploc_emc1,gpu,1024,768,32,2,8,46,25,32,4,16,48.655479431152344,10.242961,7.946097,0.036317,4.491479,0.252063,0.241788,26.940072,0.252406,0.0,33.970208,11337785,5668892,5668893,53.91748046875,465026.34375,4.930619239807129,4.029108047485352,25165824,15277696,61110784,101166720,422970103,6278107526,/home/kubik/Diplodocus/diplodocus-project/experiments/runs/Stegosaurus/cam0/ploc_emc1/repeat_04/stats.json
Stegosaurus,cam0,0,ploc_emc2,gpu,1024,768,32,2,8,42,25,32,4,16,49.07648468017578,10.719348,8.438618,0.047981,4.972615,0.265326,0.250091,26.331336,0.273427,0.0,33.865288,11337785,5668892,5668893,54.31687545776367,465026.34375,4.844570159912109,3.94808292388916,25165824,15277696,61110784,101166720,418148641,6225407485,/home/kubik/Diplodocus/diplodocus-project/experiments/runs/Stegosaurus/cam0/ploc_emc2/repeat_00/stats.json
Stegosaurus,cam0,1,ploc_emc2,gpu,1024,768,32,2,8,43,25,32,4,16,50.14519500732422,10.741697,8.289854,0.046165,4.939161,0.2596,0.246886,26.457262,0.268959,0.0,33.994384,11337785,5668892,5668893,54.31687545776367,465026.34375,4.8811774253845215,3.9727158546447754,25165824,15277696,61110784,101166720,418174437,6225536942,/home/kubik/Diplodocus/diplodocus-project/experiments/runs/Stegosaurus/cam0/ploc_emc2/repeat_01/stats.json
Stegosaurus,cam0,2,ploc_emc2,gpu,1024,768,32,2,8,44,25,32,4,16,50.35597610473633,10.753221,8.575434,0.047073,4.924774,0.257438,0.25939,26.351888,0.267844,0.0,33.829344,11337785,5668892,5668893,54.31687545776367,465026.34375,4.867721080780029,3.9622037410736084,25165824,15277696,61110784,101166720,418186189,6225467438,/home/kubik/Diplodocus/diplodocus-project/experiments/runs/Stegosaurus/cam0/ploc_emc2/repeat_02/stats.json
Stegosaurus,cam0,3,ploc_emc2,gpu,1024,768,32,2,8,45,25,32,4,16,50.27070236206055,10.821387,9.438399,0.047352,5.014031,0.261128,0.262953,26.437712,0.266303,0.0,34.007072,11337785,5668892,5668893,54.31687545776367,465026.34375,4.8913350105285645,3.9753146171569824,25165824,15277696,61110784,101166720,418152984,6225201023,/home/kubik/Diplodocus/diplodocus-project/experiments/runs/Stegosaurus/cam0/ploc_emc2/repeat_03/stats.json
Stegosaurus,cam0,4,ploc_emc2,gpu,1024,768,32,2,8,46,25,32,4,16,50.3261604309082,10.808118,9.220631,0.045327,4.999923,0.263724,0.248287,26.660166,0.263721,0.0,34.21378,11337785,5668892,5668893,54.31687545776367,465026.34375,4.894260883331299,3.9923524856567383,25165824,15277696,61110784,101166720,418131181,6225189279,/home/kubik/Diplodocus/diplodocus-project/experiments/runs/Stegosaurus/cam0/ploc_emc2/repeat_04/stats.json
Stegosaurus,cam0,0,ploc_sobb,gpu,1024,768,32,2,8,42,25,32,4,16,176.22743225097656,10.305402,11.480193,0.035968,4.532617,0.2603,0.243181,26.245728,0.265744,3.258855,33.55326,11337785,5668892,5668893,70.26319885253906,509314.5625,8.141717910766602,7.045108795166016,25165824,15277600,61110400,101166240,257790608,5474106845,/home/kubik/Diplodocus/diplodocus-project/experiments/runs/Stegosaurus/cam0/ploc_sobb/repeat_00/stats.json
Stegosaurus,cam0,1,ploc_sobb,gpu,1024,768,32,2,8,43,25,32,4,16,176.56088256835938,10.352475,11.305527,0.035689,4.564116,0.254779,0.244924,26.660664,0.256745,3.275827,33.919168,11337785,5668892,5668893,70.26319885253906,509314.5625,8.213356018066406,7.100995063781738,25165824,15277600,61110400,101166240,257804616,5474254491,/home/kubik/Diplodocus/diplodocus-project/experiments/runs/Stegosaurus/cam0/ploc_sobb/repeat_01/stats.json
Stegosaurus,cam0,2,ploc_sobb,gpu,1024,768,32,2,8,44,25,32,4,16,175.79067993164062,10.354851,12.354268,0.131581,4.541068,0.25883,0.246395,26.661624,0.268398,3.270449,34.037824,11337785,5668892,5668893,70.26319885253906,509314.5625,8.207600593566895,7.095510959625244,25165824,15277600,61110400,101166240,257809542,5474208192,/home/kubik/Diplodocus/diplodocus-project/experiments/runs/Stegosaurus/cam0/ploc_sobb/repeat_02/stats.json
Stegosaurus,cam0,3,ploc_sobb,gpu,1024,768,32,2,8,45,25,32,4,16,178.25315856933594,10.390889,12.392744,0.036667,4.558738,0.252129,0.248918,26.6082,0.256176,3.257739,33.859168,11337785,5668892,5668893,70.26319885253906,509314.5625,8.213013648986816,7.104854583740234,25165824,15277600,61110400,101166240,257793688,5473988670,/home/kubik/Diplodocus/diplodocus-project/experiments/runs/Stegosaurus/cam0/ploc_sobb/repeat_03/stats.json
Stegosaurus,cam0,4,ploc_sobb,gpu,1024,768,32,2,8,46,25,32,4,16,178.53077697753906,10.286059,13.412144,0.038134,4.524587,0.248289,0.243255,26.65186,0.258829,4.340834,33.889376,11337785,5668892,5668893,70.26319885253906,509314.5625,8.189640998840332,7.075906753540039,25165824,15277600,61110400,101166240,257784322,5473970186,/home/kubik/Diplodocus/diplodocus-project/experiments/runs/Stegosaurus/cam0/ploc_sobb/repeat_04/stats.json
Stegosaurus,cam0,0,ploc_emc1_sobb,gpu,1024,768,32,2,8,42,25,32,4,16,176.54612731933594,10.311831,11.213893,0.035619,4.554829,0.259186,0.24137,26.58852,0.252828,3.264304,33.83594,11337785,5668892,5668893,70.09851837158203,509314.5625,8.273697853088379,7.162787914276123,25165824,15277600,61110400,101166240,262037043,5560161076,/home/kubik/Diplodocus/diplodocus-project/experiments/runs/Stegosaurus/cam0/ploc_emc1_sobb/repeat_00/stats.json
Stegosaurus,cam0,1,ploc_emc1_sobb,gpu,1024,768,32,2,8,43,25,32,4,16,177.48486328125,10.312321,11.462951,0.049308,4.550358,0.250374,0.240118,26.244974,0.257014,3.278691,33.50914,11337785,5668892,5668893,70.09851837158203,509314.5625,8.220809936523438,7.112993240356445,25165824,15277600,61110400,101166240,262048739,5560224102,/home/kubik/Diplodocus/diplodocus-project/experiments/runs/Stegosaurus/cam0/ploc_emc1_sobb/repeat_01/stats.json
Stegosaurus,cam0,2,ploc_emc1_sobb,gpu,1024,768,32,2,8,44,25,32,4,16,177.607177734375,10.322239,11.219837,0.037574,4.520048,0.252971,0.239626,27.015604,0.257579,3.237695,34.255624,11337785,5668892,5668893,70.09851837158203,509314.5625,8.258581161499023,7.135807991027832,25165824,15277600,61110400,101166240,262058972,5560298275,/home/kubik/Diplodocus/diplodocus-project/experiments/runs/Stegosaurus/cam0/ploc_emc1_sobb/repeat_02/stats.json
Stegosaurus,cam0,3,ploc_emc1_sobb,gpu,1024,768,32,2,8,45,25,32,4,16,176.41262817382812,10.274538,11.436693,0.037016,4.523959,0.25562,0.242837,26.62952,0.264624,3.266819,33.887608,11337785,5668892,5668893,70.09851837158203,509314.5625,8.241025924682617,7.128474235534668,25165824,15277600,61110400,101166240,262042142,5560064964,/home/kubik/Diplodocus/diplodocus-project/experiments/runs/Stegosaurus/cam0/ploc_emc1_sobb/repeat_03/stats.json
Stegosaurus,cam0,4,ploc_emc1_sobb,gpu,1024,768,32,2,8,46,25,32,4,16,177.48497009277344,10.328247,11.486352,0.037156,4.550709,0.254432,0.245698,26.553882,0.259321,3.27981,33.807956,11337785,5668892,5668893,70.09851837158203,509314.5625,8.259795188903809,7.147940158843994,25165824,15277600,61110400,101166240,262039690,5560115789,/home/kubik/Diplodocus/diplodocus-project/experiments/runs/Stegosaurus/cam0/ploc_emc1_sobb/repeat_04/stats.json
Stegosaurus,cam0,0,ploc_emc2_sobb,gpu,1024,768,32,2,8,42,25,32,4,16,177.72125244140625,10.750088,11.249523,0.044768,4.946848,0.272729,0.249327,26.904264,0.271059,3.284978,34.619004,11337785,5668892,5668893,70.43241882324219,509314.5625,8.209132194519043,7.093869686126709,25165824,15277600,61110400,101166240,259495659,5499620281,/home/kubik/Diplodocus/diplodocus-project/experiments/runs/Stegosaurus/cam0/ploc_emc2_sobb/repeat_00/stats.json
Stegosaurus,cam0,1,ploc_emc2_sobb,gpu,1024,768,32,2,8,43,25,32,4,16,177.28196716308594,10.75798,11.322014,0.046235,4.961585,0.25603,0.241505,26.955052,0.262051,3.274223,34.625752,11337785,5668892,5668893,70.43241882324219,509314.5625,8.193626403808594,7.097045421600342,25165824,15277600,61110400,101166240,259503393,5499715529,/home/kubik/Diplodocus/diplodocus-project/experiments/runs/Stegosaurus/cam0/ploc_emc2_sobb/repeat_01/stats.json
Stegosaurus,cam0,2,ploc_emc2_sobb,gpu,1024,768,32,2,8,44,25,32,4,16,177.3011932373047,10.780819,11.379079,0.046095,4.962284,0.256314,0.252057,26.565832,0.275034,3.274572,34.310048,11337785,5668892,5668893,70.43241882324219,509314.5625,8.160335540771484,7.064479827880859,25165824,15277600,61110400,101166240,259511485,5499681187,/home/kubik/Diplodocus/diplodocus-project/experiments/runs/Stegosaurus/cam0/ploc_emc2_sobb/repeat_02/stats.json
Stegosaurus,cam0,3,ploc_emc2_sobb,gpu,1024,768,32,2,8,45,25,32,4,16,179.28587341308594,10.806522,12.533904,0.045676,4.972341,0.2598,0.248773,26.820264,0.270002,4.340907,34.594864,11337785,5668892,5668893,70.43241882324219,509314.5625,8.156866073608398,7.02901554107666,25165824,15277600,61110400,101166240,259488261,5499428797,/home/kubik/Diplodocus/diplodocus-project/experiments/runs/Stegosaurus/cam0/ploc_emc2_sobb/repeat_03/stats.json
Stegosaurus,cam0,4,ploc_emc2_sobb,gpu,1024,768,32,2,8,46,25,32,4,16,176.61705017089844,10.731513,11.629456,0.045746,4.960399,0.257287,0.250031,26.513862,0.272165,3.281138,34.20574,11337785,5668892,5668893,70.43241882324219,509314.5625,8.180994033813477,7.072540283203125,25165824,15277600,61110400,101166240,259482547,5499476234,/home/kubik/Diplodocus/diplodocus-project/experiments/runs/Stegosaurus/cam0/ploc_emc2_sobb/repeat_04/stats.json
Stegosaurus,cam1,0,ploc,gpu,1024,768,32,2,8,42,25,32,4,16,50.844505310058594,10.360028,9.350192,0.036108,4.576132,0.252612,0.243887,26.429566,0.25848,0.0,33.532004,11337785,5668892,5668893,54.1546745300293,465026.34375,6.107818126678467,5.197607040405273,25165824,27819424,111277696,163226528,779975150,10834470781,/home/kubik/Diplodocus/diplodocus-project/experiments/runs/Stegosaurus/cam1/ploc/repeat_00/stats.json
Stegosaurus,cam1,1,ploc,gpu,1024,768,32,2,8,43,25,32,4,16,48.70876693725586,10.323433,8.192159,0.046654,4.59499,0.250099,0.244026,26.63372,0.27699,0.0,33.75814,11337785,5668892,5668893,54.1546745300293,465026.34375,6.102314472198486,5.206018924713135,25165824,27819424,111277696,163226528,780010514,10834637327,/home/kubik/Diplodocus/diplodocus-project/experiments/runs/Stegosaurus/cam1/ploc/repeat_01/stats.json
Stegosaurus,cam1,2,ploc,gpu,1024,768,32,2,8,44,25,32,4,16,49.575496673583984,10.217275,9.556572,0.037575,4.549593,0.255549,0.246393,26.194204,0.267072,0.0,33.275956,11337785,5668892,5668893,54.1546745300293,465026.34375,6.103272914886475,5.201799392700195,25165824,27819424,111277696,163226528,779999753,10834627986,/home/kubik/Diplodocus/diplodocus-project/experiments/runs/Stegosaurus/cam1/ploc/repeat_02/stats.json
Stegosaurus,cam1,3,ploc,gpu,1024,768,32,2,8,45,25,32,4,16,49.714271545410156,10.341522,9.379742,0.036946,4.559791,0.256731,0.249055,26.403744,0.255615,0.0,33.519316,11337785,5668892,5668893,54.1546745300293,465026.34375,6.104812145233154,5.199125289916992,25165824,27819424,111277696,163226528,779983511,10834520369,/home/kubik/Diplodocus/diplodocus-project/experiments/runs/Stegosaurus/cam1/ploc/repeat_03/stats.json
Stegosaurus,cam1,4,ploc,gpu,1024,768,32,2,8,46,25,32,4,16,49.90724563598633,10.297453,9.100445,0.036248,4.547987,0.262044,0.24486,26.883754,0.261349,0.0,33.979784,11337785,5668892,5668893,54.1546745300293,465026.34375,6.090961933135986,5.181595802307129,25165824,27819424,111277696,163226528,779999793,10834676396,/home/kubik/Diplodocus/diplodocus-project/experiments/runs/Stegosaurus/cam1/ploc/repeat_04/stats.json
Stegosaurus,cam1,0,ploc_emc1,gpu,1024,768,32,2,8,42,25,32,4,16,49.717140197753906,10.222304,8.128253,0.03527,4.556089,0.250516,0.237317,26.697912,0.250934,0.0,33.764432,11337785,5668892,5668893,53.91748046875,465026.34375,6.17966890335083,5.278600692749023,25165824,27819424,111277696,163226528,791272346,11020732043,/home/kubik/Diplodocus/diplodocus-project/experiments/runs/Stegosaurus/cam1/ploc_emc1/repeat_00/stats.json
Stegosaurus,cam1,1,ploc_emc1,gpu,1024,768,32,2,8,43,25,32,4,16,48.6596794128418,10.297454,8.382821,0.035829,4.567403,0.258136,0.246187,26.39054,0.266162,0.0,33.479366,11337785,5668892,5668893,53.91748046875,465026.34375,6.170557022094727,5.275734901428223,25165824,27819424,111277696,163226528,791304515,11020805774,/home/kubik/Diplodocus/diplodocus-project/experiments/runs/Stegosaurus/cam1/ploc_emc1/repeat_01/stats.json
Stegosaurus,cam1,2,ploc_emc1,gpu,1024,768,32,2,8,44,25,32,4,16,49.722381591796875,10.342152,9.363186,0.036807,4.575366,0.258199,0.240467,26.4578,0.255896,0.0,33.542768,11337785,5668892,5668893,53.91748046875,465026.34375,6.202254295349121,5.2896728515625,25165824,27819424,111277696,163226528,791288499,11020792269,/home/kubik/Diplodocus/diplodocus-project/experiments/runs/Stegosaurus/cam1/ploc_emc1/repeat_02/stats.json
Stegosaurus,cam1,3,ploc_emc1,gpu,1024,768,32,2,8,45,25,32,4,16,50.13486862182617,10.302762,8.108906,0.037645,4.531575,0.252407,0.245636,27.052226,0.268054,0.0,34.149056,11337785,5668892,5668893,53.91748046875,465026.34375,6.1987624168396,5.289941787719727,25165824,27819424,111277696,163226528,791298880,11020791367,/home/kubik/Diplodocus/diplodocus-project/experiments/runs/Stegosaurus/cam1/ploc_emc1/repeat_03/stats.json
Stegosaurus,cam1,4,ploc_emc1,gpu,1024,768,32,2,8,46,25,32,4,16,49.920597076416016,10.366039,8.248315,0.036667,4.596598,0.267073,0.247233,26.670388,0.257018,0.0,33.79512,11337785,5668892,5668893,53.91748046875,465026.34375,6.198622703552246,5.290863990783691,25165824,27819424,111277696,163226528,791280784,11020794009,/home/kubik/Diplodocus/diplodocus-project/experiments/runs/Stegosaurus/cam1/ploc_emc1/repeat_04/stats.json
Stegosaurus,cam1,0,ploc_emc2,gpu,1024,768,32,2,8,42,25,32,4,16,50.28565979003906,10.799613,8.227077,0.055384,4.947829,0.252483,0.270843,26.502214,0.26589,0.0,34.044224,11337785,5668892,5668893,54.31687545776367,465026.34375,6.142719268798828,5.228261470794678,25165824,27819424,111277696,163226528,788417627,10705687523,/home/kubik/Diplodocus/diplodocus-project/experiments/runs/Stegosaurus/cam1/ploc_emc2/repeat_00/stats.json
Stegosaurus,cam1,1,ploc_emc2,gpu,1024,768,32,2,8,43,25,32,4,16,50.69227981567383,10.76616,8.50421,0.057758,4.966268,0.25869,0.252128,26.756856,0.264348,0.0,34.288332,11337785,5668892,5668893,54.31687545776367,465026.34375,6.14072847366333,5.229353427886963,25165824,27819424,111277696,163226528,788424472,10705651396,/home/kubik/Diplodocus/diplodocus-project/experiments/runs/Stegosaurus/cam1/ploc_emc2/repeat_01/stats.json
Stegosaurus,cam1,2,ploc_emc2,gpu,1024,768,32,2,8,44,25,32,4,16,50.55329513549805,10.782783,9.258079,0.046654,4.982331,0.259524,0.250582,26.922732,0.270632,0.0,34.449168,11337785,5668892,5668893,54.31687545776367,465026.34375,6.164459228515625,5.243226051330566,25165824,27819424,111277696,163226528,788428861,10705684453,/home/kubik/Diplodocus/diplodocus-project/experiments/runs/Stegosaurus/cam1/ploc_emc2/repeat_02/stats.json
Stegosaurus,cam1,3,ploc_emc2,gpu,1024,768,32,2,8,45,25,32,4,16,50.4229736328125,10.821475,8.517061,0.053359,4.982261,0.26337,0.249121,26.386618,0.294314,0.0,33.982168,11337785,5668892,5668893,54.31687545776367,465026.34375,6.130365371704102,5.2300920486450195,25165824,27819424,111277696,163226528,788417844,10705601534,/home/kubik/Diplodocus/diplodocus-project/experiments/runs/Stegosaurus/cam1/ploc_emc2/repeat_03/stats.json
Stegosaurus,cam1,4,ploc_emc2,gpu,1024,768,32,2,8,46,25,32,4,16,49.59284210205078,10.917508,8.265705,0.06125,4.97877,0.253099,0.25003,26.793392,0.263517,0.0,34.366116,11337785,5668892,5668893,54.31687545776367,465026.34375,6.1364569664001465,5.2272210121154785,25165824,27819424,111277696,163226528,788416513,10705750560,/home/kubik/Diplodocus/diplodocus-project/experiments/runs/Stegosaurus/cam1/ploc_emc2/repeat_04/stats.json
Stegosaurus,cam1,0,ploc_sobb,gpu,1024,768,32,2,8,42,25,32,4,16,178.1984405517578,10.310378,12.385079,0.036806,4.532065,0.256947,0.249261,26.780332,0.261002,3.277578,34.046476,11337785,5668892,5668893,70.26319885253906,509314.5625,10.273762702941895,9.168312072753906,25165824,27819424,111277696,163226528,469796443,9629696445,/home/kubik/Diplodocus/diplodocus-project/experiments/runs/Stegosaurus/cam1/ploc_sobb/repeat_00/stats.json
Stegosaurus,cam1,1,ploc_sobb,gpu,1024,768,32,2,8,43,25,32,4,16,176.8112030029297,10.359965,12.319075,0.035339,4.588638,0.263649,0.240812,26.655526,0.266229,3.267032,33.965784,11337785,5668892,5668893,70.26319885253906,509314.5625,10.30645751953125,9.186494827270508,25165824,27819424,111277696,163226528,469827789,9629806527,/home/kubik/Diplodocus/diplodocus-project/experiments/runs/Stegosaurus/cam1/ploc_sobb/repeat_01/stats.json
Stegosaurus,cam1,2,ploc_sobb,gpu,1024,768,32,2,8,44,25,32,4,16,176.29473876953125,10.367719,11.277684,0.036667,4.585075,0.262887,0.2485,26.812736,0.255266,3.274505,34.138936,11337785,5668892,5668893,70.26319885253906,509314.5625,10.303041458129883,9.192435264587402,25165824,27819424,111277696,163226528,469798380,9629734977,/home/kubik/Diplodocus/diplodocus-project/experiments/runs/Stegosaurus/cam1/ploc_sobb/repeat_02/stats.json
Stegosaurus,cam1,3,ploc_sobb,gpu,1024,768,32,2,8,45,25,32,4,16,175.68572998046875,10.261491,11.277402,0.036736,4.52634,0.25973,0.256601,26.632552,0.261129,3.276322,33.875736,11337785,5668892,5668893,70.26319885253906,509314.5625,10.36262321472168,9.244343757629395,25165824,27819424,111277696,163226528,469808402,9629783657,/home/kubik/Diplodocus/diplodocus-project/experiments/runs/Stegosaurus/cam1/ploc_sobb/repeat_03/stats.json
Stegosaurus,cam1,4,ploc_sobb,gpu,1024,768,32,2,8,46,25,32,4,16,176.81863403320312,10.309892,11.29577,0.034781,4.554137,0.25625,0.245845,26.464938,0.259742,3.24196,33.72328,11337785,5668892,5668893,70.26319885253906,509314.5625,10.264293670654297,9.163195610046387,25165824,27819424,111277696,163226528,469832570,9629830793,/home/kubik/Diplodocus/diplodocus-project/experiments/runs/Stegosaurus/cam1/ploc_sobb/repeat_04/stats.json
Stegosaurus,cam1,0,ploc_emc1_sobb,gpu,1024,768,32,2,8,42,25,32,4,16,178.71517944335938,10.311149,12.561645,0.03534,4.557698,0.254711,0.24186,26.489732,0.266863,4.344124,33.761472,11337785,5668892,5668893,70.09851837158203,509314.5625,10.447144508361816,9.342763900756836,25165824,27819424,111277696,163226528,475256155,9786654133,/home/kubik/Diplodocus/diplodocus-project/experiments/runs/Stegosaurus/cam1/ploc_emc1_sobb/repeat_00/stats.json
Stegosaurus,cam1,1,ploc_emc1_sobb,gpu,1024,768,32,2,8,43,25,32,4,16,176.55661010742188,10.351867,11.24821,0.035689,4.563915,0.252691,0.249406,27.129194,0.254848,3.2773,34.418276,11337785,5668892,5668893,70.09851837158203,509314.5625,10.469277381896973,9.35571002960205,25165824,27819424,111277696,163226528,475277507,9786721079,/home/kubik/Diplodocus/diplodocus-project/experiments/runs/Stegosaurus/cam1/ploc_emc1_sobb/repeat_01/stats.json
Stegosaurus,cam1,2,ploc_emc1_sobb,gpu,1024,768,32,2,8,44,25,32,4,16,177.5181884765625,10.294318,11.297869,0.037994,4.542893,0.25555,0.242062,26.645194,0.258556,3.278208,33.904712,11337785,5668892,5668893,70.09851837158203,509314.5625,10.418451309204102,9.300617218017578,25165824,27819424,111277696,163226528,475255178,9786675853,/home/kubik/Diplodocus/diplodocus-project/experiments/runs/Stegosaurus/cam1/ploc_emc1_sobb/repeat_02/stats.json
Stegosaurus,cam1,3,ploc_emc1_sobb,gpu,1024,768,32,2,8,45,25,32,4,16,176.37789916992188,10.22329,12.53224,0.03513,4.523058,0.258844,0.254502,26.38504,0.258206,3.283027,33.665916,11337785,5668892,5668893,70.09851837158203,509314.5625,10.385068893432617,9.277003288269043,25165824,27819424,111277696,163226528,475278711,9786722979,/home/kubik/Diplodocus/diplodocus-project/experiments/runs/Stegosaurus/cam1/ploc_emc1_sobb/repeat_03/stats.json
Stegosaurus,cam1,4,ploc_emc1_sobb,gpu,1024,768,32,2,8,46,25,32,4,16,177.73101806640625,10.270015,12.387114,0.035549,4.563357,0.263932,0.240398,26.400204,0.257432,4.329528,33.653152,11337785,5668892,5668893,70.09851837158203,509314.5625,10.454628944396973,9.338583946228027,25165824,27819424,111277696,163226528,475292306,9786776478,/home/kubik/Diplodocus/diplodocus-project/experiments/runs/Stegosaurus/cam1/ploc_emc1_sobb/repeat_04/stats.json
Stegosaurus,cam1,0,ploc_emc2_sobb,gpu,1024,768,32,2,8,42,25,32,4,16,176.42031860351562,10.765819,11.241929,0.045257,4.981008,0.252057,0.2656,26.77769,0.26281,3.269478,34.484872,11337785,5668892,5668893,70.43241882324219,509314.5625,10.346972465515137,9.240814208984375,25165824,27819424,111277696,163226528,474689562,9508506711,/home/kubik/Diplodocus/diplodocus-project/experiments/runs/Stegosaurus/cam1/ploc_emc2_sobb/repeat_00/stats.json
Stegosaurus,cam1,1,ploc_emc2_sobb,gpu,1024,768,32,2,8,43,25,32,4,16,177.9346160888672,10.801368,11.205258,0.045886,4.987364,0.256103,0.245769,27.03834,0.264204,3.284145,34.761656,11337785,5668892,5668893,70.43241882324219,509314.5625,10.441069602966309,9.33578872680664,25165824,27819424,111277696,163226528,474712198,9508491349,/home/kubik/Diplodocus/diplodocus-project/experiments/runs/Stegosaurus/cam1/ploc_emc2_sobb/repeat_01/stats.json
Stegosaurus,cam1,2,ploc_emc2_sobb,gpu,1024,768,32,2,8,44,25,32,4,16,178.39759826660156,10.738791,11.342642,0.047353,4.968157,0.255058,0.253451,27.02334,0.265817,3.315853,34.763744,11337785,5668892,5668893,70.43241882324219,509314.5625,10.388042449951172,9.26774787902832,25165824,27819424,111277696,163226528,474689235,9508456832,/home/kubik/Diplodocus/diplodocus-project/experiments/runs/Stegosaurus/cam1/ploc_emc2_sobb/repeat_02/stats.json
Stegosaurus,cam1,3,ploc_emc2_sobb,gpu,1024,768,32,2,8,45,25,32,4,16,178.84507751464844,10.721262,13.429923,0.045676,4.952164,0.255762,0.257365,27.075292,0.275034,4.335465,34.819284,11337785,5668892,5668893,70.43241882324219,509314.5625,10.40066909790039,9.285700798034668,25165824,27819424,111277696,163226528,474700859,9508509097,/home/kubik/Diplodocus/diplodocus-project/experiments/runs/Stegosaurus/cam1/ploc_emc2_sobb/repeat_03/stats.json
Stegosaurus,cam1,4,ploc_emc2_sobb,gpu,1024,768,32,2,8,46,25,32,4,16,178.77357482910156,10.72608,12.408138,0.047562,4.955936,0.256035,0.25206,26.921296,0.268815,4.340774,34.60524,11337785,5668892,5668893,70.43241882324219,509314.5625,10.417400360107422,9.29647445678711,25165824,27819424,111277696,163226528,474723756,9508591346,/home/kubik/Diplodocus/diplodocus-project/experiments/runs/Stegosaurus/cam1/ploc_emc2_sobb/repeat_04/stats.json
Stegosaurus,cam2,0,ploc,gpu,1024,768,32,2,8,42,25,32,4,16,49.064884185791016,10.378132,8.12652,0.037505,4.566082,0.257572,0.245846,27.004336,0.265955,0.0,34.110052,11337785,5668892,5668893,54.1546745300293,465026.34375,5.115123748779297,4.189728736877441,25165824,16138944,64555776,105314144,415264882,6202303581,/home/kubik/Diplodocus/diplodocus-project/experiments/runs/Stegosaurus/cam2/ploc/repeat_00/stats.json
Stegosaurus,cam2,1,ploc,gpu,1024,768,32,2,8,43,25,32,4,16,50.03155517578125,10.338114,8.191473,0.037086,4.523478,0.257292,0.247733,26.862416,0.268964,0.0,33.97654,11337785,5668892,5668893,54.1546745300293,465026.34375,5.114461898803711,4.197935104370117,25165824,16138944,64555776,105314144,415273434,6202253323,/home/kubik/Diplodocus/diplodocus-project/experiments/runs/Stegosaurus/cam2/ploc/repeat_01/stats.json
Stegosaurus,cam2,2,ploc,gpu,1024,768,32,2,8,44,25,32,4,16,49.949913024902344,10.303821,9.40545,0.036597,4.590318,0.258626,0.254221,26.65861,0.262951,0.0,33.840112,11337785,5668892,5668893,54.1546745300293,465026.34375,5.109078407287598,4.189757347106934,25165824,16138944,64555776,105314144,415260434,6202279371,/home/kubik/Diplodocus/diplodocus-project/experiments/runs/Stegosaurus/cam2/ploc/repeat_02/stats.json
Stegosaurus,cam2,3,ploc,gpu,1024,768,32,2,8,45,25,32,4,16,50.8574333190918,10.386723,9.257459,0.047771,4.587523,0.264836,0.260158,26.487012,0.260714,0.0,33.629,11337785,5668892,5668893,54.1546745300293,465026.34375,5.109479904174805,4.197404861450195,25165824,16138944,64555776,105314144,415252707,6202293782,/home/kubik/Diplodocus/diplodocus-project/experiments/runs/Stegosaurus/cam2/ploc/repeat_03/stats.json
Stegosaurus,cam2,4,ploc,gpu,1024,768,32,2,8,46,25,32,4,16,50.21272659301758,10.35327,8.121564,0.036317,4.569505,0.252826,0.249961,27.044706,0.271404,0.0,34.162432,11337785,5668892,5668893,54.1546745300293,465026.34375,5.102440357208252,4.195734977722168,25165824,16138944,64555776,105314144,415237798,6202199205,/home/kubik/Diplodocus/diplodocus-project/experiments/runs/Stegosaurus/cam2/ploc/repeat_04/stats.json
Stegosaurus,cam2,0,ploc_emc1,gpu,1024,768,32,2,8,42,25,32,4,16,48.9708137512207,10.345378,8.087269,0.036527,4.517473,0.263441,0.23963,26.99881,0.257989,0.0,34.094276,11337785,5668892,5668893,53.91748046875,465026.34375,5.133505344390869,4.218707084655762,25165824,16138944,64555776,105314144,415776451,6234566620,/home/kubik/Diplodocus/diplodocus-project/experiments/runs/Stegosaurus/cam2/ploc_emc1/repeat_00/stats.json
Stegosaurus,cam2,1,ploc_emc1,gpu,1024,768,32,2,8,43,25,32,4,16,50.05495834350586,10.277702,9.193833,0.035759,4.502317,0.267559,0.241094,27.02928,0.254708,0.0,34.084284,11337785,5668892,5668893,53.91748046875,465026.34375,5.138677597045898,4.194855690002441,25165824,16138944,64555776,105314144,415769863,6234426792,/home/kubik/Diplodocus/diplodocus-project/experiments/runs/Stegosaurus/cam2/ploc_emc1/repeat_01/stats.json
Stegosaurus,cam2,2,ploc_emc1,gpu,1024,768,32,2,8,44,25,32,4,16,49.796199798583984,10.329943,9.188112,0.03534,4.561054,0.25821,0.242978,26.732944,0.251489,0.0,33.803688,11337785,5668892,5668893,53.91748046875,465026.34375,5.127991676330566,4.215790748596191,25165824,16138944,64555776,105314144,415775325,6234525528,/home/kubik/Diplodocus/diplodocus-project/experiments/runs/Stegosaurus/cam2/ploc_emc1/repeat_02/stats.json
Stegosaurus,cam2,3,ploc_emc1,gpu,1024,768,32,2,8,45,25,32,4,16,49.78579330444336,10.282451,8.39856,0.036667,4.543944,0.251291,0.24256,26.4419,0.256456,0.0,33.50371,11337785,5668892,5668893,53.91748046875,465026.34375,5.138777732849121,4.22232723236084,25165824,16138944,64555776,105314144,415766519,6234500083,/home/kubik/Diplodocus/diplodocus-project/experiments/runs/Stegosaurus/cam2/ploc_emc1/repeat_03/stats.json
Stegosaurus,cam2,4,ploc_emc1,gpu,1024,768,32,2,8,46,25,32,4,16,49.79676055908203,10.327569,8.103749,0.036248,4.566013,0.251921,0.241023,26.700312,0.255822,0.0,33.781524,11337785,5668892,5668893,53.91748046875,465026.34375,5.124784469604492,4.215095520019531,25165824,16138944,64555776,105314144,415764242,6234393847,/home/kubik/Diplodocus/diplodocus-project/experiments/runs/Stegosaurus/cam2/ploc_emc1/repeat_04/stats.json
Stegosaurus,cam2,0,ploc_emc2,gpu,1024,768,32,2,8,42,25,32,4,16,48.96802520751953,10.671608,8.470072,0.044279,4.941968,0.257073,0.252341,26.252356,0.285719,0.0,33.75762,11337785,5668892,5668893,54.31687545776367,465026.34375,5.089614391326904,4.164596080780029,25165824,16138944,64555776,105314144,413879942,6163353457,/home/kubik/Diplodocus/diplodocus-project/experiments/runs/Stegosaurus/cam2/ploc_emc2/repeat_00/stats.json
Stegosaurus,cam2,1,ploc_emc2,gpu,1024,768,32,2,8,43,25,32,4,16,49.31248092651367,10.769036,8.468533,0.044839,4.977798,0.258199,0.2589,26.44401,0.270918,0.0,34.009936,11337785,5668892,5668893,54.31687545776367,465026.34375,5.071691036224365,4.158257961273193,25165824,16138944,64555776,105314144,413883617,6163267172,/home/kubik/Diplodocus/diplodocus-project/experiments/runs/Stegosaurus/cam2/ploc_emc2/repeat_01/stats.json
Stegosaurus,cam2,2,ploc_emc2,gpu,1024,768,32,2,8,44,25,32,4,16,49.154850006103516,10.769036,8.457084,0.045397,5.002451,0.263092,0.262535,26.320806,0.274966,0.0,33.914296,11337785,5668892,5668893,54.31687545776367,465026.34375,5.057997226715088,4.146244525909424,25165824,16138944,64555776,105314144,413866839,6163196393,/home/kubik/Diplodocus/diplodocus-project/experiments/runs/Stegosaurus/cam2/ploc_emc2/repeat_02/stats.json
Stegosaurus,cam2,3,ploc_emc2,gpu,1024,768,32,2,8,45,25,32,4,16,49.595062255859375,10.803608,8.125402,0.044489,4.955099,0.255968,0.248701,27.075018,0.261413,0.0,34.655304,11337785,5668892,5668893,54.31687545776367,465026.34375,5.062554836273193,4.166264057159424,25165824,16138944,64555776,105314144,413878409,6163275815,/home/kubik/Diplodocus/diplodocus-project/experiments/runs/Stegosaurus/cam2/ploc_emc2/repeat_03/stats.json
Stegosaurus,cam2,4,ploc_emc2,gpu,1024,768,32,2,8,46,25,32,4,16,50.5352668762207,10.76338,8.25551,0.04442,4.994281,0.25366,0.246956,26.847896,0.263576,0.0,34.390608,11337785,5668892,5668893,54.31687545776367,465026.34375,5.079906463623047,4.157008171081543,25165824,16138944,64555776,105314144,413848234,6163180598,/home/kubik/Diplodocus/diplodocus-project/experiments/runs/Stegosaurus/cam2/ploc_emc2/repeat_04/stats.json
Stegosaurus,cam2,0,ploc_sobb,gpu,1024,768,32,2,8,42,25,32,4,16,177.3397979736328,10.354249,11.481901,0.037155,4.581868,0.254776,0.245143,26.416134,0.264704,3.26948,33.688572,11337785,5668892,5668893,70.26319885253906,509314.5625,8.957101821899414,7.847680568695068,25165824,16138880,64555520,105313824,267459535,5692963205,/home/kubik/Diplodocus/diplodocus-project/experiments/runs/Stegosaurus/cam2/ploc_sobb/repeat_00/stats.json
Stegosaurus,cam2,1,ploc_sobb,gpu,1024,768,32,2,8,43,25,32,4,16,176.79078674316406,10.335392,12.266291,0.036667,4.589551,0.262889,0.265462,26.651084,0.254921,3.272064,33.961932,11337785,5668892,5668893,70.26319885253906,509314.5625,8.953384399414062,7.844094276428223,25165824,16138880,64555520,105313824,267467290,5692904998,/home/kubik/Diplodocus/diplodocus-project/experiments/runs/Stegosaurus/cam2/ploc_sobb/repeat_01/stats.json
Stegosaurus,cam2,2,ploc_sobb,gpu,1024,768,32,2,8,44,25,32,4,16,179.20590209960938,10.322054,13.551312,0.036247,4.545481,0.259178,0.246888,26.53942,0.271129,4.329532,33.812488,11337785,5668892,5668893,70.26319885253906,509314.5625,8.966757774353027,7.859881401062012,25165824,16138880,64555520,105313824,267458894,5692912922,/home/kubik/Diplodocus/diplodocus-project/experiments/runs/Stegosaurus/cam2/ploc_sobb/repeat_02/stats.json
Stegosaurus,cam2,3,ploc_sobb,gpu,1024,768,32,2,8,45,25,32,4,16,176.4722442626953,10.33672,11.276084,0.037086,4.587665,0.258205,0.251075,26.972504,0.261899,3.25649,34.24914,11337785,5668892,5668893,70.26319885253906,509314.5625,9.026345252990723,7.915148735046387,25165824,16138880,64555520,105313824,267465303,5692955743,/home/kubik/Diplodocus/diplodocus-project/experiments/runs/Stegosaurus/cam2/ploc_sobb/repeat_03/stats.json
Stegosaurus,cam2,4,ploc_sobb,gpu,1024,768,32,2,8,46,25,32,4,16,175.91372680664062,10.322892,11.230476,0.037575,4.557842,0.259948,0.247591,26.728888,0.257639,3.279468,34.027384,11337785,5668892,5668893,70.26319885253906,509314.5625,9.015157699584961,7.898427486419678,25165824,16138880,64555520,105313824,267450206,5692843887,/home/kubik/Diplodocus/diplodocus-project/experiments/runs/Stegosaurus/cam2/ploc_sobb/repeat_04/stats.json
Stegosaurus,cam2,0,ploc_emc1_sobb,gpu,1024,768,32,2,8,42,25,32,4,16,176.88998413085938,10.377648,11.284119,0.03513,4.555328,0.260015,0.242353,26.476836,0.258265,3.270947,33.75388,11337785,5668892,5668893,70.09851837158203,509314.5625,9.026044845581055,7.91391134262085,25165824,16138880,64555520,105313824,267884491,5743725658,/home/kubik/Diplodocus/diplodocus-project/experiments/runs/Stegosaurus/cam2/ploc_emc1_sobb/repeat_00/stats.json
Stegosaurus,cam2,1,ploc_emc1_sobb,gpu,1024,768,32,2,8,43,25,32,4,16,176.6933135986328,10.291115,12.511509,0.036736,4.518872,0.263861,0.23753,26.533616,0.258205,3.277163,33.793424,11337785,5668892,5668893,70.09851837158203,509314.5625,9.029891014099121,7.908210754394531,25165824,16138880,64555520,105313824,267882322,5743593166,/home/kubik/Diplodocus/diplodocus-project/experiments/runs/Stegosaurus/cam2/ploc_emc1_sobb/repeat_01/stats.json
Stegosaurus,cam2,2,ploc_emc1_sobb,gpu,1024,768,32,2,8,44,25,32,4,16,176.0086669921875,10.326315,11.24333,0.037575,4.565595,0.254152,0.250098,26.880108,0.255346,3.283728,34.183428,11337785,5668892,5668893,70.09851837158203,509314.5625,9.028255462646484,7.917299747467041,25165824,16138880,64555520,105313824,267877908,5743663404,/home/kubik/Diplodocus/diplodocus-project/experiments/runs/Stegosaurus/cam2/ploc_emc1_sobb/repeat_02/stats.json
Stegosaurus,cam2,3,ploc_emc1_sobb,gpu,1024,768,32,2,8,45,25,32,4,16,176.50753784179688,10.301731,11.271201,0.036667,4.553862,0.25338,0.239903,26.672808,0.254291,3.276395,33.913656,11337785,5668892,5668893,70.09851837158203,509314.5625,9.044296264648438,7.931718349456787,25165824,16138880,64555520,105313824,267883010,5743658583,/home/kubik/Diplodocus/diplodocus-project/experiments/runs/Stegosaurus/cam2/ploc_emc1_sobb/repeat_03/stats.json
Stegosaurus,cam2,4,ploc_emc1_sobb,gpu,1024,768,32,2,8,46,25,32,4,16,176.41639709472656,10.264995,11.65428,0.034781,4.486815,0.25926,0.248491,26.470616,0.264422,3.272135,33.693908,11337785,5668892,5668893,70.09851837158203,509314.5625,9.062232971191406,7.942087650299072,25165824,16138880,64555520,105313824,267871963,5743563738,/home/kubik/Diplodocus/diplodocus-project/experiments/runs/Stegosaurus/cam2/ploc_emc1_sobb/repeat_04/stats.json
Stegosaurus,cam2,0,ploc_emc2_sobb,gpu,1024,768,32,2,8,42,25,32,4,16,176.70281982421875,10.718405,11.286425,0.045537,4.98604,0.25513,0.251422,27.0325,0.260164,3.271367,34.7359,11337785,5668892,5668893,70.43241882324219,509314.5625,8.908496856689453,7.798835277557373,25165824,16138880,64555520,105313824,266547580,5628757433,/home/kubik/Diplodocus/diplodocus-project/experiments/runs/Stegosaurus/cam2/ploc_emc2_sobb/repeat_00/stats.json
Stegosaurus,cam2,1,ploc_emc2_sobb,gpu,1024,768,32,2,8,43,25,32,4,16,176.63836669921875,10.751371,11.234462,0.04372,4.992047,0.256042,0.257017,26.86362,0.262608,3.297558,34.600888,11337785,5668892,5668893,70.43241882324219,509314.5625,8.939690589904785,7.826588153839111,25165824,16138880,64555520,105313824,266556986,5628667655,/home/kubik/Diplodocus/diplodocus-project/experiments/runs/Stegosaurus/cam2/ploc_emc2_sobb/repeat_01/stats.json
Stegosaurus,cam2,2,ploc_emc2_sobb,gpu,1024,768,32,2,8,44,25,32,4,16,178.86862182617188,10.643396,13.494944,0.046374,4.953984,0.259319,0.248698,26.820868,0.263797,4.3479,34.511104,11337785,5668892,5668893,70.43241882324219,509314.5625,8.938919067382812,7.833499431610107,25165824,16138880,64555520,105313824,266542879,5628596777,/home/kubik/Diplodocus/diplodocus-project/experiments/runs/Stegosaurus/cam2/ploc_emc2_sobb/repeat_02/stats.json
Stegosaurus,cam2,3,ploc_emc2_sobb,gpu,1024,768,32,2,8,45,25,32,4,16,177.44224548339844,10.77819,11.326442,0.057898,4.921857,0.259746,0.249895,26.524324,0.271118,3.292459,34.239364,11337785,5668892,5668893,70.43241882324219,509314.5625,8.900044441223145,7.7965474128723145,25165824,16138880,64555520,105313824,266552194,5628682543,/home/kubik/Diplodocus/diplodocus-project/experiments/runs/Stegosaurus/cam2/ploc_emc2_sobb/repeat_03/stats.json
Stegosaurus,cam2,4,ploc_emc2_sobb,gpu,1024,768,32,2,8,46,25,32,4,16,177.05987548828125,10.808152,11.594494,0.045816,5.011602,0.258201,0.258971,26.635256,0.286768,3.275698,34.388708,11337785,5668892,5668893,70.43241882324219,509314.5625,8.900594711303711,7.805188179016113,25165824,16138880,64555520,105313824,266538637,5628602228,/home/kubik/Diplodocus/diplodocus-project/experiments/runs/Stegosaurus/cam2/ploc_emc2_sobb/repeat_04/stats.json
Venlo,cam0,0,ploc,gpu,1024,768,32,2,8,42,25,32,4,16,16.468441009521484,3.086497,3.772199,0.032895,1.163416,0.202122,0.190455,6.642329,0.204218,0.0,8.923556,2499533,1249766,1249767,71.50615692138672,102519.9140625,0.6256614923477173,0.40861713886260986,25165824,0,54362368,79528192,256102899,3056577427,/home/kubik/Diplodocus/diplodocus-project/experiments/runs/Venlo/cam0/ploc/repeat_00/stats.json
Venlo,cam0,1,ploc,gpu,1024,768,32,2,8,43,25,32,4,16,16.39035987854004,3.020846,3.761372,0.037714,1.169981,0.195837,0.191645,6.651478,0.200931,0.0,8.928165,2499533,1249766,1249767,71.50615692138672,102519.9140625,0.6224378347396851,0.4067193567752838,25165824,0,54362368,79528192,256092248,3056505728,/home/kubik/Diplodocus/diplodocus-project/experiments/runs/Venlo/cam0/ploc/repeat_01/stats.json
Venlo,cam0,2,ploc,gpu,1024,768,32,2,8,44,25,32,4,16,16.7966251373291,3.069595,3.906367,0.033384,1.141975,0.212111,0.192132,6.811838,0.213927,0.0,9.080358,2499533,1249766,1249767,71.50615692138672,102519.9140625,0.6226447224617004,0.4071415960788727,25165824,0,54362368,79528192,256099685,3056516883,/home/kubik/Diplodocus/diplodocus-project/experiments/runs/Venlo/cam0/ploc/repeat_02/stats.json
Venlo,cam0,3,ploc,gpu,1024,768,32,2,8,45,25,32,4,16,16.449026107788086,3.022243,3.774291,0.032965,1.136248,0.209033,0.192135,6.631011,0.204577,0.0,8.890178,2499533,1249766,1249767,71.50615692138672,102519.9140625,0.621767520904541,0.4080728590488434,25165824,0,54362368,79528192,256115690,3056699203,/home/kubik/Diplodocus/diplodocus-project/experiments/runs/Venlo/cam0/ploc/repeat_03/stats.json
Venlo,cam0,4,ploc,gpu,1024,768,32,2,8,46,25,32,4,16,16.460479736328125,3.024617,3.792596,0.034851,1.150636,0.19982,0.19513,6.656995,0.215952,0.0,8.925582,2499533,1249766,1249767,71.50615692138672,102519.9140625,0.6197152137756348,0.4065711498260498,25165824,0,54362368,79528192,256097850,3056555928,/home/kubik/Diplodocus/diplodocus-project/experiments/runs/Venlo/cam0/ploc/repeat_04/stats.json
Venlo,cam0,0,ploc_emc1,gpu,1024,768,32,2,8,42,25,32,4,16,16.218061447143555,3.027831,3.705152,0.033803,1.140857,0.187039,0.183331,6.571855,0.188013,0.0,8.785825,2499533,1249766,1249767,71.20960235595703,102519.9140625,0.6267369985580444,0.412021279335022,25165824,0,54362368,79528192,257151859,3093823193,/home/kubik/Diplodocus/diplodocus-project/experiments/runs/Venlo/cam0/ploc_emc1/repeat_00/stats.json
Venlo,cam0,1,ploc_emc1,gpu,1024,768,32,2,8,43,25,32,4,16,16.19438362121582,3.008345,3.708429,0.047073,1.127169,0.189763,0.178937,6.551108,0.2001,0.0,8.770748,2499533,1249766,1249767,71.20960235595703,102519.9140625,0.6277738809585571,0.41436439752578735,25165824,0,54362368,79528192,257143214,3093756260,/home/kubik/Diplodocus/diplodocus-project/experiments/runs/Venlo/cam0/ploc_emc1/repeat_01/stats.json
Venlo,cam0,2,ploc_emc1,gpu,1024,768,32,2,8,44,25,32,4,16,16.13871955871582,2.994097,3.661437,0.032197,1.143163,0.18759,0.180754,6.563896,0.190518,0.0,8.775135,2499533,1249766,1249767,71.20960235595703,102519.9140625,0.6306027770042419,0.4138231873512268,25165824,0,54362368,79528192,257147427,3093784644,/home/kubik/Diplodocus/diplodocus-project/experiments/runs/Venlo/cam0/ploc_emc1/repeat_02/stats.json
Venlo,cam0,3,ploc_emc1,gpu,1024,768,32,2,8,45,25,32,4,16,16.219945907592773,3.024478,3.671276,0.033873,1.141905,0.19262,0.177607,6.577797,0.19115,0.0,8.806495,2499533,1249766,1249767,71.20960235595703,102519.9140625,0.627315878868103,0.4135924279689789,25165824,0,54362368,79528192,257160096,3093965731,/home/kubik/Diplodocus/diplodocus-project/experiments/runs/Venlo/cam0/ploc_emc1/repeat_03/stats.json
Venlo,cam0,4,ploc_emc1,gpu,1024,768,32,2,8,46,25,32,4,16,16.28887939453125,3.024339,3.712133,0.032895,1.154826,0.204357,0.18549,6.622492,0.194442,0.0,8.876826,2499533,1249766,1249767,71.20960235595703,102519.9140625,0.6266363859176636,0.4144963324069977,25165824,0,54362368,79528192,257148634,3093819563,/home/kubik/Diplodocus/diplodocus-project/experiments/runs/Venlo/cam0/ploc_emc1/repeat_04/stats.json
Venlo,cam0,0,ploc_emc2,gpu,1024,768,32,2,8,42,25,32,4,16,16.358861923217773,3.123933,3.717372,0.043931,1.288851,0.189621,0.188158,6.536166,0.204352,0.0,8.921532,2499533,1249766,1249767,72.43448638916016,102519.9140625,0.6251893043518066,0.41184598207473755,25165824,0,54362368,79528192,257165593,3095918885,/home/kubik/Diplodocus/diplodocus-project/experiments/runs/Venlo/cam0/ploc_emc2/repeat_00/stats.json
Venlo,cam0,1,ploc_emc2,gpu,1024,768,32,2,8,43,25,32,4,16,16.3421688079834,3.093202,3.707809,0.041416,1.224319,0.192759,0.188504,6.611663,0.198069,0.0,8.938497,2499533,1249766,1249767,72.43448638916016,102519.9140625,0.6279973983764648,0.41178765892982483,25165824,0,54362368,79528192,257157187,3095849713,/home/kubik/Diplodocus/diplodocus-project/experiments/runs/Venlo/cam0/ploc_emc2/repeat_01/stats.json
Venlo,cam0,2,ploc_emc2,gpu,1024,768,32,2,8,44,25,32,4,16,16.387636184692383,3.160668,3.683221,0.04393,1.230813,0.198282,0.18508,6.606848,0.1994,0.0,8.946608,2499533,1249766,1249767,72.43448638916016,102519.9140625,0.6250109076499939,0.4129258692264557,25165824,0,54362368,79528192,257163031,3095875848,/home/kubik/Diplodocus/diplodocus-project/experiments/runs/Venlo/cam0/ploc_emc2/repeat_02/stats.json
Venlo,cam0,3,ploc_emc2,gpu,1024,768,32,2,8,45,25,32,4,16,16.332948684692383,3.135107,3.707665,0.040927,1.235283,0.194096,0.186473,6.520524,0.199745,0.0,8.870267,2499533,1249766,1249767,72.43448638916016,102519.9140625,0.6256752014160156,0.40962231159210205,25165824,0,54362368,79528192,257181819,3096081603,/home/kubik/Diplodocus/diplodocus-project/experiments/runs/Venlo/cam0/ploc_emc2/repeat_03/stats.json
Venlo,cam0,4,ploc_emc2,gpu,1024,768,32,2,8,46,25,32,4,16,16.32701301574707,3.141533,3.700334,0.041765,1.280471,0.194637,0.191157,6.535541,0.195344,0.0,8.918656,2499533,1249766,1249767,72.43448638916016,102519.9140625,0.6274557113647461,0.4118953049182892,25165824,0,54362368,79528192,257166730,3095915681,/home/kubik/Diplodocus/diplodocus-project/experiments/runs/Venlo/cam0/ploc_emc2/repeat_04/stats.json
Venlo,cam0,0,ploc_sobb,gpu,1024,768,32,2,8,42,25,32,4,16,43.14251708984375,3.010719,4.542968,0.032336,1.159645,0.196041,0.191225,6.732561,0.197929,0.976381,9.160238,2499533,1249766,1249767,99.2625503540039,112283.71875,0.9164730906486511,0.6609763503074646,25165824,0,54362368,79528192,153197253,2803958573,/home/kubik/Diplodocus/diplodocus-project/experiments/runs/Venlo/cam0/ploc_sobb/repeat_00/stats.json
Venlo,cam0,1,ploc_sobb,gpu,1024,768,32,2,8,43,25,32,4,16,42.10649108886719,2.959456,4.539333,0.033384,1.158178,0.195071,0.18787,6.699875,0.198206,0.978197,9.11715,2499533,1249766,1249767,99.2625503540039,112283.71875,0.9173638224601746,0.6586247682571411,25165824,0,54362368,79528192,153192021,2803901748,/home/kubik/Diplodocus/diplodocus-project/experiments/runs/Venlo/cam0/ploc_sobb/repeat_01/stats.json
Venlo,cam0,2,ploc_sobb,gpu,1024,768,32,2,8,44,25,32,4,16,42.25490188598633,2.989418,4.613508,0.032476,1.15769,0.196883,0.191854,6.618652,0.214485,0.979874,9.056256,2499533,1249766,1249767,99.2625503540039,112283.71875,0.9187442064285278,0.6572359800338745,25165824,0,54362368,79528192,153199656,2803915300,/home/kubik/Diplodocus/diplodocus-project/experiments/runs/Venlo/cam0/ploc_sobb/repeat_02/stats.json
Venlo,cam0,3,ploc_sobb,gpu,1024,768,32,2,8,45,25,32,4,16,42.278926849365234,3.043754,4.597724,0.034362,1.144,0.201486,0.193668,6.666423,0.202472,0.985112,9.095636,2499533,1249766,1249767,99.2625503540039,112283.71875,0.9166131019592285,0.6585248112678528,25165824,0,54362368,79528192,153208993,2804081053,/home/kubik/Diplodocus/diplodocus-project/experiments/runs/Venlo/cam0/ploc_sobb/repeat_03/stats.json
Venlo,cam0,4,ploc_sobb,gpu,1024,768,32,2,8,46,25,32,4,16,42.229759216308594,2.970211,4.551348,0.032896,1.138973,0.20659,0.194997,6.669567,0.204784,0.961296,9.087833,2499533,1249766,1249767,99.2625503540039,112283.71875,0.9144144058227539,0.6589627861976624,25165824,0,54362368,79528192,153195687,2803957136,/home/kubik/Diplodocus/diplodocus-project/experiments/runs/Venlo/cam0/ploc_sobb/repeat_04/stats.json
Venlo,cam0,0,ploc_emc1_sobb,gpu,1024,768,32,2,8,42,25,32,4,16,41.81581115722656,2.998148,4.459786,0.033803,1.142115,0.190803,0.178236,6.559004,0.188436,0.964788,8.944856,2499533,1249766,1249767,98.80538177490234,112283.71875,0.9308714270591736,0.6719526648521423,25165824,0,54362368,79528192,154124458,2840203678,/home/kubik/Diplodocus/diplodocus-project/experiments/runs/Venlo/cam0/ploc_emc1_sobb/repeat_00/stats.json
Venlo,cam0,1,ploc_emc1_sobb,gpu,1024,768,32,2,8,43,25,32,4,16,41.86679458618164,3.002967,4.514123,0.031499,1.158388,0.185854,0.193385,6.586039,0.189971,1.009975,8.997663,2499533,1249766,1249767,98.80538177490234,112283.71875,0.9189900159835815,0.6666292548179626,25165824,0,54362368,79528192,154120956,2840147626,/home/kubik/Diplodocus/diplodocus-project/experiments/runs/Venlo/cam0/ploc_emc1_sobb/repeat_01/stats.json
Venlo,cam0,2,ploc_emc1_sobb,gpu,1024,768,32,2,8,44,25,32,4,16,41.92106246948242,2.991373,4.492054,0.032755,1.147144,0.201497,0.18046,6.574589,0.195486,0.999639,8.975729,2499533,1249766,1249767,98.80538177490234,112283.71875,0.920875072479248,0.6674344539642334,25165824,0,54362368,79528192,154125083,2840179838,/home/kubik/Diplodocus/diplodocus-project/experiments/runs/Venlo/cam0/ploc_emc1_sobb/repeat_02/stats.json
Venlo,cam0,3,ploc_emc1_sobb,gpu,1024,768,32,2,8,45,25,32,4,16,41.98678207397461,3.018891,4.512583,0.033873,1.163696,0.191298,0.179555,6.612224,0.201981,0.999359,9.034596,2499533,1249766,1249767,98.80538177490234,112283.71875,0.9194177985191345,0.6669051647186279,25165824,0,54362368,79528192,154133827,2840351077,/home/kubik/Diplodocus/diplodocus-project/experiments/runs/Venlo/cam0/ploc_emc1_sobb/repeat_03/stats.json
Venlo,cam0,4,ploc_emc1_sobb,gpu,1024,768,32,2,8,46,25,32,4,16,42.18925476074219,3.014631,4.52223,0.032406,1.130242,0.187176,0.190454,6.543503,0.192972,0.989652,8.926556,2499533,1249766,1249767,98.80538177490234,112283.71875,0.9224907159805298,0.6695432662963867,25165824,0,54362368,79528192,154124485,2840215041,/home/kubik/Diplodocus/diplodocus-project/experiments/runs/Venlo/cam0/ploc_emc1_sobb/repeat_04/stats.json
Venlo,cam0,0,ploc_emc2_sobb,gpu,1024,768,32,2,8,42,25,32,4,16,42.07562255859375,3.1115,4.525299,0.046165,1.238566,0.196115,0.187878,6.594909,0.200444,0.963671,9.112763,2499533,1249766,1249767,100.56025695800781,112283.71875,0.9208950400352478,0.6646174788475037,25165824,0,54362368,79528192,153842756,2839731915,/home/kubik/Diplodocus/diplodocus-project/experiments/runs/Venlo/cam0/ploc_emc2_sobb/repeat_00/stats.json
Venlo,cam0,1,ploc_emc2_sobb,gpu,1024,768,32,2,8,43,25,32,4,16,42.017234802246094,3.093342,4.525787,0.040997,1.230953,0.197648,0.181521,6.562991,0.198347,1.007112,9.085168,2499533,1249766,1249767,100.56025695800781,112283.71875,0.9168938994407654,0.6650554537773132,25165824,0,54362368,79528192,153838868,2839673376,/home/kubik/Diplodocus/diplodocus-project/experiments/runs/Venlo/cam0/ploc_emc2_sobb/repeat_01/stats.json
Venlo,cam0,2,ploc_emc2_sobb,gpu,1024,768,32,2,8,44,25,32,4,16,41.95863723754883,3.11157,4.506794,0.054407,1.227811,0.201,0.190527,6.559702,0.195833,0.985252,9.081319,2499533,1249766,1249767,100.56025695800781,112283.71875,0.9190549254417419,0.6648482084274292,25165824,0,54362368,79528192,153845842,2839709965,/home/kubik/Diplodocus/diplodocus-project/experiments/runs/Venlo/cam0/ploc_emc2_sobb/repeat_02/stats.json
Venlo,cam0,3,ploc_emc2_sobb,gpu,1024,768,32,2,8,45,25,32,4,16,41.96213150024414,3.156548,4.53214,0.041486,1.264338,0.190042,0.185012,6.546367,0.199949,1.022407,9.08901,2499533,1249766,1249767,100.56025695800781,112283.71875,0.9235710501670837,0.6672210097312927,25165824,0,54362368,79528192,153857459,2839894882,/home/kubik/Diplodocus/diplodocus-project/experiments/runs/Venlo/cam0/ploc_emc2_sobb/repeat_03/stats.json
Venlo,cam0,4,ploc_emc2_sobb,gpu,1024,768,32,2,8,46,25,32,4,16,42.45520782470703,3.255025,4.511611,0.040997,1.244991,0.193106,0.184724,6.560128,0.193878,0.997125,9.064556,2499533,1249766,1249767,100.56025695800781,112283.71875,0.9186619520187378,0.6655274033546448,25165824,0,54362368,79528192,153845968,2839745287,/home/kubik/Diplodocus/diplodocus-project/experiments/runs/Venlo/cam0/ploc_emc2_sobb/repeat_04/stats.json
Venlo,cam1,0,ploc,gpu,1024,768,32,2,8,42,25,32,4,16,16.284481048583984,2.957919,3.735946,0.032477,1.15727,0.20415,0.18982,6.621096,0.210088,0.0,8.884095,2499533,1249766,1249767,71.50615692138672,102519.9140625,0.46430787444114685,0.2460700273513794,25165824,0,37860608,63026432,209885993,2743655800,/home/kubik/Diplodocus/diplodocus-project/experiments/runs/Venlo/cam1/ploc/repeat_00/stats.json
Venlo,cam1,1,ploc,gpu,1024,768,32,2,8,43,25,32,4,16,16.416969299316406,3.066662,3.749988,0.033384,1.18395,0.195906,0.188992,6.637864,0.203444,0.0,8.928099,2499533,1249766,1249767,71.50615692138672,102519.9140625,0.4568239450454712,0.24563156068325043,25165824,0,37860608,63026432,209893519,2743708129,/home/kubik/Diplodocus/diplodocus-project/experiments/runs/Venlo/cam1/ploc/repeat_01/stats.json
Venlo,cam1,2,ploc,gpu,1024,768,32,2,8,44,25,32,4,16,16.355300903320312,3.020776,3.730786,0.033873,1.178293,0.207782,0.190316,6.612577,0.20827,0.0,8.916229,2499533,1249766,1249767,71.50615692138672,102519.9140625,0.45837414264678955,0.24581007659435272,25165824,0,37860608,63026432,209886132,2743722645,/home/kubik/Diplodocus/diplodocus-project/experiments/runs/Venlo/cam1/ploc/repeat_02/stats.json
Venlo,cam1,3,ploc,gpu,1024,768,32,2,8,45,25,32,4,16,16.468372344970703,3.027412,3.789383,0.034501,1.160134,0.202256,0.210988,6.637299,0.209173,0.0,8.936256,2499533,1249766,1249767,71.50615692138672,102519.9140625,0.46161261200904846,0.24715235829353333,25165824,0,37860608,63026432,209902294,2743825834,/home/kubik/Diplodocus/diplodocus-project/experiments/runs/Venlo/cam1/ploc/repeat_03/stats.json
Venlo,cam1,4,ploc,gpu,1024,768,32,2,8,46,25,32,4,16,16.394550323486328,3.022313,3.759279,0.032896,1.14896,0.198551,0.192487,6.653715,0.199678,0.0,8.915874,2499533,1249766,1249767,71.50615692138672,102519.9140625,0.4618266820907593,0.24748270213603973,25165824,0,37860608,63026432,209892143,2743711301,/home/kubik/Diplodocus/diplodocus-project/experiments/runs/Venlo/cam1/ploc/repeat_04/stats.json
Venlo,cam1,0,ploc_emc1,gpu,1024,768,32,2,8,42,25,32,4,16,16.309833526611328,3.064148,3.709628,0.035689,1.164185,0.190387,0.183751,6.584149,0.188713,0.0,8.821934,2499533,1249766,1249767,71.20960235595703,102519.9140625,0.45393839478492737,0.24001017212867737,25165824,0,37860608,63026432,208097549,2556009919,/home/kubik/Diplodocus/diplodocus-project/experiments/runs/Venlo/cam1/ploc_emc1/repeat_00/stats.json
Venlo,cam1,1,ploc_emc1,gpu,1024,768,32,2,8,43,25,32,4,16,16.180835723876953,3.012117,3.672043,0.031848,1.148749,0.185434,0.182776,6.583173,0.190318,0.0,8.806927,2499533,1249766,1249767,71.20960235595703,102519.9140625,0.45291492342948914,0.24037154018878937,25165824,0,37860608,63026432,208105271,2556051234,/home/kubik/Diplodocus/diplodocus-project/experiments/runs/Venlo/cam1/ploc_emc1/repeat_01/stats.json
Venlo,cam1,2,ploc_emc1,gpu,1024,768,32,2,8,44,25,32,4,16,16.131668090820312,2.989488,3.668551,0.031988,1.150216,0.190593,0.178585,6.571581,0.189127,0.0,8.788758,2499533,1249766,1249767,71.20960235595703,102519.9140625,0.45216938853263855,0.239181786775589,25165824,0,37860608,63026432,208099024,2556067984,/home/kubik/Diplodocus/diplodocus-project/experiments/runs/Venlo/cam1/ploc_emc1/repeat_02/stats.json
Venlo,cam1,3,ploc_emc1,gpu,1024,768,32,2,8,45,25,32,4,16,16.207935333251953,3.049552,3.683151,0.033315,1.127518,0.204285,0.190532,6.538759,0.19025,0.0,8.765097,2499533,1249766,1249767,71.20960235595703,102519.9140625,0.45337867736816406,0.24097615480422974,25165824,0,37860608,63026432,208114580,2556174599,/home/kubik/Diplodocus/diplodocus-project/experiments/runs/Venlo/cam1/ploc_emc1/repeat_03/stats.json
Venlo,cam1,4,ploc_emc1,gpu,1024,768,32,2,8,46,25,32,4,16,16.16924285888672,3.015958,3.664504,0.031499,1.157481,0.187589,0.181242,6.566908,0.187869,0.0,8.784646,2499533,1249766,1249767,71.20960235595703,102519.9140625,0.45224684476852417,0.2382992058992386,25165824,0,37860608,63026432,208102793,2556059723,/home/kubik/Diplodocus/diplodocus-project/experiments/runs/Venlo/cam1/ploc_emc1/repeat_04/stats.json
Venlo,cam1,0,ploc_emc2,gpu,1024,768,32,2,8,42,25,32,4,16,16.460411071777344,3.178409,3.703264,0.055244,1.26783,0.191155,0.190255,6.614115,0.19269,0.0,8.989003,2499533,1249766,1249767,72.43448638916016,102519.9140625,0.4524272382259369,0.23980233073234558,25165824,0,37860608,63026432,208330886,2616122681,/home/kubik/Diplodocus/diplodocus-project/experiments/runs/Venlo/cam1/ploc_emc2/repeat_00/stats.json
Venlo,cam1,1,ploc_emc2,gpu,1024,768,32,2,8,43,25,32,4,16,16.35502052307129,3.15131,3.702289,0.044768,1.221385,0.192127,0.191295,6.552795,0.1943,0.0,8.871102,2499533,1249766,1249767,72.43448638916016,102519.9140625,0.4532356560230255,0.24009357392787933,25165824,0,37860608,63026432,208337820,2616172042,/home/kubik/Diplodocus/diplodocus-project/experiments/runs/Venlo/cam1/ploc_emc2/repeat_01/stats.json
Venlo,cam1,2,ploc_emc2,gpu,1024,768,32,2,8,44,25,32,4,16,16.488277435302734,3.190282,3.728481,0.057061,1.242477,0.194794,0.196881,6.571371,0.197233,0.0,8.945494,2499533,1249766,1249767,72.43448638916016,102519.9140625,0.4544764459133148,0.241069957613945,25165824,0,37860608,63026432,208331500,2616180620,/home/kubik/Diplodocus/diplodocus-project/experiments/runs/Venlo/cam1/ploc_emc2/repeat_02/stats.json
Venlo,cam1,3,ploc_emc2,gpu,1024,768,32,2,8,45,25,32,4,16,16.3038272857666,3.113805,3.735883,0.046165,1.224179,0.194503,0.201985,6.514101,0.201284,0.0,8.863843,2499533,1249766,1249767,72.43448638916016,102519.9140625,0.45419904589653015,0.23997065424919128,25165824,0,37860608,63026432,208347179,2616286936,/home/kubik/Diplodocus/diplodocus-project/experiments/runs/Venlo/cam1/ploc_emc2/repeat_03/stats.json
Venlo,cam1,4,ploc_emc2,gpu,1024,768,32,2,8,46,25,32,4,16,16.373458862304688,3.188186,3.685524,0.040159,1.288922,0.19234,0.18452,6.556352,0.199536,0.0,8.935842,2499533,1249766,1249767,72.43448638916016,102519.9140625,0.4529164731502533,0.2416154146194458,25165824,0,37860608,63026432,208336840,2616177505,/home/kubik/Diplodocus/diplodocus-project/experiments/runs/Venlo/cam1/ploc_emc2/repeat_04/stats.json
Venlo,cam1,0,ploc_sobb,gpu,1024,768,32,2,8,42,25,32,4,16,41.927490234375,2.959177,4.563573,0.032476,1.144769,0.192133,0.196809,6.608872,0.20526,0.994681,9.021322,2499533,1249766,1249767,99.2625503540039,112283.71875,0.6938123106956482,0.43739011883735657,25165824,0,37860608,63026432,129753379,2597866688,/home/kubik/Diplodocus/diplodocus-project/experiments/runs/Venlo/cam1/ploc_sobb/repeat_00/stats.json
Venlo,cam1,1,ploc_sobb,gpu,1024,768,32,2,8,43,25,32,4,16,42.320068359375,3.012605,4.571952,0.032895,1.174452,0.198832,0.198905,6.645679,0.206174,0.992306,9.098568,2499533,1249766,1249767,99.2625503540039,112283.71875,0.6907199025154114,0.43783438205718994,25165824,0,37860608,63026432,129756446,2597913442,/home/kubik/Diplodocus/diplodocus-project/experiments/runs/Venlo/cam1/ploc_sobb/repeat_01/stats.json
Venlo,cam1,2,ploc_sobb,gpu,1024,768,32,2,8,44,25,32,4,16,41.93712615966797,2.978872,4.576781,0.032406,1.135829,0.195068,0.189833,6.598121,0.200026,0.976103,8.987817,2499533,1249766,1249767,99.2625503540039,112283.71875,0.6929857730865479,0.43750062584877014,25165824,0,37860608,63026432,129753350,2597935081,/home/kubik/Diplodocus/diplodocus-project/experiments/runs/Venlo/cam1/ploc_sobb/repeat_02/stats.json
Venlo,cam1,3,ploc_sobb,gpu,1024,768,32,2,8,45,25,32,4,16,42.69281005859375,3.057793,4.57244,0.037226,1.148191,0.194792,0.191568,6.608241,0.202119,0.97296,9.021395,2499533,1249766,1249767,99.2625503540039,112283.71875,0.6913881301879883,0.4373214840888977,25165824,0,37860608,63026432,129761369,2598025779,/home/kubik/Diplodocus/diplodocus-project/experiments/runs/Venlo/cam1/ploc_sobb/repeat_03/stats.json
Venlo,cam1,4,ploc_sobb,gpu,1024,768,32,2,8,46,25,32,4,16,43.79840087890625,3.137272,4.578242,0.033873,1.193099,0.197927,0.190884,6.65476,0.199401,0.973099,9.154459,2499533,1249766,1249767,99.2625503540039,112283.71875,0.6923601031303406,0.43723970651626587,25165824,0,37860608,63026432,129759908,2597922434,/home/kubik/Diplodocus/diplodocus-project/experiments/runs/Venlo/cam1/ploc_sobb/repeat_04/stats.json
Venlo,cam1,0,ploc_emc1_sobb,gpu,1024,768,32,2,8,42,25,32,4,16,41.811344146728516,3.012186,4.508184,0.032895,1.19268,0.189684,0.190109,6.575916,0.188504,1.010534,9.031465,2499533,1249766,1249767,98.80538177490234,112283.71875,0.6729303002357483,0.4210383892059326,25165824,0,37860608,63026432,128746480,2413136133,/home/kubik/Diplodocus/diplodocus-project/experiments/runs/Venlo/cam1/ploc_emc1_sobb/repeat_00/stats.json
Venlo,cam1,1,ploc_emc1_sobb,gpu,1024,768,32,2,8,43,25,32,4,16,42.25728225708008,2.958758,4.455248,0.032406,1.142744,0.18983,0.185776,6.57242,0.199609,0.95941,8.962042,2499533,1249766,1249767,98.80538177490234,112283.71875,0.6736878752708435,0.42263272404670715,25165824,0,37860608,63026432,128749742,2413171895,/home/kubik/Diplodocus/diplodocus-project/experiments/runs/Venlo/cam1/ploc_emc1_sobb/repeat_01/stats.json
Venlo,cam1,2,ploc_emc1_sobb,gpu,1024,768,32,2,8,44,25,32,4,16,42.631492614746094,2.982574,4.558055,0.032615,1.142674,0.199886,0.18215,6.595678,0.190458,1.024712,8.998923,2499533,1249766,1249767,98.80538177490234,112283.71875,0.6739326119422913,0.42173534631729126,25165824,0,37860608,63026432,128746900,2413191029,/home/kubik/Diplodocus/diplodocus-project/experiments/runs/Venlo/cam1/ploc_emc1_sobb/repeat_02/stats.json
Venlo,cam1,3,ploc_emc1_sobb,gpu,1024,768,32,2,8,45,25,32,4,16,42.133174896240234,3.038796,4.521874,0.032406,1.147632,0.194295,0.184452,6.59749,0.200311,0.989093,9.030555,2499533,1249766,1249767,98.80538177490234,112283.71875,0.6720125675201416,0.4209637939929962,25165824,0,37860608,63026432,128755430,2413291176,/home/kubik/Diplodocus/diplodocus-project/experiments/runs/Venlo/cam1/ploc_emc1_sobb/repeat_03/stats.json
Venlo,cam1,4,ploc_emc1_sobb,gpu,1024,768,32,2,8,46,25,32,4,16,43.04508972167969,3.033976,4.457137,0.033873,1.176337,0.18752,0.190459,6.573679,0.187941,0.971842,8.998077,2499533,1249766,1249767,98.80538177490234,112283.71875,0.673454999923706,0.4228317141532898,25165824,0,37860608,63026432,128751682,2413179993,/home/kubik/Diplodocus/diplodocus-project/experiments/runs/Venlo/cam1/ploc_emc1_sobb/repeat_04/stats.json
Venlo,cam1,0,ploc_emc2_sobb,gpu,1024,768,32,2,8,42,25,32,4,16,42.26531219482422,3.071272,4.518662,0.040927,1.2276,0.196811,0.188447,6.602446,0.194707,1.003411,9.1196,2499533,1249766,1249767,100.56025695800781,112283.71875,0.6762450933456421,0.425285667181015,25165824,0,37860608,63026432,128823873,2475118088,/home/kubik/Diplodocus/diplodocus-project/experiments/runs/Venlo/cam1/ploc_emc2_sobb/repeat_00/stats.json
Venlo,cam1,1,ploc_emc2_sobb,gpu,1024,768,32,2,8,43,25,32,4,16,42.69015884399414,3.117647,4.509871,0.057619,1.222293,0.202121,0.188922,6.580448,0.237945,0.989722,9.139781,2499533,1249766,1249767,100.56025695800781,112283.71875,0.6755660176277161,0.42255473136901855,25165824,0,37860608,63026432,128824670,2475154389,/home/kubik/Diplodocus/diplodocus-project/experiments/runs/Venlo/cam1/ploc_emc2_sobb/repeat_01/stats.json
Venlo,cam1,2,ploc_emc2_sobb,gpu,1024,768,32,2,8,44,25,32,4,16,41.979244232177734,3.110104,4.515526,0.045117,1.249461,0.201487,0.196886,6.549579,0.196048,1.027646,9.105284,2499533,1249766,1249767,100.56025695800781,112283.71875,0.6761442422866821,0.42491137981414795,25165824,0,37860608,63026432,128822808,2475170606,/home/kubik/Diplodocus/diplodocus-project/experiments/runs/Venlo/cam1/ploc_emc2_sobb/repeat_02/stats.json
Venlo,cam1,3,ploc_emc2_sobb,gpu,1024,768,32,2,8,45,25,32,4,16,43.562896728515625,3.171983,4.52188,0.043162,1.247646,0.198555,0.19039,6.584431,0.196535,0.973309,9.110035,2499533,1249766,1249767,100.56025695800781,112283.71875,0.6788102388381958,0.42546653747558594,25165824,0,37860608,63026432,128830890,2475262459,/home/kubik/Diplodocus/diplodocus-project/experiments/runs/Venlo/cam1/ploc_emc2_sobb/repeat_03/stats.json
Venlo,cam1,4,ploc_emc2_sobb,gpu,1024,768,32,2,8,46,25,32,4,16,42.077999114990234,3.133431,4.518318,0.043511,1.237029,0.20387,0.188573,6.528833,0.197167,0.987976,9.068202,2499533,1249766,1249767,100.56025695800781,112283.71875,0.6741878986358643,0.42308878898620605,25165824,0,37860608,63026432,128828654,2475162057,/home/kubik/Diplodocus/diplodocus-project/experiments/runs/Venlo/cam1/ploc_emc2_sobb/repeat_04/stats.json
Venlo,cam2,0,ploc,gpu,1024,768,32,2,8,42,25,32,4,16,16.448749542236328,3.069316,3.757954,0.033804,1.181925,0.201,0.195203,6.64645,0.20554,0.0,8.949739,2499533,1249766,1249767,71.50615692138672,102519.9140625,1.023280382156372,0.8083006143569946,25165824,0,100436864,125602688,424146657,4322051364,/home/kubik/Diplodocus/diplodocus-project/experiments/runs/Venlo/cam2/ploc/repeat_00/stats.json
Venlo,cam2,1,ploc,gpu,1024,768,32,2,8,43,25,32,4,16,16.40642547607422,3.042218,3.783717,0.048191,1.144699,0.195975,0.188708,6.587225,0.203386,0.0,8.84876,2499533,1249766,1249767,71.50615692138672,102519.9140625,1.020529866218567,0.8073750138282776,25165824,0,100436864,125602688,424138119,4321997161,/home/kubik/Diplodocus/diplodocus-project/experiments/runs/Venlo/cam2/ploc/repeat_01/stats.json
Venlo,cam2,2,ploc,gpu,1024,768,32,2,8,44,25,32,4,16,16.4442081451416,3.040403,3.753551,0.034711,1.146376,0.198841,0.192965,6.651615,0.202402,0.0,8.903437,2499533,1249766,1249767,71.50615692138672,102519.9140625,1.0244603157043457,0.8098509907722473,25165824,0,100436864,125602688,424152018,4322190487,/home/kubik/Diplodocus/diplodocus-project/experiments/runs/Venlo/cam2/ploc/repeat_02/stats.json
Venlo,cam2,3,ploc,gpu,1024,768,32,2,8,45,25,32,4,16,16.39664649963379,3.030066,3.759978,0.034921,1.13562,0.205334,0.193885,6.644286,0.202395,0.0,8.902468,2499533,1249766,1249767,71.50615692138672,102519.9140625,1.0196452140808105,0.8079577088356018,25165824,0,100436864,125602688,424152405,4322167169,/home/kubik/Diplodocus/diplodocus-project/experiments/runs/Venlo/cam2/ploc/repeat_03/stats.json
Venlo,cam2,4,ploc,gpu,1024,768,32,2,8,46,25,32,4,16,16.301523208618164,2.978104,3.749711,0.033104,1.140439,0.19563,0.200517,6.612086,0.198625,0.0,8.867684,2499533,1249766,1249767,71.50615692138672,102519.9140625,1.0190341472625732,0.808229923248291,25165824,0,100436864,125602688,424141546,4322042376,/home/kubik/Diplodocus/diplodocus-project/experiments/runs/Venlo/cam2/ploc/repeat_04/stats.json
Venlo,cam2,0,ploc_emc1,gpu,1024,768,32,2,8,42,25,32,4,16,16.20479393005371,3.044314,3.674489,0.033803,1.149239,0.189691,0.181306,6.582972,0.188991,0.0,8.809024,2499533,1249766,1249767,71.20960235595703,102519.9140625,1.0206862688064575,0.8084211349487305,25165824,0,100436864,125602688,425038607,4292571954,/home/kubik/Diplodocus/diplodocus-project/experiments/runs/Venlo/cam2/ploc_emc1/repeat_00/stats.json
Venlo,cam2,1,ploc_emc1,gpu,1024,768,32,2,8,43,25,32,4,16,16.235523223876953,3.056675,3.677491,0.032895,1.156433,0.196467,0.186616,6.575281,0.195624,0.0,8.84827,2499533,1249766,1249767,71.20960235595703,102519.9140625,1.0230599641799927,0.8068495392799377,25165824,0,100436864,125602688,425026671,4292496089,/home/kubik/Diplodocus/diplodocus-project/experiments/runs/Venlo/cam2/ploc_emc1/repeat_01/stats.json
Venlo,cam2,2,ploc_emc1,gpu,1024,768,32,2,8,44,25,32,4,16,16.23894691467285,3.05004,3.683289,0.032686,1.143512,0.192206,0.184591,6.565641,0.2038,0.0,8.802246,2499533,1249766,1249767,71.20960235595703,102519.9140625,1.02566659450531,0.8076823949813843,25165824,0,100436864,125602688,425040469,4292678633,/home/kubik/Diplodocus/diplodocus-project/experiments/runs/Venlo/cam2/ploc_emc1/repeat_02/stats.json
Venlo,cam2,3,ploc_emc1,gpu,1024,768,32,2,8,45,25,32,4,16,16.261085510253906,3.007437,3.714511,0.036876,1.130451,0.200512,0.187943,6.594844,0.199255,0.0,8.823266,2499533,1249766,1249767,71.20960235595703,102519.9140625,1.0232356786727905,0.808268666267395,25165824,0,100436864,125602688,425045552,4292669632,/home/kubik/Diplodocus/diplodocus-project/experiments/runs/Venlo/cam2/ploc_emc1/repeat_03/stats.json
Venlo,cam2,4,ploc_emc1,gpu,1024,768,32,2,8,46,25,32,4,16,16.222322463989258,2.999335,3.686991,0.031987,1.140439,0.191082,0.178858,6.58701,0.192414,0.0,8.793289,2499533,1249766,1249767,71.20960235595703,102519.9140625,1.0200613737106323,0.8075922727584839,25165824,0,100436864,125602688,425033100,4292544729,/home/kubik/Diplodocus/diplodocus-project/experiments/runs/Venlo/cam2/ploc_emc1/repeat_04/stats.json
Venlo,cam2,0,ploc_emc2,gpu,1024,768,32,2,8,42,25,32,4,16,16.26003646850586,3.09446,3.664156,0.040927,1.251417,0.189066,0.185781,6.542942,0.194296,0.0,8.877253,2499533,1249766,1249767,72.43448638916016,102519.9140625,1.0373785495758057,0.8201010227203369,25165824,0,100436864,125602688,423508919,4352196964,/home/kubik/Diplodocus/diplodocus-project/experiments/runs/Venlo/cam2/ploc_emc2/repeat_00/stats.json
Venlo,cam2,1,ploc_emc2,gpu,1024,768,32,2,8,43,25,32,4,16,16.301105499267578,3.125958,3.662613,0.041835,1.257354,0.189346,0.187591,6.535337,0.194782,0.0,8.878931,2499533,1249766,1249767,72.43448638916016,102519.9140625,1.0361894369125366,0.8219056725502014,25165824,0,100436864,125602688,423495022,4352111746,/home/kubik/Diplodocus/diplodocus-project/experiments/runs/Venlo/cam2/ploc_emc2/repeat_01/stats.json
Venlo,cam2,2,ploc_emc2,gpu,1024,768,32,2,8,44,25,32,4,16,16.350553512573242,3.135806,3.71556,0.041975,1.242267,0.199603,0.198764,6.518913,0.194717,0.0,8.869484,2499533,1249766,1249767,72.43448638916016,102519.9140625,1.034885048866272,0.8210579752922058,25165824,0,100436864,125602688,423510688,4352295707,/home/kubik/Diplodocus/diplodocus-project/experiments/runs/Venlo/cam2/ploc_emc2/repeat_02/stats.json
Venlo,cam2,3,ploc_emc2,gpu,1024,768,32,2,8,45,25,32,4,16,16.284971237182617,3.157945,3.674348,0.042394,1.279982,0.191926,0.190252,6.519056,0.191577,0.0,8.887523,2499533,1249766,1249767,72.43448638916016,102519.9140625,1.0332183837890625,0.8196311593055725,25165824,0,100436864,125602688,423508894,4352287602,/home/kubik/Diplodocus/diplodocus-project/experiments/runs/Venlo/cam2/ploc_emc2/repeat_03/stats.json
Venlo,cam2,4,ploc_emc2,gpu,1024,768,32,2,8,46,25,32,4,16,16.41913604736328,3.162136,3.757118,0.046095,1.230185,0.194718,0.188775,6.538335,0.19647,0.0,8.89073,2499533,1249766,1249767,72.43448638916016,102519.9140625,1.0356038808822632,0.819161593914032,25165824,0,100436864,125602688,423499260,4352156383,/home/kubik/Diplodocus/diplodocus-project/experiments/runs/Venlo/cam2/ploc_emc2/repeat_04/stats.json
Venlo,cam2,0,ploc_sobb,gpu,1024,768,32,2,8,42,25,32,4,16,42.140159606933594,3.075742,4.569784,0.034641,1.178782,0.197167,0.190035,6.640794,0.206453,0.976522,9.090203,2499533,1249766,1249767,99.2625503540039,112283.71875,1.5530998706817627,1.301039457321167,25165824,0,100436864,125602688,255953783,3977442807,/home/kubik/Diplodocus/diplodocus-project/experiments/runs/Venlo/cam2/ploc_sobb/repeat_00/stats.json
Venlo,cam2,1,ploc_sobb,gpu,1024,768,32,2,8,43,25,32,4,16,42.60753631591797,2.967768,4.576622,0.033105,1.138134,0.198981,0.191022,6.597136,0.201069,0.969397,8.994304,2499533,1249766,1249767,99.2625503540039,112283.71875,1.5559221506118774,1.3006505966186523,25165824,0,100436864,125602688,255953888,3977386992,/home/kubik/Diplodocus/diplodocus-project/experiments/runs/Venlo/cam2/ploc_sobb/repeat_01/stats.json
Venlo,cam2,2,ploc_sobb,gpu,1024,768,32,2,8,44,25,32,4,16,42.20832443237305,3.013723,4.560639,0.050426,1.149448,0.202192,0.193108,6.611458,0.208347,0.958153,9.058847,2499533,1249766,1249767,99.2625503540039,112283.71875,1.5606805086135864,1.303898811340332,25165824,0,100436864,125602688,255963863,3977579514,/home/kubik/Diplodocus/diplodocus-project/experiments/runs/Venlo/cam2/ploc_sobb/repeat_02/stats.json
Venlo,cam2,3,ploc_sobb,gpu,1024,768,32,2,8,45,25,32,4,16,43.59278869628906,3.054231,4.521669,0.033454,1.172077,0.193461,0.189409,6.620888,0.199538,0.985181,9.080772,2499533,1249766,1249767,99.2625503540039,112283.71875,1.5551434755325317,1.3029711246490479,25165824,0,100436864,125602688,255959148,3977545328,/home/kubik/Diplodocus/diplodocus-project/experiments/runs/Venlo/cam2/ploc_sobb/repeat_03/stats.json
Venlo,cam2,4,ploc_sobb,gpu,1024,768,32,2,8,46,25,32,4,16,42.046714782714844,2.995006,4.570347,0.031848,1.165791,0.200868,0.191642,6.645679,0.200586,0.987138,9.076997,2499533,1249766,1249767,99.2625503540039,112283.71875,1.560780644416809,1.303753137588501,25165824,0,100436864,125602688,255953783,3977432886,/home/kubik/Diplodocus/diplodocus-project/experiments/runs/Venlo/cam2/ploc_sobb/repeat_04/stats.json
Venlo,cam2,0,ploc_emc1_sobb,gpu,1024,768,32,2,8,42,25,32,4,16,42.82865524291992,3.038656,4.451544,0.033384,1.138693,0.189485,0.188366,6.596164,0.188991,0.978477,9.006538,2499533,1249766,1249767,98.80538177490234,112283.71875,1.5529382228851318,1.2965911626815796,25165824,0,100436864,125602688,256545872,3946705690,/home/kubik/Diplodocus/diplodocus-project/experiments/runs/Venlo/cam2/ploc_emc1_sobb/repeat_00/stats.json
Venlo,cam2,1,ploc_emc1_sobb,gpu,1024,768,32,2,8,43,25,32,4,16,42.98272705078125,3.038447,4.469849,0.032755,1.163487,0.191782,0.184307,6.544622,0.207986,0.965207,8.966293,2499533,1249766,1249767,98.80538177490234,112283.71875,1.551672101020813,1.296464204788208,25165824,0,100436864,125602688,256543976,3946644390,/home/kubik/Diplodocus/diplodocus-project/experiments/runs/Venlo/cam2/ploc_emc1_sobb/repeat_01/stats.json
Venlo,cam2,2,ploc_emc1_sobb,gpu,1024,768,32,2,8,44,25,32,4,16,43.54585647583008,3.058491,4.475294,0.033803,1.147144,0.192132,0.190668,6.597629,0.189899,0.967093,9.014068,2499533,1249766,1249767,98.80538177490234,112283.71875,1.5502394437789917,1.2968015670776367,25165824,0,100436864,125602688,256552149,3946824871,/home/kubik/Diplodocus/diplodocus-project/experiments/runs/Venlo/cam2/ploc_emc1_sobb/repeat_02/stats.json
Venlo,cam2,3,ploc_emc1_sobb,gpu,1024,768,32,2,8,45,25,32,4,16,42.03064727783203,2.972446,4.5158,0.033873,1.14016,0.188013,0.179214,6.575353,0.194857,0.996286,8.966862,2499533,1249766,1249767,98.80538177490234,112283.71875,1.5460697412490845,1.2968471050262451,25165824,0,100436864,125602688,256552730,3946802224,/home/kubik/Diplodocus/diplodocus-project/experiments/runs/Venlo/cam2/ploc_emc1_sobb/repeat_03/stats.json
Venlo,cam2,4,ploc_emc1_sobb,gpu,1024,768,32,2,8,46,25,32,4,16,41.969398498535156,2.958409,4.446859,0.033384,1.133175,0.187878,0.186331,6.583099,0.193882,0.968699,8.966994,2499533,1249766,1249767,98.80538177490234,112283.71875,1.550325632095337,1.2982004880905151,25165824,0,100436864,125602688,256548640,3946693670,/home/kubik/Diplodocus/diplodocus-project/experiments/runs/Venlo/cam2/ploc_emc1_sobb/repeat_04/stats.json
Venlo,cam2,0,ploc_emc2_sobb,gpu,1024,768,32,2,8,42,25,32,4,16,43.422725677490234,3.141044,4.515163,0.045956,1.309175,0.192067,0.189967,6.547066,0.196251,0.959969,9.137131,2499533,1249766,1249767,100.56025695800781,112283.71875,1.572805643081665,1.3186341524124146,25165824,0,100436864,125602688,255453144,4001785689,/home/kubik/Diplodocus/diplodocus-project/experiments/runs/Venlo/cam2/ploc_emc2_sobb/repeat_00/stats.json
Venlo,cam2,1,ploc_emc2_sobb,gpu,1024,768,32,2,8,43,25,32,4,16,42.11920928955078,3.145164,4.501553,0.041066,1.252325,0.192065,0.185706,6.535821,0.194516,0.983087,9.0476,2499533,1249766,1249767,100.56025695800781,112283.71875,1.5676332712173462,1.3173573017120361,25165824,0,100436864,125602688,255449565,4001720048,/home/kubik/Diplodocus/diplodocus-project/experiments/runs/Venlo/cam2/ploc_emc2_sobb/repeat_01/stats.json
Venlo,cam2,2,ploc_emc2_sobb,gpu,1024,768,32,2,8,44,25,32,4,16,43.603057861328125,3.153336,4.492481,0.041625,1.235633,0.197447,0.182841,6.558447,0.193808,0.975334,9.061701,2499533,1249766,1249767,100.56025695800781,112283.71875,1.5709419250488281,1.3185055255889893,25165824,0,100436864,125602688,255459247,4001885812,/home/kubik/Diplodocus/diplodocus-project/experiments/runs/Venlo/cam2/ploc_emc2_sobb/repeat_02/stats.json
Venlo,cam2,3,ploc_emc2_sobb,gpu,1024,768,32,2,8,45,25,32,4,16,41.893550872802734,3.056745,4.504348,0.03953,1.240522,0.204142,0.18802,6.551117,0.200301,0.960598,9.067917,2499533,1249766,1249767,100.56025695800781,112283.71875,1.5686630010604858,1.3164100646972656,25165824,0,100436864,125602688,255453474,4001874223,/home/kubik/Diplodocus/diplodocus-project/experiments/runs/Venlo/cam2/ploc_emc2_sobb/repeat_03/stats.json
Venlo,cam2,4,ploc_emc2_sobb,gpu,1024,768,32,2,8,46,25,32,4,16,43.493614196777344,3.099627,4.459433,0.042463,1.236052,0.191923,0.186825,6.541553,0.195073,0.962763,9.035314,2499533,1249766,1249767,100.56025695800781,112283.71875,1.5686314105987549,1.317443609237671,25165824,0,100436864,125602688,255450842,4001758789,/home/kubik/Diplodocus/diplodocus-project/experiments/runs/Venlo/cam2/ploc_emc2_sobb/repeat_04/stats.json
