scene,camera_id,repeat_id,variant,renderer_type,width,height,pixel_sample_cnt,area_light_sample_cnt,max_depth,seed,nn_search_radius,kdop_size,max_triangles_per_leaf,bin_count,build_time_ms,init_time_ms,memcopy_time_ms,morton_construction_time_ms,morton_sort_time_ms,nn_search_time_ms,match_and_classify_time_ms,prefix_scan_time_ms,merge_and_compact_time_ms,sobb_refit_time_ms,kernel_time_ms,node_count,inner_node_count,leaf_node_count,bvh_cost,memory_consumption_bytes,frame_time_s,raytracing_time_s,primary_ray_count,secondary_ray_count,shadow_ray_count,query_count,intersection_count,traversal_count,stats_path
Dragon,cam0,0,ploc,gpu,1024,768,32,2,8,42,25,32,4,16,18.82950210571289,6.78907,5.61493,0.050375,1.084438,0.195145,0.207321,4.688659,0.270293,0.0,8.507008,1742615,871307,871308,100.42399597167969,71474.453125,0.642388641834259,0.368724524974823,25165824,11229920,44919680,81262080,328230595,3768471406,/home/gglab/votruja6_diplomka/Diplodocus/experiments/runs/Dragon/cam0/ploc/repeat_00/stats.json
Dragon,cam0,1,ploc,gpu,1024,768,32,2,8,43,25,32,4,16,18.65810203552246,6.4545,5.914866,0.081055,1.019894,0.192753,0.210533,4.631889,0.280647,0.0,8.410974,1742615,871307,871308,100.42399597167969,71474.453125,0.5673178434371948,0.3590140640735626,25165824,11229920,44919680,81262080,328230512,3768505232,/home/gglab/votruja6_diplomka/Diplodocus/experiments/runs/Dragon/cam0/ploc/repeat_01/stats.json
Dragon,cam0,2,ploc,gpu,1024,768,32,2,8,44,25,32,4,16,19.188045501708984,6.299348,6.18446,0.056997,0.908511,0.198077,0.26749,4.853903,0.37253,0.0,8.636181,1742615,871307,871308,100.42399597167969,71474.453125,0.5780623555183411,0.3649772107601166,25165824,11229920,44919680,81262080,328231405,3768541392,/home/gglab/votruja6_diplomka/Diplodocus/experiments/runs/Dragon/cam0/ploc/repeat_02/stats.json
Dragon,cam0,3,ploc,gpu,1024,768,32,2,8,45,25,32,4,16,19.11008071899414,6.251798,6.03814,0.050107,0.932014,0.191894,0.224664,4.487693,0.270703,0.0,8.120777,1742615,871307,871308,100.42399597167969,71474.453125,0.5780923366546631,0.3626555800437927,25165824,11229920,44919680,81262080,328246058,3768550633,/home/gglab/votruja6_diplomka/Diplodocus/experiments/runs/Dragon/cam0/ploc/repeat_03/stats.json
Dragon,cam0,4,ploc,gpu,1024,768,32,2,8,46,25,32,4,16,18.82439422607422,6.953106,5.706565,0.094904,1.141762,0.195116,0.221473,4.586967,0.263787,0.0,8.525323,1742615,871307,871308,100.42399597167969,71474.453125,0.5700993537902832,0.3607516288757324,25165824,11229920,44919680,81262080,328225779,3768399541,/home/gglab/votruja6_diplomka/Diplodocus/experiments/runs/Dragon/cam0/ploc/repeat_04/stats.json
Dragon,cam0,0,ploc_emc1,gpu,1024,768,32,2,8,42,25,32,4,16,19.031253814697266,6.610114,5.970785,0.057274,1.002279,0.208729,0.235979,4.629776,0.284412,0.0,8.32221,1742615,871307,871308,100.93843078613281,71474.453125,0.5895612239837646,0.3693176507949829,25165824,11229920,44919680,81262080,325973719,3798059474,/home/gglab/votruja6_diplomka/Diplodocus/experiments/runs/Dragon/cam0/ploc_emc1/repeat_00/stats.json
Dragon,cam0,1,ploc_emc1,gpu,1024,768,32,2,8,43,25,32,4,16,21.11460304260254,6.526997,6.924811,0.073699,0.994585,0.20455,0.312034,5.571945,0.570454,0.0,9.712989,1742615,871307,871308,100.93843078613281,71474.453125,0.5852198004722595,0.3638762831687927,25165824,11229920,44919680,81262080,325990061,3798114282,/home/gglab/votruja6_diplomka/Diplodocus/experiments/runs/Dragon/cam0/ploc_emc1/repeat_01/stats.json
Dragon,cam0,2,ploc_emc1,gpu,1024,768,32,2,8,44,25,32,4,16,18.62879180908203,6.649933,5.407051,0.048623,1.046949,0.191656,0.213645,4.944552,0.258783,0.0,8.706842,1742615,871307,871308,100.93843078613281,71474.453125,0.58650141954422,0.3713749945163727,25165824,11229920,44919680,81262080,325990927,3798097998,/home/gglab/votruja6_diplomka/Diplodocus/experiments/runs/Dragon/cam0/ploc_emc1/repeat_02/stats.json
Dragon,cam0,3,ploc_emc1,gpu,1024,768,32,2,8,45,25,32,4,16,18.74803352355957,6.804261,5.652758,0.060765,1.128948,0.204686,0.247548,4.5307,0.320316,0.0,8.492829,1742615,871307,871308,100.93843078613281,71474.453125,0.5768710374832153,0.3642643094062805,25165824,11229920,44919680,81262080,325992393,3798014089,/home/gglab/votruja6_diplomka/Diplodocus/experiments/runs/Dragon/cam0/ploc_emc1/repeat_03/stats.json
Dragon,cam0,4,ploc_emc1,gpu,1024,768,32,2,8,46,25,32,4,16,18.963788986206055,6.844006,5.485659,0.059032,1.02363,0.188296,0.21632,4.535972,0.276494,0.0,8.338793,1742615,871307,871308,100.93843078613281,71474.453125,0.5747993588447571,0.3698973059654236,25165824,11229920,44919680,81262080,325981364,3798017739,/home/gglab/votruja6_diplomka/Diplodocus/experiments/runs/Dragon/cam0/ploc_emc1/repeat_04/stats.json
Dragon,cam0,0,ploc_emc2,gpu,1024,768,32,2,8,42,25,32,4,16,18.322195053100586,6.685516,5.515292,0.072689,0.955005,0.187637,0.21311,4.4046,0.256729,0.0,8.057971,1742615,871307,871308,100.69798278808594,71474.453125,0.6008531451225281,0.3988395631313324,25165824,11229920,44919680,81262080,342686146,3910037054,/home/gglab/votruja6_diplomka/Diplodocus/experiments/runs/Dragon/cam0/ploc_emc2/repeat_00/stats.json
Dragon,cam0,1,ploc_emc2,gpu,1024,768,32,2,8,43,25,32,4,16,18.922529220581055,6.326419,6.09727,0.072718,0.97145,0.180166,0.192529,4.942043,0.273139,0.0,8.611871,1742615,871307,871308,100.69798278808594,71474.453125,0.5986256003379822,0.39254817366600037,25165824,11229920,44919680,81262080,342705731,3910104112,/home/gglab/votruja6_diplomka/Diplodocus/experiments/runs/Dragon/cam0/ploc_emc2/repeat_01/stats.json
Dragon,cam0,2,ploc_emc2,gpu,1024,768,32,2,8,44,25,32,4,16,17.77642822265625,6.587064,5.252276,0.0753,1.037995,0.182678,0.210412,4.344133,0.262598,0.0,8.141489,1742615,871307,871308,100.69798278808594,71474.453125,0.6140843033790588,0.396697998046875,25165824,11229920,44919680,81262080,342730118,3910158326,/home/gglab/votruja6_diplomka/Diplodocus/experiments/runs/Dragon/cam0/ploc_emc2/repeat_02/stats.json
Dragon,cam0,3,ploc_emc2,gpu,1024,768,32,2,8,45,25,32,4,16,18.607961654663086,6.290503,5.885134,0.05309,0.947392,0.197234,0.356772,4.63108,0.296891,0.0,8.451279,1742615,871307,871308,100.69798278808594,71474.453125,0.6281869411468506,0.39601385593414307,25165824,11229920,44919680,81262080,342702313,3910032626,/home/gglab/votruja6_diplomka/Diplodocus/experiments/runs/Dragon/cam0/ploc_emc2/repeat_03/stats.json
Dragon,cam0,4,ploc_emc2,gpu,1024,768,32,2,8,46,25,32,4,16,18.260549545288086,6.704447,5.429664,0.096995,1.001735,0.236083,0.223227,4.450247,0.279057,0.0,8.408701,1742615,871307,871308,100.69798278808594,71474.453125,0.6116116046905518,0.3959600329399109,25165824,11229920,44919680,81262080,342717083,3910113945,/home/gglab/votruja6_diplomka/Diplodocus/experiments/runs/Dragon/cam0/ploc_emc2/repeat_04/stats.json
Dragon,cam0,0,ploc_sobb,gpu,1024,768,32,2,8,42,25,32,4,16,30.508426666259766,6.584786,6.735917,0.058101,0.939882,0.189423,0.216584,4.574025,0.294883,1.282547,8.531577,1742615,871307,871308,119.36175537109375,78281.5390625,0.6746663451194763,0.4484601318836212,25165824,11229920,44919680,81262080,229137432,3361922355,/home/gglab/votruja6_diplomka/Diplodocus/experiments/runs/Dragon/cam0/ploc_sobb/repeat_00/stats.json
Dragon,cam0,1,ploc_sobb,gpu,1024,768,32,2,8,43,25,32,4,16,37.292877197265625,6.623887,11.748892,0.090481,1.029191,0.196083,0.259201,6.209268,0.934792,1.623646,10.972552,1742615,871307,871308,119.36175537109375,78281.5390625,0.6779678463935852,0.44769608974456787,25165824,11229920,44919680,81262080,229142136,3361916741,/home/gglab/votruja6_diplomka/Diplodocus/experiments/runs/Dragon/cam0/ploc_sobb/repeat_01/stats.json
Dragon,cam0,2,ploc_sobb,gpu,1024,768,32,2,8,44,25,32,4,16,31.497468948364258,6.478629,7.568545,0.042848,1.020383,0.193091,0.213977,4.870344,0.28323,1.086375,8.855047,1742615,871307,871308,119.36175537109375,78281.5390625,0.6763110756874084,0.4469248056411743,25165824,11229920,44919680,81262080,229140425,3361959069,/home/gglab/votruja6_diplomka/Diplodocus/experiments/runs/Dragon/cam0/ploc_sobb/repeat_02/stats.json
Dragon,cam0,3,ploc_sobb,gpu,1024,768,32,2,8,45,25,32,4,16,29.94002914428711,6.503847,6.415213,0.052071,1.021157,0.188217,0.223257,4.557375,0.281206,0.896417,8.274725,1742615,871307,871308,119.36175537109375,78281.5390625,0.6768590211868286,0.45101478695869446,25165824,11229920,44919680,81262080,229142203,3361974692,/home/gglab/votruja6_diplomka/Diplodocus/experiments/runs/Dragon/cam0/ploc_sobb/repeat_03/stats.json
Dragon,cam0,4,ploc_sobb,gpu,1024,768,32,2,8,46,25,32,4,16,30.370006561279297,6.93944,6.688277,0.055355,1.164921,0.182923,0.221177,4.467611,0.258265,1.257998,8.438563,1742615,871307,871308,119.36175537109375,78281.5390625,0.6895869374275208,0.45226460695266724,25165824,11229920,44919680,81262080,229136700,3361897359,/home/gglab/votruja6_diplomka/Diplodocus/experiments/runs/Dragon/cam0/ploc_sobb/repeat_04/stats.json
Dragon,cam0,0,ploc_emc1_sobb,gpu,1024,768,32,2,8,42,25,32,4,16,30.11087417602539,6.510289,6.837816,0.055936,0.935659,0.187288,0.216126,4.61381,0.276074,1.013974,8.544057,1742615,871307,871308,119.79247283935547,78281.5390625,0.6932133436203003,0.45630723237991333,25165824,11229920,44919680,81262080,228452960,3394931375,/home/gglab/votruja6_diplomka/Diplodocus/experiments/runs/Dragon/cam0/ploc_emc1_sobb/repeat_00/stats.json
Dragon,cam0,1,ploc_emc1_sobb,gpu,1024,768,32,2,8,43,25,32,4,16,30.27344512939453,6.741975,6.962288,0.064298,0.963014,0.188315,0.212371,4.489587,0.261244,1.550082,8.58217,1742615,871307,871308,119.79247283935547,78281.5390625,0.6883615255355835,0.4527927339076996,25165824,11229920,44919680,81262080,228461596,3394969620,/home/gglab/votruja6_diplomka/Diplodocus/experiments/runs/Dragon/cam0/ploc_emc1_sobb/repeat_01/stats.json
Dragon,cam0,2,ploc_emc1_sobb,gpu,1024,768,32,2,8,44,25,32,4,16,29.79143524169922,6.445014,6.418666,0.063349,0.923876,0.204463,0.226468,4.623423,0.26996,1.07662,8.475432,1742615,871307,871308,119.79247283935547,78281.5390625,0.6843395829200745,0.45261630415916443,25165824,11229920,44919680,81262080,228453715,3394956073,/home/gglab/votruja6_diplomka/Diplodocus/experiments/runs/Dragon/cam0/ploc_emc1_sobb/repeat_02/stats.json
Dragon,cam0,3,ploc_emc1_sobb,gpu,1024,768,32,2,8,45,25,32,4,16,30.16221046447754,6.585205,7.547692,0.060536,0.963814,0.184285,0.221035,4.48719,0.259248,1.958202,8.449289,1742615,871307,871308,119.79247283935547,78281.5390625,0.6773862242698669,0.45811164379119873,25165824,11229920,44919680,81262080,228456003,3394887188,/home/gglab/votruja6_diplomka/Diplodocus/experiments/runs/Dragon/cam0/ploc_emc1_sobb/repeat_03/stats.json
Dragon,cam0,4,ploc_emc1_sobb,gpu,1024,768,32,2,8,46,25,32,4,16,30.652231216430664,6.496445,7.021185,0.057608,0.976651,0.189591,0.31871,4.676775,0.281361,1.159514,8.745818,1742615,871307,871308,119.79247283935547,78281.5390625,0.6906268000602722,0.456414133310318,25165824,11229920,44919680,81262080,228451109,3394938684,/home/gglab/votruja6_diplomka/Diplodocus/experiments/runs/Dragon/cam0/ploc_emc1_sobb/repeat_04/stats.json
Dragon,cam0,0,ploc_emc2_sobb,gpu,1024,768,32,2,8,42,25,32,4,16,30.50346565246582,6.575372,7.393902,0.064013,1.008872,0.186366,0.206152,4.447297,0.260571,1.583488,8.380757,1742615,871307,871308,119.62223052978516,78281.5390625,0.7169604897499084,0.49040693044662476,25165824,11230112,44920448,81263008,236150025,3478223695,/home/gglab/votruja6_diplomka/Diplodocus/experiments/runs/Dragon/cam0/ploc_emc2_sobb/repeat_00/stats.json
Dragon,cam0,1,ploc_emc2_sobb,gpu,1024,768,32,2,8,43,25,32,4,16,30.812461853027344,6.453783,7.150682,0.058768,0.9115,0.182947,0.200456,4.901781,0.272255,1.068646,8.796868,1742615,871307,871308,119.62223052978516,78281.5390625,0.7155745029449463,0.48779046535491943,25165824,11230112,44920448,81263008,236157569,3478247226,/home/gglab/votruja6_diplomka/Diplodocus/experiments/runs/Dragon/cam0/ploc_emc2_sobb/repeat_01/stats.json
Dragon,cam0,2,ploc_emc2_sobb,gpu,1024,768,32,2,8,44,25,32,4,16,30.48259735107422,6.487981,7.176537,0.057822,0.930965,0.181146,0.205264,4.674033,0.267003,1.09063,8.555659,1742615,871307,871308,119.62223052978516,78281.5390625,0.7179213762283325,0.4902540147304535,25165824,11230112,44920448,81263008,236153429,3478264488,/home/gglab/votruja6_diplomka/Diplodocus/experiments/runs/Dragon/cam0/ploc_emc2_sobb/repeat_02/stats.json
Dragon,cam0,3,ploc_emc2_sobb,gpu,1024,768,32,2,8,45,25,32,4,16,29.999332427978516,6.486547,6.714349,0.050358,0.969919,0.184747,0.211432,4.616661,0.26447,1.051245,8.558383,1742615,871307,871308,119.62223052978516,78281.5390625,0.7204419374465942,0.4909268319606781,25165824,11230112,44920448,81263008,236147298,3478226198,/home/gglab/votruja6_diplomka/Diplodocus/experiments/runs/Dragon/cam0/ploc_emc2_sobb/repeat_03/stats.json
Dragon,cam0,4,ploc_emc2_sobb,gpu,1024,768,32,2,8,46,25,32,4,16,31.483240127563477,7.127866,7.226362,0.084096,1.017688,0.219557,0.207396,4.833263,0.339925,1.22844,8.976583,1742615,871307,871308,119.62223052978516,78281.5390625,0.7372270226478577,0.4915540814399719,25165824,11230112,44920448,81263008,236150671,3478267342,/home/gglab/votruja6_diplomka/Diplodocus/experiments/runs/Dragon/cam0/ploc_emc2_sobb/repeat_04/stats.json
Dragon,cam1,0,ploc,gpu,1024,768,32,2,8,42,25,32,4,16,20.87666130065918,6.468506,7.858443,0.080791,1.065731,0.200671,0.213197,4.823109,0.276031,0.0,8.569225,1742615,871307,871308,100.42399597167969,71474.453125,0.7896192073822021,0.5909883379936218,25165824,24806560,99226240,148994368,689304524,8208324664,/home/gglab/votruja6_diplomka/Diplodocus/experiments/runs/Dragon/cam1/ploc/repeat_00/stats.json
Dragon,cam1,1,ploc,gpu,1024,768,32,2,8,43,25,32,4,16,18.863367080688477,6.424554,6.201604,0.064326,1.039732,0.185816,0.211036,4.626522,0.264195,0.0,8.29845,1742615,871307,871308,100.42399597167969,71474.453125,0.8572927117347717,0.5950502753257751,25165824,24806560,99226240,148994368,689314294,8208285834,/home/gglab/votruja6_diplomka/Diplodocus/experiments/runs/Dragon/cam1/ploc/repeat_01/stats.json
Dragon,cam1,2,ploc,gpu,1024,768,32,2,8,44,25,32,4,16,18.159135818481445,6.38675,5.683422,0.055566,0.980778,0.183721,0.221235,4.507128,0.271461,0.0,8.207662,1742615,871307,871308,100.42399597167969,71474.453125,0.8622670769691467,0.5926403403282166,25165824,24806560,99226240,148994368,689286706,8208062789,/home/gglab/votruja6_diplomka/Diplodocus/experiments/runs/Dragon/cam1/ploc/repeat_02/stats.json
Dragon,cam1,3,ploc,gpu,1024,768,32,2,8,45,25,32,4,16,19.561878204345703,6.378454,6.360505,0.05801,1.007093,0.189007,0.207647,5.189854,0.286518,0.0,8.905351,1742615,871307,871308,100.42399597167969,71474.453125,0.023144813254475594,0.5881487727165222,25165824,24806560,99226240,148994368,689255441,8207965877,/home/gglab/votruja6_diplomka/Diplodocus/experiments/runs/Dragon/cam1/ploc/repeat_03/stats.json
Dragon,cam1,4,ploc,gpu,1024,768,32,2,8,46,25,32,4,16,18.62676429748535,6.325508,5.950177,0.060677,0.957169,0.20532,0.22304,4.68736,0.301193,0.0,8.392038,1742615,871307,871308,100.42399597167969,71474.453125,0.8502283096313477,0.5899032950401306,25165824,24806560,99226240,148994368,689286116,8208140099,/home/gglab/votruja6_diplomka/Diplodocus/experiments/runs/Dragon/cam1/ploc/repeat_04/stats.json
Dragon,cam1,0,ploc_emc1,gpu,1024,768,32,2,8,42,25,32,4,16,19.404617309570312,6.375392,6.41174,0.079379,0.99393,0.187809,0.182504,5.011057,0.282467,0.0,8.703205,1742615,871307,871308,100.93843078613281,71474.453125,0.8735190033912659,0.608931839466095,25165824,24806560,99226240,148994368,689896365,8381308466,/home/gglab/votruja6_diplomka/Diplodocus/experiments/runs/Dragon/cam1/ploc_emc1/repeat_00/stats.json
Dragon,cam1,1,ploc_emc1,gpu,1024,768,32,2,8,43,25,32,4,16,22.080196380615234,6.610856,7.682694,0.073415,0.95436,0.19071,0.249072,5.886167,0.268156,0.0,9.636334,1742615,871307,871308,100.93843078613281,71474.453125,0.8548295497894287,0.6095770001411438,25165824,24806560,99226240,148994368,689888786,8381243069,/home/gglab/votruja6_diplomka/Diplodocus/experiments/runs/Dragon/cam1/ploc_emc1/repeat_01/stats.json
Dragon,cam1,2,ploc_emc1,gpu,1024,768,32,2,8,44,25,32,4,16,19.645681381225586,6.223239,6.758221,0.040746,0.916847,0.185464,0.214359,5.07725,0.283583,0.0,8.701552,1742615,871307,871308,100.93843078613281,71474.453125,0.8345859050750732,0.6100423336029053,25165824,24806560,99226240,148994368,689860220,8381050107,/home/gglab/votruja6_diplomka/Diplodocus/experiments/runs/Dragon/cam1/ploc_emc1/repeat_02/stats.json
Dragon,cam1,3,ploc_emc1,gpu,1024,768,32,2,8,45,25,32,4,16,18.848289489746094,7.034068,5.591431,0.165019,0.995984,0.184816,0.223,4.508372,0.259524,0.0,8.310734,1742615,871307,871308,100.93843078613281,71474.453125,0.849846363067627,0.6070853471755981,25165824,24806560,99226240,148994368,689866412,8381128817,/home/gglab/votruja6_diplomka/Diplodocus/experiments/runs/Dragon/cam1/ploc_emc1/repeat_03/stats.json
Dragon,cam1,4,ploc_emc1,gpu,1024,768,32,2,8,46,25,32,4,16,18.86136817932129,6.326608,6.091536,0.057772,0.955152,0.237528,0.202975,4.755473,0.284768,0.0,8.464338,1742615,871307,871308,100.93843078613281,71474.453125,0.8607503175735474,0.6111930012702942,25165824,24806560,99226240,148994368,689871806,8381230733,/home/gglab/votruja6_diplomka/Diplodocus/experiments/runs/Dragon/cam1/ploc_emc1/repeat_04/stats.json
Dragon,cam1,0,ploc_emc2,gpu,1024,768,32,2,8,42,25,32,4,16,17.929410934448242,6.179494,5.563992,0.064807,0.977553,0.184397,0.213361,4.41599,0.259559,0.0,7.894926,1742615,871307,871308,100.69798278808594,71474.453125,0.8935165405273438,0.6761006712913513,25165824,24806560,99226240,148994368,781387873,8932696152,/home/gglab/votruja6_diplomka/Diplodocus/experiments/runs/Dragon/cam1/ploc_emc2/repeat_00/stats.json
Dragon,cam1,1,ploc_emc2,gpu,1024,768,32,2,8,43,25,32,4,16,18.72432518005371,6.442482,6.027955,0.076892,0.916446,0.179564,0.176351,4.748269,0.275148,0.0,8.41703,1742615,871307,871308,100.69798278808594,71474.453125,0.9705167412757874,0.6815527081489563,25165824,24806560,99226240,148994368,781414166,8932875119,/home/gglab/votruja6_diplomka/Diplodocus/experiments/runs/Dragon/cam1/ploc_emc2/repeat_01/stats.json
Dragon,cam1,2,ploc_emc2,gpu,1024,768,32,2,8,44,25,32,4,16,19.10086441040039,6.430348,6.212864,0.090178,0.993916,0.182591,0.202994,4.82996,0.288221,0.0,8.570957,1742615,871307,871308,100.69798278808594,71474.453125,0.9083885550498962,0.6809505224227905,25165824,24806560,99226240,148994368,781427857,8932778492,/home/gglab/votruja6_diplomka/Diplodocus/experiments/runs/Dragon/cam1/ploc_emc2/repeat_02/stats.json
Dragon,cam1,3,ploc_emc2,gpu,1024,768,32,2,8,45,25,32,4,16,18.22028160095215,6.417313,5.62229,0.066199,0.973475,0.181514,0.211061,4.578481,0.273602,0.0,8.282294,1742615,871307,871308,100.69798278808594,71474.453125,0.8878128528594971,0.6773719191551208,25165824,24806560,99226240,148994368,781374911,8932684472,/home/gglab/votruja6_diplomka/Diplodocus/experiments/runs/Dragon/cam1/ploc_emc2/repeat_03/stats.json
Dragon,cam1,4,ploc_emc2,gpu,1024,768,32,2,8,46,25,32,4,16,19.143157958984375,6.420145,6.242511,0.059635,0.958286,0.188421,0.186112,4.817728,0.300867,0.0,8.514346,1742615,871307,871308,100.69798278808594,71474.453125,0.9000229835510254,0.682911217212677,25165824,24806560,99226240,148994368,781386299,8932824951,/home/gglab/votruja6_diplomka/Diplodocus/experiments/runs/Dragon/cam1/ploc_emc2/repeat_04/stats.json
Dragon,cam1,0,ploc_sobb,gpu,1024,768,32,2,8,42,25,32,4,16,31.431550979614258,6.43307,7.629922,0.041805,1.023623,0.188687,0.210181,5.038076,0.296264,1.159741,9.013438,1742615,871307,871308,119.36175537109375,78281.5390625,1.015295386314392,0.7391152381896973,25165824,24806368,99225472,148993440,490565264,7305051839,/home/gglab/votruja6_diplomka/Diplodocus/experiments/runs/Dragon/cam1/ploc_sobb/repeat_00/stats.json
Dragon,cam1,1,ploc_sobb,gpu,1024,768,32,2,8,43,25,32,4,16,31.019201278686523,6.515764,7.371608,0.056058,0.959864,0.187575,0.243105,4.435462,0.27067,1.66243,8.428016,1742615,871307,871308,119.36175537109375,78281.5390625,1.0161523818969727,0.7400727868080139,25165824,24806368,99225472,148993440,490570494,7305001446,/home/gglab/votruja6_diplomka/Diplodocus/experiments/runs/Dragon/cam1/ploc_sobb/repeat_01/stats.json
Dragon,cam1,2,ploc_sobb,gpu,1024,768,32,2,8,44,25,32,4,16,31.5809383392334,6.574161,7.814484,0.059036,0.976849,0.212031,0.199116,4.933125,0.378678,1.166296,8.977983,1742615,871307,871308,119.36175537109375,78281.5390625,0.9779605865478516,0.7412703633308411,25165824,24806368,99225472,148993440,490565123,7304902502,/home/gglab/votruja6_diplomka/Diplodocus/experiments/runs/Dragon/cam1/ploc_sobb/repeat_02/stats.json
Dragon,cam1,3,ploc_sobb,gpu,1024,768,32,2,8,45,25,32,4,16,31.36193084716797,6.424727,7.571884,0.040601,0.972417,0.1872,0.203755,5.132344,0.289926,1.064714,9.033133,1742615,871307,871308,119.36175537109375,78281.5390625,0.9646715521812439,0.7331399917602539,25165824,24806368,99225472,148993440,490546663,7304789859,/home/gglab/votruja6_diplomka/Diplodocus/experiments/runs/Dragon/cam1/ploc_sobb/repeat_03/stats.json
Dragon,cam1,4,ploc_sobb,gpu,1024,768,32,2,8,46,25,32,4,16,29.823949813842773,6.703024,6.419056,0.04961,0.970214,0.185164,0.220842,4.494044,0.261628,1.064839,8.366672,1742615,871307,871308,119.36175537109375,78281.5390625,0.9655329585075378,0.7359566688537598,25165824,24806368,99225472,148993440,490561729,7304927215,/home/gglab/votruja6_diplomka/Diplodocus/experiments/runs/Dragon/cam1/ploc_sobb/repeat_04/stats.json
Dragon,cam1,0,ploc_emc1_sobb,gpu,1024,768,32,2,8,42,25,32,4,16,30.782730102539062,6.468904,7.201956,0.048012,0.971513,0.184029,0.21971,4.425221,0.261796,1.489757,8.489701,1742615,871307,871308,119.79247283935547,78281.5390625,0.9698669910430908,0.7399426698684692,25165824,24806368,99225472,148993440,490894387,7441036010,/home/gglab/votruja6_diplomka/Diplodocus/experiments/runs/Dragon/cam1/ploc_emc1_sobb/repeat_00/stats.json
Dragon,cam1,1,ploc_emc1_sobb,gpu,1024,768,32,2,8,43,25,32,4,16,31.80664825439453,6.414332,7.633053,0.042263,0.942295,0.185374,0.206656,5.060036,0.278819,1.086894,8.97193,1742615,871307,871308,119.79247283935547,78281.5390625,0.9776658415794373,0.7405868172645569,25165824,24806368,99225472,148993440,490903936,7441020093,/home/gglab/votruja6_diplomka/Diplodocus/experiments/runs/Dragon/cam1/ploc_emc1_sobb/repeat_01/stats.json
Dragon,cam1,2,ploc_emc1_sobb,gpu,1024,768,32,2,8,44,25,32,4,16,29.842771530151367,6.615184,6.7101,0.044291,1.034049,0.202564,0.217652,4.425248,0.271027,1.284121,8.424801,1742615,871307,871308,119.79247283935547,78281.5390625,0.9657627940177917,0.7405417561531067,25165824,24806368,99225472,148993440,490890652,7440917565,/home/gglab/votruja6_diplomka/Diplodocus/experiments/runs/Dragon/cam1/ploc_emc1_sobb/repeat_02/stats.json
Dragon,cam1,3,ploc_emc1_sobb,gpu,1024,768,32,2,8,45,25,32,4,16,31.07946014404297,6.909649,7.544348,0.067458,0.997487,0.186392,0.213893,4.48879,0.265727,1.565148,8.397651,1742615,871307,871308,119.79247283935547,78281.5390625,0.97480708360672,0.7366098761558533,25165824,24806368,99225472,148993440,490886756,7440968733,/home/gglab/votruja6_diplomka/Diplodocus/experiments/runs/Dragon/cam1/ploc_emc1_sobb/repeat_03/stats.json
Dragon,cam1,4,ploc_emc1_sobb,gpu,1024,768,32,2,8,46,25,32,4,16,31.168865203857422,6.447396,7.499656,0.054731,0.922393,0.193704,0.214935,4.985145,0.309832,1.171646,8.93608,1742615,871307,871308,119.79247283935547,78281.5390625,0.9653546214103699,0.7335452437400818,25165824,24806368,99225472,148993440,490891487,7441039214,/home/gglab/votruja6_diplomka/Diplodocus/experiments/runs/Dragon/cam1/ploc_emc1_sobb/repeat_04/stats.json
Dragon,cam1,0,ploc_emc2_sobb,gpu,1024,768,32,2,8,42,25,32,4,16,29.670068740844727,6.474488,6.469201,0.053332,0.93745,0.18375,0.221024,4.495072,0.264949,1.004576,8.39275,1742615,871307,871308,119.62223052978516,78281.5390625,1.071738600730896,0.8406289219856262,25165824,24806368,99225472,148993440,538759432,7895420087,/home/gglab/votruja6_diplomka/Diplodocus/experiments/runs/Dragon/cam1/ploc_emc2_sobb/repeat_00/stats.json
Dragon,cam1,1,ploc_emc2_sobb,gpu,1024,768,32,2,8,43,25,32,4,16,29.967708587646484,6.419879,6.872346,0.06839,0.908373,0.185752,0.215049,4.476599,0.270153,1.060331,8.34172,1742615,871307,871308,119.62223052978516,78281.5390625,1.0682481527328491,0.8358834981918335,25165824,24806368,99225472,148993440,538767904,7895490570,/home/gglab/votruja6_diplomka/Diplodocus/experiments/runs/Dragon/cam1/ploc_emc2_sobb/repeat_01/stats.json
Dragon,cam1,2,ploc_emc2_sobb,gpu,1024,768,32,2,8,44,25,32,4,16,30.596839904785156,7.461167,6.430863,0.152341,1.492354,0.182135,0.217228,4.432604,0.256281,1.051902,8.742235,1742615,871307,871308,119.62223052978516,78281.5390625,1.0756670236587524,0.8448187112808228,25165824,24806368,99225472,148993440,538779745,7895496305,/home/gglab/votruja6_diplomka/Diplodocus/experiments/runs/Dragon/cam1/ploc_emc2_sobb/repeat_02/stats.json
Dragon,cam1,3,ploc_emc2_sobb,gpu,1024,768,32,2,8,45,25,32,4,16,30.74956512451172,6.511207,7.212023,0.065796,0.930019,0.187632,0.210985,4.7927,0.266736,1.082072,8.656769,1742615,871307,871308,119.62223052978516,78281.5390625,1.070726752281189,0.84034663438797,25165824,24806368,99225472,148993440,538747707,7895384747,/home/gglab/votruja6_diplomka/Diplodocus/experiments/runs/Dragon/cam1/ploc_emc2_sobb/repeat_03/stats.json
Dragon,cam1,4,ploc_emc2_sobb,gpu,1024,768,32,2,8,46,25,32,4,16,30.076181411743164,6.543406,6.819274,0.058027,0.979606,0.184594,0.212302,4.525841,0.280469,1.073444,8.457208,1742615,871307,871308,119.62223052978516,78281.5390625,1.0708675384521484,0.8349485397338867,25165824,24806368,99225472,148993440,538767604,7895519919,/home/gglab/votruja6_diplomka/Diplodocus/experiments/runs/Dragon/cam1/ploc_emc2_sobb/repeat_04/stats.json
Dragon,cam2,0,ploc,gpu,1024,768,32,2,8,42,25,32,4,16,18.29397201538086,6.554667,5.616855,0.052421,0.972173,0.193383,0.207787,4.462271,0.292459,0.0,8.169672,1742615,871307,871308,100.42399597167969,71474.453125,0.6706746220588684,0.4528409242630005,25165824,10801216,54006080,89934784,361295243,4160684766,/home/gglab/votruja6_diplomka/Diplodocus/experiments/runs/Dragon/cam2/ploc/repeat_00/stats.json
Dragon,cam2,1,ploc,gpu,1024,768,32,2,8,43,25,32,4,16,19.109956741333008,6.351195,6.290212,0.058506,1.029905,0.188321,0.214198,4.787609,0.294722,0.0,8.488862,1742615,871307,871308,100.42399597167969,71474.453125,0.6717693209648132,0.45362403988838196,25165824,10801216,54006080,89934784,361321794,4160912507,/home/gglab/votruja6_diplomka/Diplodocus/experiments/runs/Dragon/cam2/ploc/repeat_01/stats.json
Dragon,cam2,2,ploc,gpu,1024,768,32,2,8,44,25,32,4,16,18.893144607543945,6.231318,6.054748,0.040915,0.900525,0.205099,0.216707,4.925876,0.272793,0.0,8.359211,1742615,871307,871308,100.42399597167969,71474.453125,0.6721930503845215,0.4525192081928253,25165824,10801216,54006080,89934784,361326187,4160822191,/home/gglab/votruja6_diplomka/Diplodocus/experiments/runs/Dragon/cam2/ploc/repeat_02/stats.json
Dragon,cam2,3,ploc,gpu,1024,768,32,2,8,45,25,32,4,16,19.193431854248047,6.342867,6.316314,0.058804,0.96518,0.188338,0.199992,4.927101,0.280096,0.0,8.586269,1742615,871307,871308,100.42399597167969,71474.453125,-0.15458428859710693,0.4517389237880707,25165824,10801216,54006080,89934784,361307727,4160795073,/home/gglab/votruja6_diplomka/Diplodocus/experiments/runs/Dragon/cam2/ploc/repeat_03/stats.json
Dragon,cam2,4,ploc,gpu,1024,768,32,2,8,46,25,32,4,16,18.301633834838867,6.489768,5.668626,0.058912,1.050128,0.186666,0.224323,4.472278,0.278007,0.0,8.225242,1742615,871307,871308,100.42399597167969,71474.453125,0.6734651327133179,0.4485005736351013,25165824,10801216,54006080,89934784,361319192,4160850052,/home/gglab/votruja6_diplomka/Diplodocus/experiments/runs/Dragon/cam2/ploc/repeat_04/stats.json
Dragon,cam2,0,ploc_emc1,gpu,1024,768,32,2,8,42,25,32,4,16,18.488248825073242,6.337936,5.8696,0.040849,0.977972,0.18565,0.202485,4.605725,0.269212,0.0,8.245869,1742615,871307,871308,100.93843078613281,71474.453125,0.6487101912498474,0.43532538414001465,25165824,10801216,54006080,89934784,356519266,4195853102,/home/gglab/votruja6_diplomka/Diplodocus/experiments/runs/Dragon/cam2/ploc_emc1/repeat_00/stats.json
Dragon,cam2,1,ploc_emc1,gpu,1024,768,32,2,8,43,25,32,4,16,18.404144287109375,6.430233,5.869491,0.042339,0.999042,0.188797,0.222762,4.561112,0.275278,0.0,8.354515,1742615,871307,871308,100.93843078613281,71474.453125,0.6580137610435486,0.43937501311302185,25165824,10801216,54006080,89934784,356523623,4195982303,/home/gglab/votruja6_diplomka/Diplodocus/experiments/runs/Dragon/cam2/ploc_emc1/repeat_01/stats.json
Dragon,cam2,2,ploc_emc1,gpu,1024,768,32,2,8,44,25,32,4,16,18.659767150878906,6.192439,6.132073,0.055381,0.924186,0.183439,0.217646,4.471817,0.262622,0.0,8.032328,1742615,871307,871308,100.93843078613281,71474.453125,0.6547043323516846,0.44488272070884705,25165824,10801216,54006080,89934784,356538436,4195954113,/home/gglab/votruja6_diplomka/Diplodocus/experiments/runs/Dragon/cam2/ploc_emc1/repeat_02/stats.json
Dragon,cam2,3,ploc_emc1,gpu,1024,768,32,2,8,45,25,32,4,16,18.41457176208496,6.498608,5.778731,0.059114,0.983736,0.189728,0.222592,4.412138,0.263778,0.0,8.072027,1742615,871307,871308,100.93843078613281,71474.453125,0.6559792757034302,0.43686696887016296,25165824,10801216,54006080,89934784,356531878,4195950902,/home/gglab/votruja6_diplomka/Diplodocus/experiments/runs/Dragon/cam2/ploc_emc1/repeat_03/stats.json
Dragon,cam2,4,ploc_emc1,gpu,1024,768,32,2,8,46,25,32,4,16,19.32457733154297,6.439168,5.996317,0.055783,1.063623,0.184914,0.213102,5.132863,0.273555,0.0,8.869224,1742615,871307,871308,100.93843078613281,71474.453125,0.6578778624534607,0.43598681688308716,25165824,10801216,54006080,89934784,356529249,4195949172,/home/gglab/votruja6_diplomka/Diplodocus/experiments/runs/Dragon/cam2/ploc_emc1/repeat_04/stats.json
Dragon,cam2,0,ploc_emc2,gpu,1024,768,32,2,8,42,25,32,4,16,17.986188888549805,6.641983,5.406547,0.080426,1.03839,0.185506,0.214985,4.359231,0.263897,0.0,8.198382,1742615,871307,871308,100.69798278808594,71474.453125,0.669010579586029,0.46070271730422974,25165824,10801216,54006080,89934784,366200131,4232448306,/home/gglab/votruja6_diplomka/Diplodocus/experiments/runs/Dragon/cam2/ploc_emc2/repeat_00/stats.json
Dragon,cam2,1,ploc_emc2,gpu,1024,768,32,2,8,43,25,32,4,16,20.565744400024414,6.332817,7.556916,0.097437,1.024912,0.193434,0.238518,4.465911,0.533776,0.0,8.303981,1742615,871307,871308,100.69798278808594,71474.453125,0.6968469023704529,0.46448495984077454,25165824,10801216,54006080,89934784,366216165,4232588058,/home/gglab/votruja6_diplomka/Diplodocus/experiments/runs/Dragon/cam2/ploc_emc2/repeat_01/stats.json
Dragon,cam2,2,ploc_emc2,gpu,1024,768,32,2,8,44,25,32,4,16,19.225061416625977,6.337781,6.62421,0.066371,0.932786,0.187312,0.215342,4.58782,0.270144,0.0,8.178552,1742615,871307,871308,100.69798278808594,71474.453125,0.6935247778892517,0.46023857593536377,25165824,10801216,54006080,89934784,366223442,4232548756,/home/gglab/votruja6_diplomka/Diplodocus/experiments/runs/Dragon/cam2/ploc_emc2/repeat_02/stats.json
Dragon,cam2,3,ploc_emc2,gpu,1024,768,32,2,8,45,25,32,4,16,20.190170288085938,6.704311,6.641152,0.072592,1.108882,0.178435,0.212764,4.574343,0.261648,0.0,8.240255,1742615,871307,871308,100.69798278808594,71474.453125,0.6793094873428345,0.461518257856369,25165824,10801216,54006080,89934784,366222671,4232544555,/home/gglab/votruja6_diplomka/Diplodocus/experiments/runs/Dragon/cam2/ploc_emc2/repeat_03/stats.json
Dragon,cam2,4,ploc_emc2,gpu,1024,768,32,2,8,46,25,32,4,16,18.673967361450195,6.521942,5.804362,0.079797,1.016974,0.179841,0.214203,4.482705,0.26515,0.0,8.119075,1742615,871307,871308,100.69798278808594,71474.453125,0.6711229681968689,0.4603223502635956,25165824,10801216,54006080,89934784,366223388,4232536953,/home/gglab/votruja6_diplomka/Diplodocus/experiments/runs/Dragon/cam2/ploc_emc2/repeat_04/stats.json
Dragon,cam2,0,ploc_sobb,gpu,1024,768,32,2,8,42,25,32,4,16,29.92338752746582,6.641851,6.602879,0.055493,0.988233,0.188289,0.223521,4.483893,0.262825,1.075522,8.483511,1742615,871307,871308,119.36175537109375,78281.5390625,0.7779428958892822,0.5555442571640015,25165824,10801280,54006400,89935168,241528497,3620957689,/home/gglab/votruja6_diplomka/Diplodocus/experiments/runs/Dragon/cam2/ploc_sobb/repeat_00/stats.json
Dragon,cam2,1,ploc_sobb,gpu,1024,768,32,2,8,43,25,32,4,16,31.280750274658203,6.521311,7.272611,0.058096,1.027379,0.184806,0.196953,4.979406,0.285878,1.036772,8.716718,1742615,871307,871308,119.36175537109375,78281.5390625,0.786434531211853,0.5587766170501709,25165824,10801280,54006400,89935168,241534268,3621088734,/home/gglab/votruja6_diplomka/Diplodocus/experiments/runs/Dragon/cam2/ploc_sobb/repeat_01/stats.json
Dragon,cam2,2,ploc_sobb,gpu,1024,768,32,2,8,44,25,32,4,16,31.03473472595215,6.530881,6.906137,0.04896,0.98911,0.190332,0.214425,5.316299,0.275626,1.073807,9.288791,1742615,871307,871308,119.36175537109375,78281.5390625,0.801891028881073,0.558910071849823,25165824,10801280,54006400,89935168,241535567,3621002440,/home/gglab/votruja6_diplomka/Diplodocus/experiments/runs/Dragon/cam2/ploc_sobb/repeat_02/stats.json
Dragon,cam2,3,ploc_sobb,gpu,1024,768,32,2,8,45,25,32,4,16,30.67574119567871,6.417413,7.029496,0.039583,0.949449,0.248556,0.285871,4.844228,0.335352,1.035679,8.954105,1742615,871307,871308,119.36175537109375,78281.5390625,0.7861347198486328,0.5585853457450867,25165824,10801280,54006400,89935168,241532306,3621008794,/home/gglab/votruja6_diplomka/Diplodocus/experiments/runs/Dragon/cam2/ploc_sobb/repeat_03/stats.json
Dragon,cam2,4,ploc_sobb,gpu,1024,768,32,2,8,46,25,32,4,16,31.547588348388672,6.554776,7.191029,0.055555,0.961626,0.213496,0.236383,4.918371,0.293043,0.963251,8.981933,1742615,871307,871308,119.36175537109375,78281.5390625,0.8225454688072205,0.5541159510612488,25165824,10801280,54006400,89935168,241530211,3621049823,/home/gglab/votruja6_diplomka/Diplodocus/experiments/runs/Dragon/cam2/ploc_sobb/repeat_04/stats.json
Dragon,cam2,0,ploc_emc1_sobb,gpu,1024,768,32,2,8,42,25,32,4,16,29.731489181518555,6.68427,6.573024,0.049828,1.068091,0.184741,0.215145,4.42923,0.259782,1.190322,8.449796,1742615,871307,871308,119.79247283935547,78281.5390625,0.7747371196746826,0.547092854976654,25165824,10801216,54006080,89934784,240117786,3649066792,/home/gglab/votruja6_diplomka/Diplodocus/experiments/runs/Dragon/cam2/ploc_emc1_sobb/repeat_00/stats.json
Dragon,cam2,1,ploc_emc1_sobb,gpu,1024,768,32,2,8,43,25,32,4,16,32.01856231689453,6.444647,7.241124,0.044587,0.925235,0.18214,0.195685,4.532325,0.268058,1.173002,8.417498,1742615,871307,871308,119.79247283935547,78281.5390625,0.7732498049736023,0.5445417761802673,25165824,10801216,54006080,89934784,240116117,3649155594,/home/gglab/votruja6_diplomka/Diplodocus/experiments/runs/Dragon/cam2/ploc_emc1_sobb/repeat_01/stats.json
Dragon,cam2,2,ploc_emc1_sobb,gpu,1024,768,32,2,8,44,25,32,4,16,30.461448669433594,6.786942,7.039686,0.098312,0.997976,0.206054,0.223873,4.513218,0.304848,1.577183,8.702186,1742615,871307,871308,119.79247283935547,78281.5390625,0.7671486139297485,0.5444406270980835,25165824,10801216,54006080,89934784,240116392,3649105334,/home/gglab/votruja6_diplomka/Diplodocus/experiments/runs/Dragon/cam2/ploc_emc1_sobb/repeat_02/stats.json
Dragon,cam2,3,ploc_emc1_sobb,gpu,1024,768,32,2,8,45,25,32,4,16,31.189376831054688,6.604934,7.662253,0.058511,0.976734,0.188895,0.226304,4.793989,0.283062,1.106669,8.82444,1742615,871307,871308,119.79247283935547,78281.5390625,0.7752029895782471,0.5488170981407166,25165824,10801216,54006080,89934784,240122966,3649138591,/home/gglab/votruja6_diplomka/Diplodocus/experiments/runs/Dragon/cam2/ploc_emc1_sobb/repeat_03/stats.json
Dragon,cam2,4,ploc_emc1_sobb,gpu,1024,768,32,2,8,46,25,32,4,16,30.03803825378418,6.317714,6.849503,0.062431,0.969452,0.185268,0.211497,4.452628,0.267515,1.043693,8.121914,1742615,871307,871308,119.79247283935547,78281.5390625,0.7855463027954102,0.5455319881439209,25165824,10801216,54006080,89934784,240117092,3649129768,/home/gglab/votruja6_diplomka/Diplodocus/experiments/runs/Dragon/cam2/ploc_emc1_sobb/repeat_04/stats.json
Dragon,cam2,0,ploc_emc2_sobb,gpu,1024,768,32,2,8,42,25,32,4,16,30.56948471069336,6.905837,7.443089,0.067154,1.10614,0.18745,0.220326,4.565725,0.257572,1.80037,8.634836,1742615,871307,871308,119.62223052978516,78281.5390625,0.8020275235176086,0.5711125135421753,25165824,10801216,54006080,89934784,244500900,3704641822,/home/gglab/votruja6_diplomka/Diplodocus/experiments/runs/Dragon/cam2/ploc_emc2_sobb/repeat_00/stats.json
Dragon,cam2,1,ploc_emc2_sobb,gpu,1024,768,32,2,8,43,25,32,4,16,30.2490291595459,6.446593,6.570034,0.062451,0.918696,0.21376,0.249781,4.927544,0.293353,1.081792,8.865206,1742615,871307,871308,119.62223052978516,78281.5390625,0.8188653588294983,0.5716623663902283,25165824,10801216,54006080,89934784,244513128,3704730644,/home/gglab/votruja6_diplomka/Diplodocus/experiments/runs/Dragon/cam2/ploc_emc2_sobb/repeat_01/stats.json
Dragon,cam2,2,ploc_emc2_sobb,gpu,1024,768,32,2,8,44,25,32,4,16,30.605039596557617,6.628154,6.698494,0.06578,0.914496,0.191046,0.227986,5.036703,0.298762,1.10054,8.972503,1742615,871307,871308,119.62223052978516,78281.5390625,0.8101738691329956,0.5751769542694092,25165824,10801216,54006080,89934784,244513530,3704685378,/home/gglab/votruja6_diplomka/Diplodocus/experiments/runs/Dragon/cam2/ploc_emc2_sobb/repeat_02/stats.json
Dragon,cam2,3,ploc_emc2_sobb,gpu,1024,768,32,2,8,45,25,32,4,16,30.006759643554688,6.364015,6.737824,0.060492,0.961933,0.188396,0.216242,4.556922,0.282763,1.032976,8.363418,1742615,871307,871308,119.62223052978516,78281.5390625,0.8030587434768677,0.5718732476234436,25165824,10801216,54006080,89934784,244515345,3704703824,/home/gglab/votruja6_diplomka/Diplodocus/experiments/runs/Dragon/cam2/ploc_emc2_sobb/repeat_03/stats.json
Dragon,cam2,4,ploc_emc2_sobb,gpu,1024,768,32,2,8,46,25,32,4,16,33.42246627807617,6.751128,8.989658,0.096012,0.954702,0.191947,0.22732,5.607885,0.275601,1.368013,9.651288,1742615,871307,871308,119.62223052978516,78281.5390625,0.8149361610412598,0.5702573657035828,25165824,10801216,54006080,89934784,244512840,3704704615,/home/gglab/votruja6_diplomka/Diplodocus/experiments/runs/Dragon/cam2/ploc_emc2_sobb/repeat_04/stats.json
Hairball,cam0,0,ploc,gpu,1024,768,32,2,8,42,25,32,4,16,46.21833801269531,18.120532,13.078577,0.062225,2.172026,0.418364,0.422922,11.039422,0.589766,0.0,21.089312,5760003,2880001,2880002,1042.20361328125,236250.125,1.2306562662124634,0.7873647212982178,25165824,0,48715136,73880960,1334927223,7829811152,/home/gglab/votruja6_diplomka/Diplodocus/experiments/runs/Hairball/cam0/ploc/repeat_00/stats.json
Hairball,cam0,1,ploc,gpu,1024,768,32,2,8,43,25,32,4,16,44.033695220947266,17.50326,11.921612,0.063274,2.14676,0.37932,0.437021,11.292379,0.582615,0.0,20.938754,5760003,2880001,2880002,1042.20361328125,236250.125,1.2266985177993774,0.7849130630493164,25165824,0,48715136,73880960,1334845700,7829589441,/home/gglab/votruja6_diplomka/Diplodocus/experiments/runs/Hairball/cam0/ploc/repeat_01/stats.json
Hairball,cam0,2,ploc,gpu,1024,768,32,2,8,44,25,32,4,16,42.93016815185547,17.148844,11.43346,0.089579,2.090325,0.379271,0.439431,10.811031,0.604378,0.0,20.718996,5760003,2880001,2880002,1042.20361328125,236250.125,1.2065728902816772,0.7899937033653259,25165824,0,48715136,73880960,1334409572,7828010424,/home/gglab/votruja6_diplomka/Diplodocus/experiments/runs/Hairball/cam0/ploc/repeat_02/stats.json
Hairball,cam0,3,ploc,gpu,1024,768,32,2,8,45,25,32,4,16,42.786415100097656,17.348188,11.27486,0.062238,2.12582,0.386677,0.444985,10.852638,0.577553,0.0,20.91661,5760003,2880001,2880002,1042.20361328125,236250.125,1.2330533266067505,0.7971328496932983,25165824,0,48715136,73880960,1334679685,7828862959,/home/gglab/votruja6_diplomka/Diplodocus/experiments/runs/Hairball/cam0/ploc/repeat_03/stats.json
Hairball,cam0,4,ploc,gpu,1024,768,32,2,8,46,25,32,4,16,43.05153274536133,17.39678,11.385228,0.058059,2.145727,0.381115,0.435495,10.919789,0.57179,0.0,20.970956,5760003,2880001,2880002,1042.20361328125,236250.125,1.2249746322631836,0.7901762127876282,25165824,0,48715136,73880960,1334525055,7828615296,/home/gglab/votruja6_diplomka/Diplodocus/experiments/runs/Hairball/cam0/ploc/repeat_04/stats.json
Hairball,cam0,0,ploc_emc1,gpu,1024,768,32,2,8,42,25,32,4,16,42.59935760498047,17.396808,11.326968,0.094531,2.103653,0.35537,0.410469,10.391692,0.543404,0.0,20.251192,5760003,2880001,2880002,1039.5592041015625,236250.125,0.3987700343132019,-0.025410961359739304,25165824,0,48715136,73880960,1355806298,7892608702,/home/gglab/votruja6_diplomka/Diplodocus/experiments/runs/Hairball/cam0/ploc_emc1/repeat_00/stats.json
Hairball,cam0,1,ploc_emc1,gpu,1024,768,32,2,8,43,25,32,4,16,51.10444641113281,17.481852,16.107451,0.060536,2.247574,0.39991,0.433253,13.150504,1.225636,0.0,23.938814,5760003,2880001,2880002,1039.5592041015625,236250.125,1.2265536785125732,0.791917622089386,25165824,0,48715136,73880960,1355830804,7892622403,/home/gglab/votruja6_diplomka/Diplodocus/experiments/runs/Hairball/cam0/ploc_emc1/repeat_01/stats.json
Hairball,cam0,2,ploc_emc1,gpu,1024,768,32,2,8,44,25,32,4,16,42.36521911621094,17.108264,10.973641,0.042542,2.094174,0.369778,0.412843,10.682061,0.535939,0.0,20.372932,5760003,2880001,2880002,1039.5592041015625,236250.125,1.21200430393219,0.7965019345283508,25165824,0,48715136,73880960,1355504142,7891468738,/home/gglab/votruja6_diplomka/Diplodocus/experiments/runs/Hairball/cam0/ploc_emc1/repeat_02/stats.json
Hairball,cam0,3,ploc_emc1,gpu,1024,768,32,2,8,45,25,32,4,16,56.479679107666016,31.935168,10.716436,0.103307,2.419033,0.36196,0.426519,10.588305,0.53931,0.0,20.959152,5760003,2880001,2880002,1039.5592041015625,236250.125,1.2572885751724243,0.7913735508918762,25165824,0,48715136,73880960,1355616819,7891769054,/home/gglab/votruja6_diplomka/Diplodocus/experiments/runs/Hairball/cam0/ploc_emc1/repeat_03/stats.json
Hairball,cam0,4,ploc_emc1,gpu,1024,768,32,2,8,46,25,32,4,16,42.633975982666016,17.339314,11.340995,0.082089,2.105142,0.365855,0.433537,10.627064,0.551761,0.0,20.600016,5760003,2880001,2880002,1039.5592041015625,236250.125,1.2181198596954346,0.7913661599159241,25165824,0,48715136,73880960,1355386226,7891346067,/home/gglab/votruja6_diplomka/Diplodocus/experiments/runs/Hairball/cam0/ploc_emc1/repeat_04/stats.json
Hairball,cam0,0,ploc_emc2,gpu,1024,768,32,2,8,42,25,32,4,16,45.48674774169922,18.089782,12.431001,0.062645,2.46081,0.380873,0.437896,11.002266,0.579314,0.0,21.163746,5760003,2880001,2880002,1040.8841552734375,236250.125,1.1994781494140625,0.7717856168746948,25165824,0,48715136,73880960,1339283210,7915859344,/home/gglab/votruja6_diplomka/Diplodocus/experiments/runs/Hairball/cam0/ploc_emc2/repeat_00/stats.json
Hairball,cam0,1,ploc_emc2,gpu,1024,768,32,2,8,43,25,32,4,16,57.952945709228516,17.19959,20.360364,0.054245,2.138001,0.397171,0.453081,15.262348,2.137643,0.0,26.888,5760003,2880001,2880002,1040.8841552734375,236250.125,1.2435979843139648,0.7711892127990723,25165824,0,48715136,73880960,1339208911,7915566743,/home/gglab/votruja6_diplomka/Diplodocus/experiments/runs/Hairball/cam0/ploc_emc2/repeat_01/stats.json
Hairball,cam0,2,ploc_emc2,gpu,1024,768,32,2,8,44,25,32,4,16,43.55411911010742,17.225476,11.518956,0.079475,2.09847,0.415106,0.486328,11.188216,0.615903,0.0,21.206384,5760003,2880001,2880002,1040.8841552734375,236250.125,1.1880381107330322,0.7728870511054993,25165824,0,48715136,73880960,1339114009,7914986295,/home/gglab/votruja6_diplomka/Diplodocus/experiments/runs/Hairball/cam0/ploc_emc2/repeat_02/stats.json
Hairball,cam0,3,ploc_emc2,gpu,1024,768,32,2,8,45,25,32,4,16,42.92583465576172,17.41871,11.366291,0.068185,2.0839,0.371538,0.435805,10.809983,0.562704,0.0,20.51088,5760003,2880001,2880002,1040.8841552734375,236250.125,1.1963343620300293,0.7714600563049316,25165824,0,48715136,73880960,1338933786,7914803676,/home/gglab/votruja6_diplomka/Diplodocus/experiments/runs/Hairball/cam0/ploc_emc2/repeat_03/stats.json
Hairball,cam0,4,ploc_emc2,gpu,1024,768,32,2,8,46,25,32,4,16,43.9589958190918,16.978744,12.686628,0.059177,2.054396,0.380887,0.456153,10.34665,0.554032,0.0,19.504588,5760003,2880001,2880002,1040.8841552734375,236250.125,1.2020642757415771,0.7743067741394043,25165824,0,48715136,73880960,1338973327,7914774681,/home/gglab/votruja6_diplomka/Diplodocus/experiments/runs/Hairball/cam0/ploc_emc2/repeat_04/stats.json
Hairball,cam0,0,ploc_sobb,gpu,1024,768,32,2,8,42,25,32,4,16,77.71282958984375,17.670544,13.498174,0.043189,2.171874,0.378893,0.44147,11.09964,0.554472,2.195878,21.641516,5760003,2880001,2880002,930.3137817382812,258750.140625,1.1085727214813232,0.6387646198272705,25165824,0,48715136,73880960,419335606,5911722350,/home/gglab/votruja6_diplomka/Diplodocus/experiments/runs/Hairball/cam0/ploc_sobb/repeat_00/stats.json
Hairball,cam0,1,ploc_sobb,gpu,1024,768,32,2,8,43,25,32,4,16,78.34266662597656,17.81548,13.355603,0.048306,2.141354,0.383354,0.455581,10.983469,0.568995,2.254765,21.57218,5760003,2880001,2880002,930.3137817382812,258750.140625,1.1092157363891602,0.6383296847343445,25165824,0,48715136,73880960,419292243,5911591675,/home/gglab/votruja6_diplomka/Diplodocus/experiments/runs/Hairball/cam0/ploc_sobb/repeat_01/stats.json
Hairball,cam0,2,ploc_sobb,gpu,1024,768,32,2,8,44,25,32,4,16,80.41820526123047,18.63142,17.778842,0.056134,2.195812,0.375716,0.437509,10.820192,0.581521,5.240102,21.52722,5760003,2880001,2880002,930.3137817382812,258750.140625,1.1409367322921753,0.64103764295578,25165824,0,48715136,73880960,419285149,5911003966,/home/gglab/votruja6_diplomka/Diplodocus/experiments/runs/Hairball/cam0/ploc_sobb/repeat_02/stats.json
Hairball,cam0,3,ploc_sobb,gpu,1024,768,32,2,8,45,25,32,4,16,78.88941192626953,17.633724,13.999357,0.043192,2.157052,0.391925,0.44725,11.130658,0.579477,2.337602,21.656752,5760003,2880001,2880002,930.3137817382812,258750.140625,1.123482346534729,0.6400153040885925,25165824,0,48715136,73880960,419261593,5911138806,/home/gglab/votruja6_diplomka/Diplodocus/experiments/runs/Hairball/cam0/ploc_sobb/repeat_03/stats.json
Hairball,cam0,4,ploc_sobb,gpu,1024,768,32,2,8,46,25,32,4,16,81.8377914428711,18.015486,15.86832,0.050578,2.275324,0.37522,0.37538,11.40055,0.572584,2.315788,22.052284,5760003,2880001,2880002,930.3137817382812,258750.140625,1.1194730997085571,0.637458324432373,25165824,0,48715136,73880960,419287890,5911243741,/home/gglab/votruja6_diplomka/Diplodocus/experiments/runs/Hairball/cam0/ploc_sobb/repeat_04/stats.json
Hairball,cam0,0,ploc_emc1_sobb,gpu,1024,768,32,2,8,42,25,32,4,16,89.18017578125,29.377414,13.250848,0.059162,2.138255,0.367836,0.390716,10.93702,0.566374,2.18642,21.438648,5760003,2880001,2880002,926.6785278320312,258750.140625,1.1608867645263672,0.6490325927734375,25165824,0,48715136,73880960,425796940,5962696105,/home/gglab/votruja6_diplomka/Diplodocus/experiments/runs/Hairball/cam0/ploc_emc1_sobb/repeat_00/stats.json
Hairball,cam0,1,ploc_emc1_sobb,gpu,1024,768,32,2,8,43,25,32,4,16,78.97057342529297,18.072424,14.251525,0.055026,2.149233,0.358523,0.425547,10.709279,0.529205,3.337098,20.870296,5760003,2880001,2880002,926.6785278320312,258750.140625,1.1285207271575928,0.6486307382583618,25165824,0,48715136,73880960,425755483,5962655994,/home/gglab/votruja6_diplomka/Diplodocus/experiments/runs/Hairball/cam0/ploc_emc1_sobb/repeat_01/stats.json
Hairball,cam0,2,ploc_emc1_sobb,gpu,1024,768,32,2,8,44,25,32,4,16,77.71917724609375,17.730872,13.282476,0.060718,2.070224,0.366903,0.42683,10.445625,0.559061,2.313038,20.927478,5760003,2880001,2880002,926.6785278320312,258750.140625,1.120898723602295,0.6473173499107361,25165824,0,48715136,73880960,425778509,5962249440,/home/gglab/votruja6_diplomka/Diplodocus/experiments/runs/Hairball/cam0/ploc_emc1_sobb/repeat_02/stats.json
Hairball,cam0,3,ploc_emc1_sobb,gpu,1024,768,32,2,8,45,25,32,4,16,96.31961822509766,17.990046,31.86282,0.046464,2.154044,0.386478,0.3892,10.987684,0.587999,20.156248,21.45792,5760003,2880001,2880002,926.6785278320312,258750.140625,1.1673749685287476,0.644806444644928,25165824,0,48715136,73880960,425721940,5962195220,/home/gglab/votruja6_diplomka/Diplodocus/experiments/runs/Hairball/cam0/ploc_emc1_sobb/repeat_03/stats.json
Hairball,cam0,4,ploc_emc1_sobb,gpu,1024,768,32,2,8,46,25,32,4,16,76.86508178710938,17.626726,13.293588,0.045243,2.153346,0.362232,0.415736,10.621976,0.531099,2.27357,21.125948,5760003,2880001,2880002,926.6785278320312,258750.140625,1.1301499605178833,0.6477511525154114,25165824,0,48715136,73880960,425760386,5962275230,/home/gglab/votruja6_diplomka/Diplodocus/experiments/runs/Hairball/cam0/ploc_emc1_sobb/repeat_04/stats.json
Hairball,cam0,0,ploc_emc2_sobb,gpu,1024,768,32,2,8,42,25,32,4,16,79.98295593261719,17.516092,14.495225,0.064895,2.116068,0.372505,0.391097,11.596258,0.578423,2.506441,22.004672,5760003,2880001,2880002,928.28271484375,258750.140625,1.1152615547180176,0.6337421536445618,25165824,0,48715136,73880960,416748673,5951990681,/home/gglab/votruja6_diplomka/Diplodocus/experiments/runs/Hairball/cam0/ploc_emc2_sobb/repeat_00/stats.json
Hairball,cam0,1,ploc_emc2_sobb,gpu,1024,768,32,2,8,43,25,32,4,16,77.7451400756836,17.180154,13.20695,0.058298,2.139582,0.372528,0.423088,11.282615,0.54697,1.861796,21.467976,5760003,2880001,2880002,928.28271484375,258750.140625,1.123421549797058,0.635089099407196,25165824,0,48715136,73880960,416688023,5951734166,/home/gglab/votruja6_diplomka/Diplodocus/experiments/runs/Hairball/cam0/ploc_emc2_sobb/repeat_01/stats.json
Hairball,cam0,2,ploc_emc2_sobb,gpu,1024,768,32,2,8,44,25,32,4,16,77.21086120605469,17.204912,13.442038,0.090507,2.122575,0.372553,0.422822,10.667382,0.568332,2.305507,20.513144,5760003,2880001,2880002,928.28271484375,258750.140625,0.2977924346923828,-0.17659112811088562,25165824,0,48715136,73880960,416705932,5951496656,/home/gglab/votruja6_diplomka/Diplodocus/experiments/runs/Hairball/cam0/ploc_emc2_sobb/repeat_02/stats.json
Hairball,cam0,3,ploc_emc2_sobb,gpu,1024,768,32,2,8,45,25,32,4,16,79.06466674804688,17.740788,13.905308,0.08479,2.060902,0.383379,0.402578,11.158591,0.601865,2.243686,21.67305,5760003,2880001,2880002,928.28271484375,258750.140625,1.1239739656448364,0.6348884105682373,25165824,0,48715136,73880960,416671864,5951496355,/home/gglab/votruja6_diplomka/Diplodocus/experiments/runs/Hairball/cam0/ploc_emc2_sobb/repeat_03/stats.json
Hairball,cam0,4,ploc_emc2_sobb,gpu,1024,768,32,2,8,46,25,32,4,16,77.75701141357422,17.583562,13.710659,0.055864,2.143933,0.38343,0.452842,11.007497,0.550177,2.345537,21.445398,5760003,2880001,2880002,928.28271484375,258750.140625,1.1460150480270386,0.6330717206001282,25165824,0,48715136,73880960,416671627,5951435405,/home/gglab/votruja6_diplomka/Diplodocus/experiments/runs/Hairball/cam0/ploc_emc2_sobb/repeat_04/stats.json
Hairball,cam1,0,ploc,gpu,1024,768,32,2,8,42,25,32,4,16,44.195884704589844,17.414608,12.119923,0.042907,2.197835,0.36888,0.349983,11.45002,0.55129,0.0,21.397488,5760003,2880001,2880002,1042.20361328125,236250.125,1.2626734972000122,0.8360106945037842,25165824,0,49627520,74793344,1480404789,8204803828,/home/gglab/votruja6_diplomka/Diplodocus/experiments/runs/Hairball/cam1/ploc/repeat_00/stats.json
Hairball,cam1,1,ploc,gpu,1024,768,32,2,8,43,25,32,4,16,43.513614654541016,17.378916,11.704691,0.045774,2.192825,0.371524,0.433885,11.083519,0.556479,0.0,20.826354,5760003,2880001,2880002,1042.20361328125,236250.125,1.2460874319076538,0.8252854347229004,25165824,0,49627520,74793344,1480431838,8204847535,/home/gglab/votruja6_diplomka/Diplodocus/experiments/runs/Hairball/cam1/ploc/repeat_01/stats.json
Hairball,cam1,2,ploc,gpu,1024,768,32,2,8,44,25,32,4,16,44.43916702270508,17.459932,12.743656,0.057129,2.165783,0.379595,0.44403,10.669607,0.570126,0.0,20.703572,5760003,2880001,2880002,1042.20361328125,236250.125,1.2656235694885254,0.8336418867111206,25165824,0,49627520,74793344,1480306387,8204127742,/home/gglab/votruja6_diplomka/Diplodocus/experiments/runs/Hairball/cam1/ploc/repeat_02/stats.json
Hairball,cam1,3,ploc,gpu,1024,768,32,2,8,45,25,32,4,16,43.45425796508789,16.737363,11.814673,0.053376,2.146838,0.383147,0.431677,11.072582,0.552147,0.0,20.620194,5760003,2880001,2880002,1042.20361328125,236250.125,1.2921441793441772,0.8457502126693726,25165824,0,49627520,74793344,1480476032,8204763409,/home/gglab/votruja6_diplomka/Diplodocus/experiments/runs/Hairball/cam1/ploc/repeat_03/stats.json
Hairball,cam1,4,ploc,gpu,1024,768,32,2,8,46,25,32,4,16,44.635780334472656,17.421286,11.819674,0.070431,2.153148,0.366358,0.372078,10.993122,0.557323,0.0,20.825888,5760003,2880001,2880002,1042.20361328125,236250.125,1.2823138236999512,0.8452028632164001,25165824,0,49627520,74793344,1480419614,8204811153,/home/gglab/votruja6_diplomka/Diplodocus/experiments/runs/Hairball/cam1/ploc/repeat_04/stats.json
Hairball,cam1,0,ploc_emc1,gpu,1024,768,32,2,8,42,25,32,4,16,41.99275207519531,17.272896,10.881436,0.043509,2.151504,0.363527,0.421968,10.664323,0.525942,0.0,20.652528,5760003,2880001,2880002,1039.5592041015625,236250.125,1.2664490938186646,0.830086886882782,25165824,0,49627520,74793344,1456180805,8119285377,/home/gglab/votruja6_diplomka/Diplodocus/experiments/runs/Hairball/cam1/ploc_emc1/repeat_00/stats.json
Hairball,cam1,1,ploc_emc1,gpu,1024,768,32,2,8,43,25,32,4,16,42.296546936035156,17.224164,11.194962,0.056011,2.152764,0.361408,0.412193,10.478077,0.544441,0.0,20.335366,5760003,2880001,2880002,1039.5592041015625,236250.125,1.2530312538146973,0.8219413161277771,25165824,0,49627520,74793344,1456402147,8119991490,/home/gglab/votruja6_diplomka/Diplodocus/experiments/runs/Hairball/cam1/ploc_emc1/repeat_01/stats.json
Hairball,cam1,2,ploc_emc1,gpu,1024,768,32,2,8,44,25,32,4,16,43.69099426269531,18.423146,11.099053,0.060897,3.249112,0.364086,0.419147,10.560338,0.541541,0.0,21.586,5760003,2880001,2880002,1039.5592041015625,236250.125,1.2705029249191284,0.828894853591919,25165824,0,49627520,74793344,1456217602,8119296883,/home/gglab/votruja6_diplomka/Diplodocus/experiments/runs/Hairball/cam1/ploc_emc1/repeat_02/stats.json
Hairball,cam1,3,ploc_emc1,gpu,1024,768,32,2,8,45,25,32,4,16,43.10000991821289,17.270188,11.345024,0.049305,2.068122,0.395517,0.384318,10.523047,0.553048,0.0,20.137602,5760003,2880001,2880002,1039.5592041015625,236250.125,1.286849021911621,0.833720862865448,25165824,0,49627520,74793344,1456212012,8119222328,/home/gglab/votruja6_diplomka/Diplodocus/experiments/runs/Hairball/cam1/ploc_emc1/repeat_03/stats.json
Hairball,cam1,4,ploc_emc1,gpu,1024,768,32,2,8,46,25,32,4,16,43.19887924194336,17.310822,11.507021,0.068073,2.143743,0.373911,0.410794,10.963003,0.545193,0.0,20.872452,5760003,2880001,2880002,1039.5592041015625,236250.125,1.2825336456298828,0.8346691727638245,25165824,0,49627520,74793344,1456171230,8119048165,/home/gglab/votruja6_diplomka/Diplodocus/experiments/runs/Hairball/cam1/ploc_emc1/repeat_04/stats.json
Hairball,cam1,0,ploc_emc2,gpu,1024,768,32,2,8,42,25,32,4,16,43.050811767578125,17.449178,11.370682,0.057207,2.117254,0.37652,0.470363,10.774844,0.575894,0.0,20.88166,5760003,2880001,2880002,1040.8841552734375,236250.125,1.2184120416641235,0.7996090650558472,25165824,0,49627520,74793344,1457738631,8062725590,/home/gglab/votruja6_diplomka/Diplodocus/experiments/runs/Hairball/cam1/ploc_emc2/repeat_00/stats.json
Hairball,cam1,1,ploc_emc2,gpu,1024,768,32,2,8,43,25,32,4,16,45.26834487915039,17.59086,12.95304,0.079945,2.161068,0.379171,0.42756,11.105939,0.551506,0.0,20.966166,5760003,2880001,2880002,1040.8841552734375,236250.125,1.224578619003296,0.7956055998802185,25165824,0,49627520,74793344,1457920870,8063237398,/home/gglab/votruja6_diplomka/Diplodocus/experiments/runs/Hairball/cam1/ploc_emc2/repeat_01/stats.json
Hairball,cam1,2,ploc_emc2,gpu,1024,768,32,2,8,44,25,32,4,16,44.27023696899414,17.455652,11.330826,0.076072,2.100092,0.376746,0.435455,10.88799,0.561214,0.0,20.7006,5760003,2880001,2880002,1040.8841552734375,236250.125,1.2208049297332764,0.7971977591514587,25165824,0,49627520,74793344,1458007289,8063575040,/home/gglab/votruja6_diplomka/Diplodocus/experiments/runs/Hairball/cam1/ploc_emc2/repeat_02/stats.json
Hairball,cam1,3,ploc_emc2,gpu,1024,768,32,2,8,45,25,32,4,16,43.89667510986328,17.36898,12.062779,0.08142,2.06246,0.373569,0.424751,11.120794,0.566002,0.0,20.926768,5760003,2880001,2880002,1040.8841552734375,236250.125,1.237547755241394,0.7925917506217957,25165824,0,49627520,74793344,1457963521,8063542201,/home/gglab/votruja6_diplomka/Diplodocus/experiments/runs/Hairball/cam1/ploc_emc2/repeat_03/stats.json
Hairball,cam1,4,ploc_emc2,gpu,1024,768,32,2,8,46,25,32,4,16,43.29804229736328,17.379164,11.256552,0.093934,2.112407,0.376052,0.448187,10.694201,0.546554,0.0,20.503646,5760003,2880001,2880002,1040.8841552734375,236250.125,1.2157008647918701,0.7973805069923401,25165824,0,49627520,74793344,1457918922,8063328223,/home/gglab/votruja6_diplomka/Diplodocus/experiments/runs/Hairball/cam1/ploc_emc2/repeat_04/stats.json
Hairball,cam1,0,ploc_sobb,gpu,1024,768,32,2,8,42,25,32,4,16,78.37908172607422,17.821632,14.113452,0.055974,2.251269,0.398917,0.456436,10.723151,0.554096,2.345461,21.447432,5760003,2880001,2880002,930.3137817382812,258750.140625,1.1135315895080566,0.6400545239448547,25165824,0,49627520,74793344,426444896,5916280400,/home/gglab/votruja6_diplomka/Diplodocus/experiments/runs/Hairball/cam1/ploc_sobb/repeat_00/stats.json
Hairball,cam1,1,ploc_sobb,gpu,1024,768,32,2,8,43,25,32,4,16,78.62489318847656,17.972916,13.860455,0.075842,2.076727,0.384254,0.434987,11.2154,0.558709,2.198075,21.48382,5760003,2880001,2880002,930.3137817382812,258750.140625,1.1157883405685425,0.6393222212791443,25165824,0,49627520,74793344,426453795,5916305231,/home/gglab/votruja6_diplomka/Diplodocus/experiments/runs/Hairball/cam1/ploc_sobb/repeat_01/stats.json
Hairball,cam1,2,ploc_sobb,gpu,1024,768,32,2,8,44,25,32,4,16,83.24713897705078,17.952582,13.388257,0.048937,2.232088,0.382935,0.435338,10.419267,0.544541,2.704647,21.081274,5760003,2880001,2880002,930.3137817382812,258750.140625,1.1550544500350952,0.6421374678611755,25165824,0,49627520,74793344,426420784,5915822528,/home/gglab/votruja6_diplomka/Diplodocus/experiments/runs/Hairball/cam1/ploc_sobb/repeat_02/stats.json
Hairball,cam1,3,ploc_sobb,gpu,1024,768,32,2,8,45,25,32,4,16,77.6313247680664,17.530796,13.505545,0.062057,2.153784,0.383595,0.452126,11.186211,0.567642,2.293468,21.662916,5760003,2880001,2880002,930.3137817382812,258750.140625,1.113909363746643,0.6391292810440063,25165824,0,49627520,74793344,426503326,5916294394,/home/gglab/votruja6_diplomka/Diplodocus/experiments/runs/Hairball/cam1/ploc_sobb/repeat_03/stats.json
Hairball,cam1,4,ploc_sobb,gpu,1024,768,32,2,8,46,25,32,4,16,78.30118560791016,17.521168,13.783738,0.09646,2.087179,0.399041,0.443444,11.152232,0.719352,2.280226,21.8039,5760003,2880001,2880002,930.3137817382812,258750.140625,1.1280148029327393,0.6377723813056946,25165824,0,49627520,74793344,426454207,5916271563,/home/gglab/votruja6_diplomka/Diplodocus/experiments/runs/Hairball/cam1/ploc_sobb/repeat_04/stats.json
Hairball,cam1,0,ploc_emc1_sobb,gpu,1024,768,32,2,8,42,25,32,4,16,86.83810424804688,18.118524,20.447424,0.041102,2.675226,0.375512,0.435875,11.17974,0.653943,3.956511,22.3439,5760003,2880001,2880002,926.6785278320312,258750.140625,1.1633328199386597,0.6424732804298401,25165824,0,49627520,74793344,425194566,5958917687,/home/gglab/votruja6_diplomka/Diplodocus/experiments/runs/Hairball/cam1/ploc_emc1_sobb/repeat_00/stats.json
Hairball,cam1,1,ploc_emc1_sobb,gpu,1024,768,32,2,8,43,25,32,4,16,77.67031860351562,18.009876,13.627111,0.067777,2.134704,0.359775,0.424321,10.707208,0.528637,2.708697,21.16218,5760003,2880001,2880002,926.6785278320312,258750.140625,1.11815345287323,0.6400424838066101,25165824,0,49627520,74793344,425235756,5959251696,/home/gglab/votruja6_diplomka/Diplodocus/experiments/runs/Hairball/cam1/ploc_emc1_sobb/repeat_01/stats.json
Hairball,cam1,2,ploc_emc1_sobb,gpu,1024,768,32,2,8,44,25,32,4,16,77.14757537841797,17.348376,13.286401,0.063502,2.085656,0.383676,0.417933,10.716355,0.545296,2.296094,20.848996,5760003,2880001,2880002,926.6785278320312,258750.140625,1.1256697177886963,0.6415759325027466,25165824,0,49627520,74793344,425191364,5958873372,/home/gglab/votruja6_diplomka/Diplodocus/experiments/runs/Hairball/cam1/ploc_emc1_sobb/repeat_02/stats.json
Hairball,cam1,3,ploc_emc1_sobb,gpu,1024,768,32,2,8,45,25,32,4,16,83.69410705566406,17.690706,17.862936,0.058592,2.2328,0.405369,0.433293,11.257757,0.675055,6.200648,22.0019,5760003,2880001,2880002,926.6785278320312,258750.140625,1.1495782136917114,0.6408648490905762,25165824,0,49627520,74793344,425214556,5958890954,/home/gglab/votruja6_diplomka/Diplodocus/experiments/runs/Hairball/cam1/ploc_emc1_sobb/repeat_03/stats.json
Hairball,cam1,4,ploc_emc1_sobb,gpu,1024,768,32,2,8,46,25,32,4,16,77.8615951538086,17.526096,13.910198,0.049595,2.183379,0.365453,0.385583,10.919766,0.591108,2.259743,21.352252,5760003,2880001,2880002,926.6785278320312,258750.140625,1.1166942119598389,0.643377423286438,25165824,0,49627520,74793344,425230015,5958763262,/home/gglab/votruja6_diplomka/Diplodocus/experiments/runs/Hairball/cam1/ploc_emc1_sobb/repeat_04/stats.json
Hairball,cam1,0,ploc_emc2_sobb,gpu,1024,768,32,2,8,42,25,32,4,16,94.34127044677734,18.285388,21.98718,0.060214,2.280239,0.410805,0.531638,16.07416,2.905872,2.807646,29.482736,5760003,2880001,2880002,928.28271484375,258750.140625,1.116957187652588,0.6164397597312927,25165824,0,49627520,74793344,423229601,5903229619,/home/gglab/votruja6_diplomka/Diplodocus/experiments/runs/Hairball/cam1/ploc_emc2_sobb/repeat_00/stats.json
Hairball,cam1,1,ploc_emc2_sobb,gpu,1024,768,32,2,8,43,25,32,4,16,94.0603256225586,17.911936,14.474119,0.12687,2.19362,0.375361,0.392387,11.051328,0.565825,2.328488,21.55498,5760003,2880001,2880002,928.28271484375,258750.140625,1.1283448934555054,0.6162442564964294,25165824,0,49627520,74793344,423237252,5903277235,/home/gglab/votruja6_diplomka/Diplodocus/experiments/runs/Hairball/cam1/ploc_emc2_sobb/repeat_01/stats.json
Hairball,cam1,2,ploc_emc2_sobb,gpu,1024,768,32,2,8,44,25,32,4,16,78.70777893066406,17.716368,14.128666,0.083551,2.106738,0.381428,0.450968,11.05047,0.574642,2.289729,21.603062,5760003,2880001,2880002,928.28271484375,258750.140625,1.0897263288497925,0.6173534393310547,25165824,0,49627520,74793344,423306350,5903630754,/home/gglab/votruja6_diplomka/Diplodocus/experiments/runs/Hairball/cam1/ploc_emc2_sobb/repeat_02/stats.json
Hairball,cam1,3,ploc_emc2_sobb,gpu,1024,768,32,2,8,45,25,32,4,16,81.81884002685547,18.595786,15.861117,0.196242,2.437343,0.365053,0.399684,11.312136,0.563439,3.826153,22.24944,5760003,2880001,2880002,928.28271484375,258750.140625,1.0961344242095947,0.6180657744407654,25165824,0,49627520,74793344,423289548,5903626945,/home/gglab/votruja6_diplomka/Diplodocus/experiments/runs/Hairball/cam1/ploc_emc2_sobb/repeat_03/stats.json
Hairball,cam1,4,ploc_emc2_sobb,gpu,1024,768,32,2,8,46,25,32,4,16,79.46976470947266,17.942832,14.355421,0.070961,2.114484,0.372814,0.420234,11.456935,0.565294,2.446144,21.99323,5760003,2880001,2880002,928.28271484375,258750.140625,1.1340217590332031,0.6180604696273804,25165824,0,49627520,74793344,423257724,5903440931,/home/gglab/votruja6_diplomka/Diplodocus/experiments/runs/Hairball/cam1/ploc_emc2_sobb/repeat_04/stats.json
Hairball,cam2,0,ploc,gpu,1024,768,32,2,8,42,25,32,4,16,44.47728729248047,17.343124,13.011435,0.047455,2.231868,0.375747,0.422546,10.769329,0.56094,0.0,20.731046,5760003,2880001,2880002,1042.20361328125,236250.125,1.7970292568206787,1.3750594854354858,25165824,0,100663296,125829120,3184007002,17033112608,/home/gglab/votruja6_diplomka/Diplodocus/experiments/runs/Hairball/cam2/ploc/repeat_00/stats.json
Hairball,cam2,1,ploc,gpu,1024,768,32,2,8,43,25,32,4,16,43.54615020751953,17.216374,11.73367,0.05664,2.129677,0.373875,0.426786,11.211586,0.54432,0.0,21.130786,5760003,2880001,2880002,1042.20361328125,236250.125,1.7926973104476929,1.3718321323394775,25165824,0,100663296,125829120,3184342055,17034712062,/home/gglab/votruja6_diplomka/Diplodocus/experiments/runs/Hairball/cam2/ploc/repeat_01/stats.json
Hairball,cam2,2,ploc,gpu,1024,768,32,2,8,44,25,32,4,16,43.96647644042969,16.806672,11.386851,0.074526,2.102678,0.373695,0.450549,10.818246,0.562601,0.0,20.311108,5760003,2880001,2880002,1042.20361328125,236250.125,1.789004921913147,1.3665608167648315,25165824,0,100663296,125829120,3184310440,17034480663,/home/gglab/votruja6_diplomka/Diplodocus/experiments/runs/Hairball/cam2/ploc/repeat_02/stats.json
Hairball,cam2,3,ploc,gpu,1024,768,32,2,8,45,25,32,4,16,44.4600830078125,17.266108,12.032862,0.060231,2.065778,0.376074,0.470506,11.753944,0.566635,0.0,21.438964,5760003,2880001,2880002,1042.20361328125,236250.125,1.8010066747665405,1.3713183403015137,25165824,0,100663296,125829120,3183970020,17033190883,/home/gglab/votruja6_diplomka/Diplodocus/experiments/runs/Hairball/cam2/ploc/repeat_03/stats.json
Hairball,cam2,4,ploc,gpu,1024,768,32,2,8,46,25,32,4,16,45.07704544067383,17.2363,12.54511,0.063297,2.120066,0.396559,0.375697,11.859911,0.866678,0.0,22.213756,5760003,2880001,2880002,1042.20361328125,236250.125,1.7977244853973389,1.372125267982483,25165824,0,100663296,125829120,3184736596,17036091785,/home/gglab/votruja6_diplomka/Diplodocus/experiments/runs/Hairball/cam2/ploc/repeat_04/stats.json
Hairball,cam2,0,ploc_emc1,gpu,1024,768,32,2,8,42,25,32,4,16,43.90668869018555,17.49094,12.168571,0.058839,2.140549,0.362288,0.404347,11.182301,0.659012,0.0,21.41682,5760003,2880001,2880002,1039.5592041015625,236250.125,1.7942203283309937,1.375775933265686,25165824,0,100663296,125829120,3182270526,17225234070,/home/gglab/votruja6_diplomka/Diplodocus/experiments/runs/Hairball/cam2/ploc_emc1/repeat_00/stats.json
Hairball,cam2,1,ploc_emc1,gpu,1024,768,32,2,8,43,25,32,4,16,42.19898986816406,17.066556,11.06988,0.054232,2.121484,0.368749,0.381109,10.65285,0.539816,0.0,20.334684,5760003,2880001,2880002,1039.5592041015625,236250.125,1.8542026281356812,1.3846070766448975,25165824,0,100663296,125829120,3182730705,17227323847,/home/gglab/votruja6_diplomka/Diplodocus/experiments/runs/Hairball/cam2/ploc_emc1/repeat_01/stats.json
Hairball,cam2,2,ploc_emc1,gpu,1024,768,32,2,8,44,25,32,4,16,44.89128112792969,18.234724,12.225435,0.143126,1.933396,0.356272,0.35471,11.187525,0.54881,0.0,20.781288,5760003,2880001,2880002,1039.5592041015625,236250.125,1.0302907228469849,0.5515722036361694,25165824,0,100663296,125829120,3182637386,17226679746,/home/gglab/votruja6_diplomka/Diplodocus/experiments/runs/Hairball/cam2/ploc_emc1/repeat_02/stats.json
Hairball,cam2,3,ploc_emc1,gpu,1024,768,32,2,8,45,25,32,4,16,43.34670639038086,17.23046,11.487755,0.05134,2.118618,0.373388,0.424789,11.093163,0.540428,0.0,21.030802,5760003,2880001,2880002,1039.5592041015625,236250.125,1.8088041543960571,1.3773092031478882,25165824,0,100663296,125829120,3182153100,17225301758,/home/gglab/votruja6_diplomka/Diplodocus/experiments/runs/Hairball/cam2/ploc_emc1/repeat_03/stats.json
Hairball,cam2,4,ploc_emc1,gpu,1024,768,32,2,8,46,25,32,4,16,41.42954635620117,17.436776,10.459572,0.043331,2.119944,0.357135,0.424138,10.249748,0.528857,0.0,20.120744,5760003,2880001,2880002,1039.5592041015625,236250.125,1.8075189590454102,1.3671616315841675,25165824,0,100663296,125829120,3182954607,17228345746,/home/gglab/votruja6_diplomka/Diplodocus/experiments/runs/Hairball/cam2/ploc_emc1/repeat_04/stats.json
Hairball,cam2,0,ploc_emc2,gpu,1024,768,32,2,8,42,25,32,4,16,43.523277282714844,17.128218,11.36419,0.072294,2.170978,0.368695,0.442671,10.794723,0.535457,0.0,20.801144,5760003,2880001,2880002,1040.8841552734375,236250.125,1.8640453815460205,1.4452036619186401,25165824,0,100663296,125829120,3248749626,17978505374,/home/gglab/votruja6_diplomka/Diplodocus/experiments/runs/Hairball/cam2/ploc_emc2/repeat_00/stats.json
Hairball,cam2,1,ploc_emc2,gpu,1024,768,32,2,8,43,25,32,4,16,42.915706634521484,17.067744,11.537479,0.056058,2.071282,0.368074,0.409844,11.033062,0.552024,0.0,20.86058,5760003,2880001,2880002,1040.8841552734375,236250.125,1.8763614892959595,1.447291612625122,25165824,0,100663296,125829120,3249277998,17980653653,/home/gglab/votruja6_diplomka/Diplodocus/experiments/runs/Hairball/cam2/ploc_emc2/repeat_01/stats.json
Hairball,cam2,2,ploc_emc2,gpu,1024,768,32,2,8,44,25,32,4,16,43.83793640136719,16.421025,12.030716,0.05959,2.149422,0.372677,0.408258,11.117876,0.564986,0.0,20.057318,5760003,2880001,2880002,1040.8841552734375,236250.125,1.9278278350830078,1.4629707336425781,25165824,0,100663296,125829120,3249304689,17980363020,/home/gglab/votruja6_diplomka/Diplodocus/experiments/runs/Hairball/cam2/ploc_emc2/repeat_02/stats.json
Hairball,cam2,3,ploc_emc2,gpu,1024,768,32,2,8,45,25,32,4,16,43.44257354736328,17.513604,11.443502,0.070843,2.140735,0.375612,0.456286,10.883011,0.554944,0.0,20.89002,5760003,2880001,2880002,1040.8841552734375,236250.125,1.8792093992233276,1.4593045711517334,25165824,0,100663296,125829120,3248511811,17978235932,/home/gglab/votruja6_diplomka/Diplodocus/experiments/runs/Hairball/cam2/ploc_emc2/repeat_03/stats.json
Hairball,cam2,4,ploc_emc2,gpu,1024,768,32,2,8,46,25,32,4,16,45.753631591796875,17.639676,13.527794,0.07613,2.186532,0.376088,0.422892,11.041267,0.561743,0.0,20.982172,5760003,2880001,2880002,1040.8841552734375,236250.125,1.9002981185913086,1.4628944396972656,25165824,0,100663296,125829120,3249488475,17981479967,/home/gglab/votruja6_diplomka/Diplodocus/experiments/runs/Hairball/cam2/ploc_emc2/repeat_04/stats.json
Hairball,cam2,0,ploc_sobb,gpu,1024,768,32,2,8,42,25,32,4,16,82.48189544677734,17.903036,16.342359,0.084361,2.134304,0.378821,0.453883,12.894721,0.588865,1.950563,23.448928,5760003,2880001,2880002,930.3137817382812,258750.140625,1.474361538887024,0.9747501611709595,25165824,0,100663296,125829120,874802827,12036330365,/home/gglab/votruja6_diplomka/Diplodocus/experiments/runs/Hairball/cam2/ploc_sobb/repeat_00/stats.json
Hairball,cam2,1,ploc_sobb,gpu,1024,768,32,2,8,43,25,32,4,16,79.0269775390625,17.916028,14.473243,0.054928,2.260911,0.377419,0.449943,11.088388,0.556167,2.833974,21.75344,5760003,2880001,2880002,930.3137817382812,258750.140625,1.4548072814941406,0.9767192602157593,25165824,0,100663296,125829120,874904108,12037388546,/home/gglab/votruja6_diplomka/Diplodocus/experiments/runs/Hairball/cam2/ploc_sobb/repeat_01/stats.json
Hairball,cam2,2,ploc_sobb,gpu,1024,768,32,2,8,44,25,32,4,16,79.79080963134766,17.619772,14.487995,0.059385,2.202466,0.372606,0.402168,11.752552,0.585366,2.230641,21.71768,5760003,2880001,2880002,930.3137817382812,258750.140625,1.4947401285171509,0.9813699722290039,25165824,0,100663296,125829120,874923151,12037299599,/home/gglab/votruja6_diplomka/Diplodocus/experiments/runs/Hairball/cam2/ploc_sobb/repeat_02/stats.json
Hairball,cam2,3,ploc_sobb,gpu,1024,768,32,2,8,45,25,32,4,16,79.13005828857422,17.461596,14.082254,0.052367,2.152819,0.383278,0.441687,11.26367,0.56241,2.251923,21.560484,5760003,2880001,2880002,930.3137817382812,258750.140625,1.493341326713562,0.9820482730865479,25165824,0,100663296,125829120,874850642,12036587866,/home/gglab/votruja6_diplomka/Diplodocus/experiments/runs/Hairball/cam2/ploc_sobb/repeat_03/stats.json
Hairball,cam2,4,ploc_sobb,gpu,1024,768,32,2,8,46,25,32,4,16,80.70256042480469,17.810524,14.616204,0.061503,2.157995,0.388911,0.420724,11.230643,0.561339,2.353449,21.7095,5760003,2880001,2880002,930.3137817382812,258750.140625,1.4583536386489868,0.9802724123001099,25165824,0,100663296,125829120,874963583,12038170292,/home/gglab/votruja6_diplomka/Diplodocus/experiments/runs/Hairball/cam2/ploc_sobb/repeat_04/stats.json
Hairball,cam2,0,ploc_emc1_sobb,gpu,1024,768,32,2,8,42,25,32,4,16,78.86152648925781,16.224749,14.414915,0.072545,2.134211,0.364839,0.404744,11.176014,0.54444,2.039882,20.095718,5760003,2880001,2880002,926.6785278320312,258750.140625,1.4847919940948486,0.9926371574401855,25165824,0,100663296,125829120,864716180,12229073501,/home/gglab/votruja6_diplomka/Diplodocus/experiments/runs/Hairball/cam2/ploc_emc1_sobb/repeat_00/stats.json
Hairball,cam2,1,ploc_emc1_sobb,gpu,1024,768,32,2,8,43,25,32,4,16,78.80524444580078,17.602804,13.679388,0.060647,2.029541,0.353159,0.348789,10.751396,0.537061,2.463135,19.23297,5760003,2880001,2880002,926.6785278320312,258750.140625,1.4660588502883911,0.9826734066009521,25165824,0,100663296,125829120,864837142,12230435440,/home/gglab/votruja6_diplomka/Diplodocus/experiments/runs/Hairball/cam2/ploc_emc1_sobb/repeat_01/stats.json
Hairball,cam2,2,ploc_emc1_sobb,gpu,1024,768,32,2,8,44,25,32,4,16,97.20365142822266,17.805388,22.265672,0.063934,2.164457,0.403138,0.431804,16.930504,3.098357,2.319196,28.616032,5760003,2880001,2880002,926.6785278320312,258750.140625,1.482136845588684,0.9827260971069336,25165824,0,100663296,125829120,864831669,12230066397,/home/gglab/votruja6_diplomka/Diplodocus/experiments/runs/Hairball/cam2/ploc_emc1_sobb/repeat_02/stats.json
Hairball,cam2,3,ploc_emc1_sobb,gpu,1024,768,32,2,8,45,25,32,4,16,77.7657241821289,17.363828,13.422318,0.045143,2.132614,0.357194,0.406137,10.768336,0.542318,2.319371,20.570484,5760003,2880001,2880002,926.6785278320312,258750.140625,1.5016273260116577,0.9831461906433105,25165824,0,100663296,125829120,864735114,12229485629,/home/gglab/votruja6_diplomka/Diplodocus/experiments/runs/Hairball/cam2/ploc_emc1_sobb/repeat_03/stats.json
Hairball,cam2,4,ploc_emc1_sobb,gpu,1024,768,32,2,8,46,25,32,4,16,78.966796875,17.51845,13.752361,0.08648,2.199947,0.357664,0.412172,10.780103,0.537848,2.419439,21.048972,5760003,2880001,2880002,926.6785278320312,258750.140625,0.7278997302055359,0.22230109572410583,25165824,0,100663296,125829120,864824631,12231038764,/home/gglab/votruja6_diplomka/Diplodocus/experiments/runs/Hairball/cam2/ploc_emc1_sobb/repeat_04/stats.json
Hairball,cam2,0,ploc_emc2_sobb,gpu,1024,768,32,2,8,42,25,32,4,16,78.22886657714844,17.781392,13.722121,0.076069,2.148892,0.371534,0.449843,11.061191,0.547346,2.355707,21.721444,5760003,2880001,2880002,928.28271484375,258750.140625,1.5021095275878906,1.0131868124008179,25165824,0,100663296,125829120,884250735,12685921784,/home/gglab/votruja6_diplomka/Diplodocus/experiments/runs/Hairball/cam2/ploc_emc2_sobb/repeat_00/stats.json
Hairball,cam2,1,ploc_emc2_sobb,gpu,1024,768,32,2,8,43,25,32,4,16,87.57496643066406,17.646504,18.275898,0.065395,2.12773,0.407708,0.444519,14.210817,1.382139,2.258329,25.64062,5760003,2880001,2880002,928.28271484375,258750.140625,1.51595139503479,1.013278841972351,25165824,0,100663296,125829120,884353826,12687215829,/home/gglab/votruja6_diplomka/Diplodocus/experiments/runs/Hairball/cam2/ploc_emc2_sobb/repeat_01/stats.json
Hairball,cam2,2,ploc_emc2_sobb,gpu,1024,768,32,2,8,44,25,32,4,16,80.87557220458984,18.42315,14.168613,0.067406,2.655346,0.380678,0.431859,11.034152,0.56198,2.755916,22.122816,5760003,2880001,2880002,928.28271484375,258750.140625,1.4967867136001587,1.0131635665893555,25165824,0,100663296,125829120,884341590,12686822533,/home/gglab/votruja6_diplomka/Diplodocus/experiments/runs/Hairball/cam2/ploc_emc2_sobb/repeat_02/stats.json
Hairball,cam2,3,ploc_emc2_sobb,gpu,1024,768,32,2,8,45,25,32,4,16,78.62400817871094,17.64915,14.084851,0.072848,2.12723,0.371768,0.452812,11.225996,0.563475,2.483841,21.816256,5760003,2880001,2880002,928.28271484375,258750.140625,1.4891897439956665,1.0145695209503174,25165824,0,100663296,125829120,884192679,12685993813,/home/gglab/votruja6_diplomka/Diplodocus/experiments/runs/Hairball/cam2/ploc_emc2_sobb/repeat_03/stats.json
Hairball,cam2,4,ploc_emc2_sobb,gpu,1024,768,32,2,8,46,25,32,4,16,77.97441864013672,17.8353,13.280707,0.074821,2.127252,0.372926,0.42825,10.684948,0.546624,2.412725,21.205604,5760003,2880001,2880002,928.28271484375,258750.140625,1.5073527097702026,1.0130466222763062,25165824,0,100663296,125829120,884320630,12687536385,/home/gglab/votruja6_diplomka/Diplodocus/experiments/runs/Hairball/cam2/ploc_emc2_sobb/repeat_04/stats.json
PowerPlant,cam0,0,ploc,gpu,1024,768,32,2,8,42,25,32,4,16,124.15845489501953,71.415368,14.832916,0.069689,10.390532,0.377157,0.452861,26.05256,0.534971,0.0,62.754264,25402297,12701148,12701149,87.6029281616211,1041891.125,4.389334201812744,2.817376136779785,25165824,52862752,211451008,286903232,4240882816,22529450295,/home/gglab/votruja6_diplomka/Diplodocus/experiments/runs/PowerPlant/cam0/ploc/repeat_00/stats.json
PowerPlant,cam0,1,ploc,gpu,1024,768,32,2,8,43,25,32,4,16,123.84136199951172,71.786264,14.948469,0.082718,10.259384,0.374315,0.442716,26.19898,0.534485,0.0,64.11014,25402297,12701148,12701149,87.6029281616211,1041891.125,4.211531639099121,2.835186004638672,25165824,52862752,211451008,286903232,4241279581,22530397881,/home/gglab/votruja6_diplomka/Diplodocus/experiments/runs/PowerPlant/cam0/ploc/repeat_01/stats.json
PowerPlant,cam0,2,ploc,gpu,1024,768,32,2,8,44,25,32,4,16,121.49398803710938,70.824696,15.005605,0.068192,10.421729,0.37327,0.438518,25.283332,0.540999,0.0,62.302476,25402297,12701148,12701149,87.6029281616211,1041891.125,4.180309772491455,2.8230950832366943,25165824,52862752,211451008,286903232,4240196008,22527996790,/home/gglab/votruja6_diplomka/Diplodocus/experiments/runs/PowerPlant/cam0/ploc/repeat_02/stats.json
PowerPlant,cam0,3,ploc,gpu,1024,768,32,2,8,45,25,32,4,16,123.75205993652344,71.856912,15.504135,0.066558,10.360638,0.361599,0.359499,25.856004,0.545683,0.0,63.621532,25402297,12701148,12701149,87.6029281616211,1041891.125,4.204577445983887,2.808650255203247,25165824,52862752,211451008,286903232,4241002589,22529554395,/home/gglab/votruja6_diplomka/Diplodocus/experiments/runs/PowerPlant/cam0/ploc/repeat_03/stats.json
PowerPlant,cam0,4,ploc,gpu,1024,768,32,2,8,46,25,32,4,16,121.58209991455078,71.957008,13.948411,0.073864,10.40612,0.401799,0.460672,25.563656,0.553687,0.0,63.583864,25402297,12701148,12701149,87.6029281616211,1041891.125,3.433119773864746,2.8286447525024414,25165824,52862752,211451008,286903232,4240501031,22528745379,/home/gglab/votruja6_diplomka/Diplodocus/experiments/runs/PowerPlant/cam0/ploc/repeat_04/stats.json
PowerPlant,cam0,0,ploc_emc1,gpu,1024,768,32,2,8,42,25,32,4,16,123.91754150390625,73.081664,14.327193,0.070696,10.459882,0.379427,0.446502,26.205634,0.575385,0.0,62.896456,25402297,12701148,12701149,87.86859893798828,1041891.125,4.170816421508789,2.797070026397705,25165824,52862976,211451904,286904320,4253828402,22524897467,/home/gglab/votruja6_diplomka/Diplodocus/experiments/runs/PowerPlant/cam0/ploc_emc1/repeat_00/stats.json
PowerPlant,cam0,1,ploc_emc1,gpu,1024,768,32,2,8,43,25,32,4,16,122.25276947021484,71.769408,14.354253,0.083512,10.909721,0.394543,0.436541,26.383664,0.593882,0.0,63.919932,25402297,12701148,12701149,87.86859893798828,1041891.125,4.13865852355957,2.776200771331787,25165824,52862976,211451904,286904320,4254075241,22525823582,/home/gglab/votruja6_diplomka/Diplodocus/experiments/runs/PowerPlant/cam0/ploc_emc1/repeat_01/stats.json
PowerPlant,cam0,2,ploc_emc1,gpu,1024,768,32,2,8,44,25,32,4,16,121.05370330810547,71.029832,14.969957,0.113892,10.375503,0.389086,0.59495,26.344804,0.575488,0.0,64.615516,25402297,12701148,12701149,87.86859893798828,1041891.125,4.436322212219238,2.800025463104248,25165824,52862976,211451904,286904320,4253468502,22524341702,/home/gglab/votruja6_diplomka/Diplodocus/experiments/runs/PowerPlant/cam0/ploc_emc1/repeat_02/stats.json
PowerPlant,cam0,3,ploc_emc1,gpu,1024,768,32,2,8,45,25,32,4,16,125.15899658203125,71.269344,15.939438,0.052185,10.581736,0.392858,0.610656,26.410752,0.592212,0.0,64.322548,25402297,12701148,12701149,87.86859893798828,1041891.125,4.250496864318848,2.787870407104492,25165824,52862976,211451904,286904320,4254303794,22525634150,/home/gglab/votruja6_diplomka/Diplodocus/experiments/runs/PowerPlant/cam0/ploc_emc1/repeat_03/stats.json
PowerPlant,cam0,4,ploc_emc1,gpu,1024,768,32,2,8,46,25,32,4,16,121.87034606933594,71.065136,15.502549,0.072538,10.405908,0.425505,0.499109,25.97944,0.640338,0.0,63.562188,25402297,12701148,12701149,87.86859893798828,1041891.125,4.231892108917236,2.789964199066162,25165824,52862976,211451904,286904320,4253749357,22524729444,/home/gglab/votruja6_diplomka/Diplodocus/experiments/runs/PowerPlant/cam0/ploc_emc1/repeat_04/stats.json
PowerPlant,cam0,0,ploc_emc2,gpu,1024,768,32,2,8,42,25,32,4,16,119.41227722167969,71.773008,13.872099,0.086292,10.388425,0.373852,0.439986,25.280448,0.548024,0.0,63.273684,25402297,12701148,12701149,88.36119079589844,1041891.125,3.495392084121704,2.0270161628723145,25165824,52862656,211450624,286902784,4344887901,22765799065,/home/gglab/votruja6_diplomka/Diplodocus/experiments/runs/PowerPlant/cam0/ploc_emc2/repeat_00/stats.json
PowerPlant,cam0,1,ploc_emc2,gpu,1024,768,32,2,8,43,25,32,4,16,132.00253295898438,72.631512,19.79153,0.101934,10.343528,0.392261,0.452566,30.134012,1.43915,0.0,68.914904,25402297,12701148,12701149,88.36119079589844,1041891.125,4.277420997619629,2.8405675888061523,25165824,52862656,211450624,286902784,4345288849,22767433471,/home/gglab/votruja6_diplomka/Diplodocus/experiments/runs/PowerPlant/cam0/ploc_emc2/repeat_01/stats.json
PowerPlant,cam0,2,ploc_emc2,gpu,1024,768,32,2,8,44,25,32,4,16,126.1497802734375,71.453456,17.124242,0.080225,10.025448,0.380422,0.458097,27.571526,0.558023,0.0,64.75974,25402297,12701148,12701149,88.36119079589844,1041891.125,4.45841121673584,2.8413288593292236,25165824,52862656,211450624,286902784,4344647856,22765861064,/home/gglab/votruja6_diplomka/Diplodocus/experiments/runs/PowerPlant/cam0/ploc_emc2/repeat_02/stats.json
PowerPlant,cam0,3,ploc_emc2,gpu,1024,768,32,2,8,45,25,32,4,16,122.06754302978516,71.748624,15.017695,0.170541,10.187468,0.369474,0.434095,25.779014,0.543138,0.0,63.05354,25402297,12701148,12701149,88.36119079589844,1041891.125,4.298659801483154,2.8357937335968018,25165824,52862656,211450624,286902784,4345284095,22766763364,/home/gglab/votruja6_diplomka/Diplodocus/experiments/runs/PowerPlant/cam0/ploc_emc2/repeat_03/stats.json
PowerPlant,cam0,4,ploc_emc2,gpu,1024,768,32,2,8,46,25,32,4,16,121.96600341796875,71.54516,14.501357,0.061466,10.322339,0.37192,0.440993,25.525288,0.559971,0.0,62.169772,25402297,12701148,12701149,88.36119079589844,1041891.125,4.217281818389893,2.822605848312378,25165824,52862656,211450624,286902784,4345016586,22766573074,/home/gglab/votruja6_diplomka/Diplodocus/experiments/runs/PowerPlant/cam0/ploc_emc2/repeat_04/stats.json
PowerPlant,cam0,0,ploc_sobb,gpu,1024,768,32,2,8,42,25,32,4,16,272.18316650390625,72.86832,24.037608,0.081162,10.37466,0.368744,0.419835,25.616684,0.550723,9.13077,64.94562,25402297,12701148,12701149,84.42613220214844,1141118.875,4.025480270385742,2.269726276397705,25165824,52862496,211449984,286901984,1123798066,16535355710,/home/gglab/votruja6_diplomka/Diplodocus/experiments/runs/PowerPlant/cam0/ploc_sobb/repeat_00/stats.json
PowerPlant,cam0,1,ploc_sobb,gpu,1024,768,32,2,8,43,25,32,4,16,274.732177734375,73.833712,26.181596,0.119981,10.230622,0.374271,0.38885,27.568828,0.583904,9.618292,66.932256,25402297,12701148,12701149,84.42613220214844,1141118.875,3.130099296569824,1.451690912246704,25165824,52862496,211449984,286901984,1123854033,16535691652,/home/gglab/votruja6_diplomka/Diplodocus/experiments/runs/PowerPlant/cam0/ploc_sobb/repeat_01/stats.json
PowerPlant,cam0,2,ploc_sobb,gpu,1024,768,32,2,8,44,25,32,4,16,270.444091796875,73.397656,24.679796,0.093417,9.997246,0.371101,0.41325,25.875526,0.579919,10.97595,64.890592,25402297,12701148,12701149,84.42613220214844,1141118.875,3.9355955123901367,2.271653175354004,25165824,52862496,211449984,286901984,1123771957,16535253828,/home/gglab/votruja6_diplomka/Diplodocus/experiments/runs/PowerPlant/cam0/ploc_sobb/repeat_02/stats.json
PowerPlant,cam0,3,ploc_sobb,gpu,1024,768,32,2,8,45,25,32,4,16,269.51324462890625,73.406096,23.125476,0.061768,10.329904,0.3675,0.436833,25.493158,0.548489,9.305978,65.214588,25402297,12701148,12701149,84.42613220214844,1141118.875,3.948613166809082,2.260134220123291,25165824,52862496,211449984,286901984,1123791473,16535255469,/home/gglab/votruja6_diplomka/Diplodocus/experiments/runs/PowerPlant/cam0/ploc_sobb/repeat_03/stats.json
PowerPlant,cam0,4,ploc_sobb,gpu,1024,768,32,2,8,46,25,32,4,16,270.9657287597656,76.416056,23.035528,0.090233,10.673308,0.372302,0.438511,25.584966,0.547704,8.761272,67.409272,25402297,12701148,12701149,84.42613220214844,1141118.875,4.138562202453613,2.2630248069763184,25165824,52862496,211449984,286901984,1123865876,16535549306,/home/gglab/votruja6_diplomka/Diplodocus/experiments/runs/PowerPlant/cam0/ploc_sobb/repeat_04/stats.json
PowerPlant,cam0,0,ploc_emc1_sobb,gpu,1024,768,32,2,8,42,25,32,4,16,272.0836486816406,73.265392,25.411608,0.147521,10.155395,0.38428,0.422308,26.59789,0.699738,10.029224,66.491344,25402297,12701148,12701149,84.71268463134766,1141118.875,3.916769504547119,2.2009739875793457,25165824,52862912,211451648,286904000,1134721506,16303452755,/home/gglab/votruja6_diplomka/Diplodocus/experiments/runs/PowerPlant/cam0/ploc_emc1_sobb/repeat_00/stats.json
PowerPlant,cam0,1,ploc_emc1_sobb,gpu,1024,768,32,2,8,43,25,32,4,16,270.1809387207031,72.875752,24.222608,0.087689,10.376031,0.393501,0.437757,26.072648,0.585139,9.080797,65.4094,25402297,12701148,12701149,84.71268463134766,1141118.875,3.9208247661590576,2.203141927719116,25165824,52862912,211451648,286904000,1134717168,16303878032,/home/gglab/votruja6_diplomka/Diplodocus/experiments/runs/PowerPlant/cam0/ploc_emc1_sobb/repeat_01/stats.json
PowerPlant,cam0,2,ploc_emc1_sobb,gpu,1024,768,32,2,8,44,25,32,4,16,269.49871826171875,73.619304,24.909056,0.053448,10.490048,0.379716,0.452109,25.468966,0.546595,10.282564,65.190684,25402297,12701148,12701149,84.71268463134766,1141118.875,3.9021613597869873,2.2159972190856934,25165824,52862912,211451648,286904000,1134732253,16303613114,/home/gglab/votruja6_diplomka/Diplodocus/experiments/runs/PowerPlant/cam0/ploc_emc1_sobb/repeat_02/stats.json
PowerPlant,cam0,3,ploc_emc1_sobb,gpu,1024,768,32,2,8,45,25,32,4,16,274.30804443359375,73.289672,24.651514,0.077024,10.473507,0.377466,0.448144,26.239082,0.546996,10.280383,65.233068,25402297,12701148,12701149,84.71268463134766,1141118.875,3.1177806854248047,2.2071752548217773,25165824,52862912,211451648,286904000,1134730445,16303273825,/home/gglab/votruja6_diplomka/Diplodocus/experiments/runs/PowerPlant/cam0/ploc_emc1_sobb/repeat_03/stats.json
PowerPlant,cam0,4,ploc_emc1_sobb,gpu,1024,768,32,2,8,46,25,32,4,16,271.5705261230469,72.804912,25.041918,0.052551,10.564666,0.376759,0.432051,25.654764,0.549658,11.210012,65.13348,25402297,12701148,12701149,84.71268463134766,1141118.875,3.883671998977661,2.195892333984375,25165824,52862912,211451648,286904000,1134864915,16303712092,/home/gglab/votruja6_diplomka/Diplodocus/experiments/runs/PowerPlant/cam0/ploc_emc1_sobb/repeat_04/stats.json
PowerPlant,cam0,0,ploc_emc2_sobb,gpu,1024,768,32,2,8,42,25,32,4,16,271.0751647949219,73.933144,23.744938,0.077016,10.496547,0.390325,0.463714,26.357624,0.652123,9.155432,66.970772,25402297,12701148,12701149,85.39495849609375,1141118.875,4.023290634155273,2.2488157749176025,25165824,52862560,211450240,286902304,1151598556,16637741202,/home/gglab/votruja6_diplomka/Diplodocus/experiments/runs/PowerPlant/cam0/ploc_emc2_sobb/repeat_00/stats.json
PowerPlant,cam0,1,ploc_emc2_sobb,gpu,1024,768,32,2,8,43,25,32,4,16,297.4089050292969,72.512304,24.512818,0.080112,10.455169,0.375262,0.446372,25.875384,0.556045,8.859836,65.026532,25402297,12701148,12701149,85.39495849609375,1141118.875,4.029224872589111,2.252405881881714,25165824,52862560,211450240,286902304,1151689420,16638804514,/home/gglab/votruja6_diplomka/Diplodocus/experiments/runs/PowerPlant/cam0/ploc_emc2_sobb/repeat_01/stats.json
PowerPlant,cam0,2,ploc_emc2_sobb,gpu,1024,768,32,2,8,44,25,32,4,16,273.7435607910156,73.485976,26.498736,0.08605,10.150937,0.383739,0.45341,26.162704,0.546238,10.69542,65.289472,25402297,12701148,12701149,85.39495849609375,1141118.875,3.9526026248931885,2.2496368885040283,25165824,52862560,211450240,286902304,1151655981,16638365307,/home/gglab/votruja6_diplomka/Diplodocus/experiments/runs/PowerPlant/cam0/ploc_emc2_sobb/repeat_02/stats.json
PowerPlant,cam0,3,ploc_emc2_sobb,gpu,1024,768,32,2,8,45,25,32,4,16,271.8470458984375,72.364448,24.668768,0.078804,10.377728,0.378171,0.45238,26.022094,0.579716,10.439531,64.960068,25402297,12701148,12701149,85.39495849609375,1141118.875,3.980848550796509,2.2559316158294678,25165824,52862560,211450240,286902304,1151632712,16638054410,/home/gglab/votruja6_diplomka/Diplodocus/experiments/runs/PowerPlant/cam0/ploc_emc2_sobb/repeat_03/stats.json
PowerPlant,cam0,4,ploc_emc2_sobb,gpu,1024,768,32,2,8,46,25,32,4,16,271.4817810058594,73.28664,25.055818,0.094658,10.520482,0.376101,0.417017,26.440228,0.573284,10.756546,65.583632,25402297,12701148,12701149,85.39495849609375,1141118.875,3.1579582691192627,1.4318922758102417,25165824,52862560,211450240,286902304,1151784244,16638572921,/home/gglab/votruja6_diplomka/Diplodocus/experiments/runs/PowerPlant/cam0/ploc_emc2_sobb/repeat_04/stats.json
PowerPlant,cam1,0,ploc,gpu,1024,768,32,2,8,42,25,32,4,16,121.45357513427734,72.388424,14.379583,0.115716,10.650324,0.366428,0.410971,25.755392,0.531016,0.0,64.08234,25402297,12701148,12701149,87.6029281616211,1041891.125,2.4894869327545166,1.0653517246246338,25165824,13610880,54443520,92630432,958819270,5389703693,/home/gglab/votruja6_diplomka/Diplodocus/experiments/runs/PowerPlant/cam1/ploc/repeat_00/stats.json
PowerPlant,cam1,1,ploc,gpu,1024,768,32,2,8,43,25,32,4,16,122.60819244384766,71.801472,14.115833,0.115956,10.421472,0.393144,0.419012,25.673202,0.538115,0.0,63.281756,25402297,12701148,12701149,87.6029281616211,1041891.125,2.529676675796509,1.071738839149475,25165824,13610880,54443520,92630432,958730573,5389357039,/home/gglab/votruja6_diplomka/Diplodocus/experiments/runs/PowerPlant/cam1/ploc/repeat_01/stats.json
PowerPlant,cam1,2,ploc,gpu,1024,768,32,2,8,44,25,32,4,16,121.5504379272461,72.74344,14.146884,0.079249,10.529678,0.374268,0.419702,25.71302,0.56588,0.0,63.8296,25402297,12701148,12701149,87.6029281616211,1041891.125,2.7740697860717773,1.0875248908996582,25165824,13610880,54443520,92630432,958980820,5390273951,/home/gglab/votruja6_diplomka/Diplodocus/experiments/runs/PowerPlant/cam1/ploc/repeat_02/stats.json
PowerPlant,cam1,3,ploc,gpu,1024,768,32,2,8,45,25,32,4,16,120.47207641601562,71.232968,13.905319,0.06707,10.339764,0.381669,0.42319,25.718596,0.56237,0.0,63.128968,25402297,12701148,12701149,87.6029281616211,1041891.125,2.5739006996154785,1.0823737382888794,25165824,13610880,54443520,92630432,959276165,5390683612,/home/gglab/votruja6_diplomka/Diplodocus/experiments/runs/PowerPlant/cam1/ploc/repeat_03/stats.json
PowerPlant,cam1,4,ploc,gpu,1024,768,32,2,8,46,25,32,4,16,122.72297668457031,64.147116,15.392796,0.144626,10.22665,0.373857,0.447182,26.455292,0.55036,0.0,56.484048,25402297,12701148,12701149,87.6029281616211,1041891.125,2.6032590866088867,1.091320514678955,25165824,13610880,54443520,92630432,959225393,5390700740,/home/gglab/votruja6_diplomka/Diplodocus/experiments/runs/PowerPlant/cam1/ploc/repeat_04/stats.json
PowerPlant,cam1,0,ploc_emc1,gpu,1024,768,32,2,8,42,25,32,4,16,123.79733276367188,71.539544,14.491556,0.066483,10.476302,0.380853,0.454242,26.114492,0.555419,0.0,64.048168,25402297,12701148,12701149,87.86859893798828,1041891.125,2.5794453620910645,1.0604835748672485,25165824,13610880,54443520,92630432,1013518147,5599178440,/home/gglab/votruja6_diplomka/Diplodocus/experiments/runs/PowerPlant/cam1/ploc_emc1/repeat_00/stats.json
PowerPlant,cam1,1,ploc_emc1,gpu,1024,768,32,2,8,43,25,32,4,16,121.1063003540039,71.408208,14.382176,0.072349,10.042591,0.375197,0.431372,25.462702,0.544246,0.0,62.525104,25402297,12701148,12701149,87.86859893798828,1041891.125,2.5119824409484863,1.0753610134124756,25165824,13610880,54443520,92630432,1013553043,5598978395,/home/gglab/votruja6_diplomka/Diplodocus/experiments/runs/PowerPlant/cam1/ploc_emc1/repeat_01/stats.json
PowerPlant,cam1,2,ploc_emc1,gpu,1024,768,32,2,8,44,25,32,4,16,122.1562271118164,71.84576,15.530693,0.055733,10.552236,0.388457,0.46617,26.152292,0.597657,0.0,64.59552,25402297,12701148,12701149,87.86859893798828,1041891.125,2.472512722015381,1.0559122562408447,25165824,13610880,54443520,92630432,1013838961,5600011130,/home/gglab/votruja6_diplomka/Diplodocus/experiments/runs/PowerPlant/cam1/ploc_emc1/repeat_02/stats.json
PowerPlant,cam1,3,ploc_emc1,gpu,1024,768,32,2,8,45,25,32,4,16,124.3192138671875,71.777072,16.079276,0.077339,10.556795,0.380299,0.440588,26.328552,0.566331,0.0,63.65226,25402297,12701148,12701149,87.86859893798828,1041891.125,1.7280853986740112,0.26028603315353394,25165824,13610880,54443520,92630432,1014158138,5600388838,/home/gglab/votruja6_diplomka/Diplodocus/experiments/runs/PowerPlant/cam1/ploc_emc1/repeat_03/stats.json
PowerPlant,cam1,4,ploc_emc1,gpu,1024,768,32,2,8,46,25,32,4,16,121.19514465332031,71.409096,15.277965,0.088828,10.456707,0.385142,0.448086,26.002388,0.585274,0.0,63.978408,25402297,12701148,12701149,87.86859893798828,1041891.125,2.537508964538574,1.063073992729187,25165824,13610880,54443520,92630432,1014028746,5600151587,/home/gglab/votruja6_diplomka/Diplodocus/experiments/runs/PowerPlant/cam1/ploc_emc1/repeat_04/stats.json
PowerPlant,cam1,0,ploc_emc2,gpu,1024,768,32,2,8,42,25,32,4,16,120.57178497314453,70.902,14.423697,0.084022,10.007077,0.371277,0.452353,25.557918,0.553732,0.0,62.872704,25402297,12701148,12701149,88.36119079589844,1041891.125,2.428370952606201,1.045346975326538,25165824,13610848,54443392,92630272,990872319,5543887388,/home/gglab/votruja6_diplomka/Diplodocus/experiments/runs/PowerPlant/cam1/ploc_emc2/repeat_00/stats.json
PowerPlant,cam1,1,ploc_emc2,gpu,1024,768,32,2,8,43,25,32,4,16,127.09520721435547,70.058936,17.76343,0.060786,10.424116,0.654667,0.684875,26.987308,0.9622,0.0,64.34342,25402297,12701148,12701149,88.36119079589844,1041891.125,2.657280683517456,1.0455458164215088,25165824,13610848,54443392,92630272,990864886,5543628543,/home/gglab/votruja6_diplomka/Diplodocus/experiments/runs/PowerPlant/cam1/ploc_emc2/repeat_01/stats.json
PowerPlant,cam1,2,ploc_emc2,gpu,1024,768,32,2,8,44,25,32,4,16,123.71588134765625,72.682768,15.852979,0.085953,10.375913,0.447644,0.491253,26.169592,0.658539,0.0,64.209564,25402297,12701148,12701149,88.36119079589844,1041891.125,2.516772747039795,1.0755373239517212,25165824,13610848,54443392,92630272,991185573,5544607875,/home/gglab/votruja6_diplomka/Diplodocus/experiments/runs/PowerPlant/cam1/ploc_emc2/repeat_02/stats.json
PowerPlant,cam1,3,ploc_emc2,gpu,1024,768,32,2,8,45,25,32,4,16,121.7715835571289,72.006856,14.887932,0.080958,10.197736,0.385051,0.440891,25.790768,0.566288,0.0,63.502596,25402297,12701148,12701149,88.36119079589844,1041891.125,2.542964458465576,1.0805909633636475,25165824,13610848,54443392,92630272,991391627,5544946194,/home/gglab/votruja6_diplomka/Diplodocus/experiments/runs/PowerPlant/cam1/ploc_emc2/repeat_03/stats.json
PowerPlant,cam1,4,ploc_emc2,gpu,1024,768,32,2,8,46,25,32,4,16,120.47320556640625,71.817136,14.017384,0.106197,10.326622,0.376327,0.44836,26.009376,0.545677,0.0,63.866232,25402297,12701148,12701149,88.36119079589844,1041891.125,2.480506658554077,1.0791668891906738,25165824,13610848,54443392,92630272,991348690,5544845769,/home/gglab/votruja6_diplomka/Diplodocus/experiments/runs/PowerPlant/cam1/ploc_emc2/repeat_04/stats.json
PowerPlant,cam1,0,ploc_sobb,gpu,1024,768,32,2,8,42,25,32,4,16,271.7200622558594,73.479592,24.369092,0.071963,9.486729,0.378163,0.449359,25.463918,0.534536,10.294718,64.497224,25402297,12701148,12701149,84.42613220214844,1141118.875,2.5223581790924072,0.8040855526924133,25165824,13610880,54443520,92630432,269844846,4043971816,/home/gglab/votruja6_diplomka/Diplodocus/experiments/runs/PowerPlant/cam1/ploc_sobb/repeat_00/stats.json
PowerPlant,cam1,1,ploc_sobb,gpu,1024,768,32,2,8,43,25,32,4,16,267.14312744140625,73.18844,23.330856,0.078418,10.550457,0.371204,0.435224,25.66596,0.577456,9.0816,64.663736,25402297,12701148,12701149,84.42613220214844,1141118.875,2.498826503753662,0.7873808145523071,25165824,13610880,54443520,92630432,269820241,4043782269,/home/gglab/votruja6_diplomka/Diplodocus/experiments/runs/PowerPlant/cam1/ploc_sobb/repeat_01/stats.json
PowerPlant,cam1,2,ploc_sobb,gpu,1024,768,32,2,8,44,25,32,4,16,267.9862365722656,73.535688,23.588796,0.053643,10.282265,0.422085,0.446812,25.558416,0.574127,10.226935,64.766456,25402297,12701148,12701149,84.42613220214844,1141118.875,2.460725784301758,0.7850235104560852,25165824,13610880,54443520,92630432,269855847,4044298785,/home/gglab/votruja6_diplomka/Diplodocus/experiments/runs/PowerPlant/cam1/ploc_sobb/repeat_02/stats.json
PowerPlant,cam1,3,ploc_sobb,gpu,1024,768,32,2,8,45,25,32,4,16,279.0675048828125,76.72404,25.506474,0.098227,10.28397,0.3676,0.423957,27.811928,0.542033,9.30238,68.975992,25402297,12701148,12701149,84.42613220214844,1141118.875,2.459233283996582,0.7768781781196594,25165824,13610880,54443520,92630432,269871478,4044173565,/home/gglab/votruja6_diplomka/Diplodocus/experiments/runs/PowerPlant/cam1/ploc_sobb/repeat_03/stats.json
PowerPlant,cam1,4,ploc_sobb,gpu,1024,768,32,2,8,46,25,32,4,16,269.0697021484375,73.2664,23.192162,0.088265,10.276003,0.363608,0.442815,25.522964,0.545693,9.161945,65.318824,25402297,12701148,12701149,84.42613220214844,1141118.875,2.508451461791992,0.8112267255783081,25165824,13610880,54443520,92630432,269884672,4044267094,/home/gglab/votruja6_diplomka/Diplodocus/experiments/runs/PowerPlant/cam1/ploc_sobb/repeat_04/stats.json
PowerPlant,cam1,0,ploc_emc1_sobb,gpu,1024,768,32,2,8,42,25,32,4,16,269.84600830078125,73.790728,23.595016,0.068416,10.525132,0.385303,0.457651,26.047208,0.561472,8.781841,66.116,25402297,12701148,12701149,84.71268463134766,1141118.875,2.477538585662842,0.7419647574424744,25165824,13610880,54443520,92630432,291162056,4153502177,/home/gglab/votruja6_diplomka/Diplodocus/experiments/runs/PowerPlant/cam1/ploc_emc1_sobb/repeat_00/stats.json
PowerPlant,cam1,1,ploc_emc1_sobb,gpu,1024,768,32,2,8,43,25,32,4,16,278.4544982910156,73.825136,24.245628,0.090333,10.562402,0.373839,0.420476,27.32172,0.547151,9.241781,67.484072,25402297,12701148,12701149,84.71268463134766,1141118.875,2.4597010612487793,0.7721304893493652,25165824,13610880,54443520,92630432,291123584,4153193735,/home/gglab/votruja6_diplomka/Diplodocus/experiments/runs/PowerPlant/cam1/ploc_emc1_sobb/repeat_01/stats.json
PowerPlant,cam1,2,ploc_emc1_sobb,gpu,1024,768,32,2,8,44,25,32,4,16,273.1553955078125,73.928736,25.110182,0.14515,10.557129,0.389389,0.529716,26.699186,0.610862,9.410704,67.080164,25402297,12701148,12701149,84.71268463134766,1141118.875,2.4662349224090576,0.7571735382080078,25165824,13610880,54443520,92630432,291194660,4153845347,/home/gglab/votruja6_diplomka/Diplodocus/experiments/runs/PowerPlant/cam1/ploc_emc1_sobb/repeat_02/stats.json
PowerPlant,cam1,3,ploc_emc1_sobb,gpu,1024,768,32,2,8,45,25,32,4,16,271.0079345703125,73.926544,24.094894,0.09645,10.562212,0.380357,0.428657,25.93941,0.558795,9.160627,65.953452,25402297,12701148,12701149,84.71268463134766,1141118.875,2.4361932277679443,0.7408993244171143,25165824,13610880,54443520,92630432,291247267,4153700830,/home/gglab/votruja6_diplomka/Diplodocus/experiments/runs/PowerPlant/cam1/ploc_emc1_sobb/repeat_03/stats.json
PowerPlant,cam1,4,ploc_emc1_sobb,gpu,1024,768,32,2,8,46,25,32,4,16,270.6145324707031,74.878,22.078204,0.086366,11.220826,0.386951,0.441432,26.380648,0.628558,7.768464,67.829896,25402297,12701148,12701149,84.71268463134766,1141118.875,2.4829442501068115,0.7641844749450684,25165824,13610880,54443520,92630432,291185679,4153555529,/home/gglab/votruja6_diplomka/Diplodocus/experiments/runs/PowerPlant/cam1/ploc_emc1_sobb/repeat_04/stats.json
PowerPlant,cam1,0,ploc_emc2_sobb,gpu,1024,768,32,2,8,42,25,32,4,16,267.82781982421875,72.576328,23.350462,0.088686,10.189193,0.379484,0.445097,25.37629,0.598132,9.007649,64.624592,25402297,12701148,12701149,85.39495849609375,1141118.875,2.430015802383423,0.7934654355049133,25165824,13610848,54443392,92630272,287857803,4172443437,/home/gglab/votruja6_diplomka/Diplodocus/experiments/runs/PowerPlant/cam1/ploc_emc2_sobb/repeat_00/stats.json
PowerPlant,cam1,1,ploc_emc2_sobb,gpu,1024,768,32,2,8,43,25,32,4,16,267.1081848144531,73.800488,22.683724,0.088125,10.325431,0.375136,0.446893,25.210738,0.55035,9.159137,65.084616,25402297,12701148,12701149,85.39495849609375,1141118.875,2.531494140625,0.7662491798400879,25165824,13610848,54443392,92630272,287804803,4172143360,/home/gglab/votruja6_diplomka/Diplodocus/experiments/runs/PowerPlant/cam1/ploc_emc2_sobb/repeat_01/stats.json
PowerPlant,cam1,2,ploc_emc2_sobb,gpu,1024,768,32,2,8,44,25,32,4,16,270.8579406738281,73.325136,23.397392,0.102955,10.490588,0.382012,0.415571,25.804214,0.579943,9.148136,65.437924,25402297,12701148,12701149,85.39495849609375,1141118.875,1.762945532798767,0.8028556704521179,25165824,13610848,54443392,92630272,287904394,4172741462,/home/gglab/votruja6_diplomka/Diplodocus/experiments/runs/PowerPlant/cam1/ploc_emc2_sobb/repeat_02/stats.json
PowerPlant,cam1,3,ploc_emc2_sobb,gpu,1024,768,32,2,8,45,25,32,4,16,270.724853515625,73.341112,25.162768,0.084735,10.57188,0.376889,0.383074,26.08785,0.55578,10.623426,65.721976,25402297,12701148,12701149,85.39495849609375,1141118.875,2.494188070297241,0.8091787695884705,25165824,13610848,54443392,92630272,287930789,4172696652,/home/gglab/votruja6_diplomka/Diplodocus/experiments/runs/PowerPlant/cam1/ploc_emc2_sobb/repeat_03/stats.json
PowerPlant,cam1,4,ploc_emc2_sobb,gpu,1024,768,32,2,8,46,25,32,4,16,289.6677551269531,72.743568,24.680564,0.081961,10.437561,0.397949,0.382063,26.003958,0.540971,10.340238,65.31856,25402297,12701148,12701149,85.39495849609375,1141118.875,2.490307569503784,0.7540103793144226,25165824,13610848,54443392,92630272,287931527,4172656877,/home/gglab/votruja6_diplomka/Diplodocus/experiments/runs/PowerPlant/cam1/ploc_emc2_sobb/repeat_04/stats.json
PowerPlant,cam2,0,ploc,gpu,1024,768,32,2,8,42,25,32,4,16,122.6598892211914,71.499528,14.440114,0.062384,10.230601,0.375396,0.363728,26.373424,0.855481,0.0,64.2281,25402297,12701148,12701149,87.6029281616211,1041891.125,1.9585928916931152,0.46246668696403503,25165824,89300640,357202560,464974240,1592074299,11658604622,/home/gglab/votruja6_diplomka/Diplodocus/experiments/runs/PowerPlant/cam2/ploc/repeat_00/stats.json
PowerPlant,cam2,1,ploc,gpu,1024,768,32,2,8,43,25,32,4,16,120.23397827148438,72.765216,13.489814,0.074823,10.564733,0.396795,0.448502,25.299394,0.581228,0.0,63.359332,25402297,12701148,12701149,87.6029281616211,1041891.125,1.8703105449676514,0.4662555158138275,25165824,89300640,357202560,464974240,1592107633,11658724169,/home/gglab/votruja6_diplomka/Diplodocus/experiments/runs/PowerPlant/cam2/ploc/repeat_01/stats.json
PowerPlant,cam2,2,ploc,gpu,1024,768,32,2,8,44,25,32,4,16,121.62763977050781,71.678664,14.165389,0.069011,10.322061,0.386881,0.376411,25.933624,0.576523,0.0,63.821208,25402297,12701148,12701149,87.6029281616211,1041891.125,2.0041680335998535,0.46584734320640564,25165824,89300640,357202560,464974240,1592060170,11658646480,/home/gglab/votruja6_diplomka/Diplodocus/experiments/runs/PowerPlant/cam2/ploc/repeat_02/stats.json
PowerPlant,cam2,3,ploc,gpu,1024,768,32,2,8,45,25,32,4,16,119.14751434326172,69.085592,13.615772,0.075413,9.977575,0.377034,0.469604,25.278272,0.590043,0.0,60.523744,25402297,12701148,12701149,87.6029281616211,1041891.125,1.9913324117660522,0.4659048318862915,25165824,89300640,357202560,464974240,1592135556,11658694038,/home/gglab/votruja6_diplomka/Diplodocus/experiments/runs/PowerPlant/cam2/ploc/repeat_03/stats.json
PowerPlant,cam2,4,ploc,gpu,1024,768,32,2,8,46,25,32,4,16,122.3057632446289,71.806592,13.733216,0.070625,10.595451,0.372115,0.438675,25.59455,0.592257,0.0,63.706596,25402297,12701148,12701149,87.6029281616211,1041891.125,1.9490039348602295,0.46719038486480713,25165824,89300640,357202560,464974240,1592194313,11658994419,/home/gglab/votruja6_diplomka/Diplodocus/experiments/runs/PowerPlant/cam2/ploc/repeat_04/stats.json
PowerPlant,cam2,0,ploc_emc1,gpu,1024,768,32,2,8,42,25,32,4,16,124.31399536132812,72.001904,15.578495,0.073202,10.05505,0.367764,0.461291,26.338968,0.589023,0.0,63.23824,25402297,12701148,12701149,87.86859893798828,1041891.125,1.9290069341659546,0.461576908826828,25165824,89300640,357202560,464974240,1242689309,12176730550,/home/gglab/votruja6_diplomka/Diplodocus/experiments/runs/PowerPlant/cam2/ploc_emc1/repeat_00/stats.json
PowerPlant,cam2,1,ploc_emc1,gpu,1024,768,32,2,8,43,25,32,4,16,129.94369506835938,76.861784,15.514161,0.088996,10.543052,0.369856,0.375273,28.967448,0.577606,0.0,68.764496,25402297,12701148,12701149,87.86859893798828,1041891.125,2.089571475982666,0.4658138155937195,25165824,89300640,357202560,464974240,1242780417,12176916851,/home/gglab/votruja6_diplomka/Diplodocus/experiments/runs/PowerPlant/cam2/ploc_emc1/repeat_01/stats.json
PowerPlant,cam2,2,ploc_emc1,gpu,1024,768,32,2,8,44,25,32,4,16,125.1905517578125,72.487736,16.831632,0.068185,10.41939,0.402029,0.457401,26.546116,0.622699,0.0,64.842572,25402297,12701148,12701149,87.86859893798828,1041891.125,1.138016939163208,-0.3525417149066925,25165824,89300640,357202560,464974240,1242638203,12176505136,/home/gglab/votruja6_diplomka/Diplodocus/experiments/runs/PowerPlant/cam2/ploc_emc1/repeat_02/stats.json
PowerPlant,cam2,3,ploc_emc1,gpu,1024,768,32,2,8,45,25,32,4,16,123.62995910644531,72.719848,16.081137,0.103485,10.662195,0.377967,0.459875,25.805438,0.565841,0.0,64.766624,25402297,12701148,12701149,87.86859893798828,1041891.125,1.8948235511779785,0.4626447260379791,25165824,89300640,357202560,464974240,1242724051,12176751173,/home/gglab/votruja6_diplomka/Diplodocus/experiments/runs/PowerPlant/cam2/ploc_emc1/repeat_03/stats.json
PowerPlant,cam2,4,ploc_emc1,gpu,1024,768,32,2,8,46,25,32,4,16,123.66118621826172,72.133328,15.322613,0.060931,10.52922,0.3746,0.449138,27.607532,0.566721,0.0,65.866408,25402297,12701148,12701149,87.86859893798828,1041891.125,2.0805766582489014,0.46054792404174805,25165824,89300640,357202560,464974240,1242759272,12176867115,/home/gglab/votruja6_diplomka/Diplodocus/experiments/runs/PowerPlant/cam2/ploc_emc1/repeat_04/stats.json
PowerPlant,cam2,0,ploc_emc2,gpu,1024,768,32,2,8,42,25,32,4,16,120.84859466552734,71.021376,14.313164,0.07581,10.435311,0.373722,0.436457,25.68638,0.546948,0.0,63.111796,25402297,12701148,12701149,88.36119079589844,1041891.125,1.9596987962722778,0.47650426626205444,25165824,89300640,357202560,464974240,1245176771,12863254942,/home/gglab/votruja6_diplomka/Diplodocus/experiments/runs/PowerPlant/cam2/ploc_emc2/repeat_00/stats.json
PowerPlant,cam2,1,ploc_emc2,gpu,1024,768,32,2,8,43,25,32,4,16,121.70096588134766,71.542872,15.489765,0.088616,10.428611,0.373516,0.444262,25.62253,0.551926,0.0,63.497808,25402297,12701148,12701149,88.36119079589844,1041891.125,1.981460690498352,0.48813050985336304,25165824,89300640,357202560,464974240,1245152356,12863179789,/home/gglab/votruja6_diplomka/Diplodocus/experiments/runs/PowerPlant/cam2/ploc_emc2/repeat_01/stats.json
PowerPlant,cam2,2,ploc_emc2,gpu,1024,768,32,2,8,44,25,32,4,16,121.6893539428711,71.216408,15.009205,0.074395,10.03722,0.383407,0.44563,25.803378,0.567806,0.0,63.321288,25402297,12701148,12701149,88.36119079589844,1041891.125,1.9292752742767334,0.4726158082485199,25165824,89300640,357202560,464974240,1245088173,12862962974,/home/gglab/votruja6_diplomka/Diplodocus/experiments/runs/PowerPlant/cam2/ploc_emc2/repeat_02/stats.json
PowerPlant,cam2,3,ploc_emc2,gpu,1024,768,32,2,8,45,25,32,4,16,123.24053192138672,71.22924,14.667359,0.077633,10.524293,0.363816,0.43605,26.375104,0.533778,0.0,64.064928,25402297,12701148,12701149,88.36119079589844,1041891.125,1.9276567697525024,0.4726729393005371,25165824,89300640,357202560,464974240,1245211188,12863170572,/home/gglab/votruja6_diplomka/Diplodocus/experiments/runs/PowerPlant/cam2/ploc_emc2/repeat_03/stats.json
PowerPlant,cam2,4,ploc_emc2,gpu,1024,768,32,2,8,46,25,32,4,16,121.68928527832031,71.123888,13.92658,0.064844,10.445691,0.390448,0.443116,25.999566,0.580718,0.0,63.952888,25402297,12701148,12701149,88.36119079589844,1041891.125,1.8875209093093872,0.4691997766494751,25165824,89300640,357202560,464974240,1245215719,12863265113,/home/gglab/votruja6_diplomka/Diplodocus/experiments/runs/PowerPlant/cam2/ploc_emc2/repeat_04/stats.json
PowerPlant,cam2,0,ploc_sobb,gpu,1024,768,32,2,8,42,25,32,4,16,272.7188720703125,72.823472,24.913208,0.074756,10.433557,0.377973,0.428218,25.875564,0.537956,11.195253,65.213728,25402297,12701148,12701149,84.42613220214844,1141118.875,2.3703722953796387,0.6134804487228394,25165824,89300640,357202560,464974240,1233293400,11179480716,/home/gglab/votruja6_diplomka/Diplodocus/experiments/runs/PowerPlant/cam2/ploc_sobb/repeat_00/stats.json
PowerPlant,cam2,1,ploc_sobb,gpu,1024,768,32,2,8,43,25,32,4,16,275.46337890625,76.9784,23.709408,0.064924,10.891179,0.381972,0.43146,26.738434,0.555309,9.918285,68.04456,25402297,12701148,12701149,84.42613220214844,1141118.875,2.4321787357330322,0.6039273142814636,25165824,89300640,357202560,464974240,1233330015,11179628220,/home/gglab/votruja6_diplomka/Diplodocus/experiments/runs/PowerPlant/cam2/ploc_sobb/repeat_01/stats.json
PowerPlant,cam2,2,ploc_sobb,gpu,1024,768,32,2,8,44,25,32,4,16,280.6314697265625,71.131768,30.06284,0.07624,9.805413,0.607294,0.533009,28.144534,1.696967,12.357301,66.384488,25402297,12701148,12701149,84.42613220214844,1141118.875,2.3433268070220947,0.6160752177238464,25165824,89300640,357202560,464974240,1233308351,11179619712,/home/gglab/votruja6_diplomka/Diplodocus/experiments/runs/PowerPlant/cam2/ploc_sobb/repeat_02/stats.json
PowerPlant,cam2,3,ploc_sobb,gpu,1024,768,32,2,8,45,25,32,4,16,275.99041748046875,73.701224,26.613016,0.071028,10.505171,0.545159,0.616033,27.660608,1.016719,10.080734,68.39888,25402297,12701148,12701149,84.42613220214844,1141118.875,1.6036804914474487,0.6182385087013245,25165824,89300640,357202560,464974240,1233277566,11179506690,/home/gglab/votruja6_diplomka/Diplodocus/experiments/runs/PowerPlant/cam2/ploc_sobb/repeat_03/stats.json
PowerPlant,cam2,4,ploc_sobb,gpu,1024,768,32,2,8,46,25,32,4,16,267.4394226074219,72.756792,22.698204,0.067448,10.386307,0.378228,0.427622,25.557272,0.552547,9.193222,64.913072,25402297,12701148,12701149,84.42613220214844,1141118.875,2.3359181880950928,0.6163852214813232,25165824,89300640,357202560,464974240,1233319275,11179710160,/home/gglab/votruja6_diplomka/Diplodocus/experiments/runs/PowerPlant/cam2/ploc_sobb/repeat_04/stats.json
PowerPlant,cam2,0,ploc_emc1_sobb,gpu,1024,768,32,2,8,42,25,32,4,16,275.919677734375,74.058088,26.537768,0.079414,10.651767,0.376301,0.414585,27.298438,0.555702,11.84133,67.367064,25402297,12701148,12701149,84.71268463134766,1141118.875,2.328141450881958,0.5853812098503113,25165824,89300640,357202560,464974240,1010344448,11825539755,/home/gglab/votruja6_diplomka/Diplodocus/experiments/runs/PowerPlant/cam2/ploc_emc1_sobb/repeat_00/stats.json
PowerPlant,cam2,1,ploc_emc1_sobb,gpu,1024,768,32,2,8,43,25,32,4,16,269.39642333984375,73.082864,24.852314,0.083937,10.330923,0.393173,0.455116,25.851188,0.583101,9.594926,65.653048,25402297,12701148,12701149,84.71268463134766,1141118.875,2.284410238265991,0.5848656296730042,25165824,89300640,357202560,464974240,1010393296,11825647371,/home/gglab/votruja6_diplomka/Diplodocus/experiments/runs/PowerPlant/cam2/ploc_emc1_sobb/repeat_01/stats.json
PowerPlant,cam2,2,ploc_emc1_sobb,gpu,1024,768,32,2,8,44,25,32,4,16,276.2608337402344,77.897488,24.516592,0.092707,10.837509,0.377363,0.435875,26.54983,0.550333,9.904617,68.62584,25402297,12701148,12701149,84.71268463134766,1141118.875,2.310931444168091,0.5785341858863831,25165824,89300640,357202560,464974240,1010358154,11825458908,/home/gglab/votruja6_diplomka/Diplodocus/experiments/runs/PowerPlant/cam2/ploc_emc1_sobb/repeat_02/stats.json
PowerPlant,cam2,3,ploc_emc1_sobb,gpu,1024,768,32,2,8,45,25,32,4,16,269.57318115234375,73.216808,25.052162,0.064968,10.477653,0.376653,0.441626,26.008748,0.544223,10.573601,65.794,25402297,12701148,12701149,84.71268463134766,1141118.875,2.273952007293701,0.5792924761772156,25165824,89300640,357202560,464974240,1010345890,11825511638,/home/gglab/votruja6_diplomka/Diplodocus/experiments/runs/PowerPlant/cam2/ploc_emc1_sobb/repeat_03/stats.json
PowerPlant,cam2,4,ploc_emc1_sobb,gpu,1024,768,32,2,8,46,25,32,4,16,270.19622802734375,73.824104,24.513464,0.105403,9.998557,0.406489,0.466294,26.144408,0.610787,9.076947,66.044984,25402297,12701148,12701149,84.71268463134766,1141118.875,2.331512451171875,0.5867162942886353,25165824,89300640,357202560,464974240,1010340812,11825541104,/home/gglab/votruja6_diplomka/Diplodocus/experiments/runs/PowerPlant/cam2/ploc_emc1_sobb/repeat_04/stats.json
PowerPlant,cam2,0,ploc_emc2_sobb,gpu,1024,768,32,2,8,42,25,32,4,16,272.0407409667969,73.948872,24.80652,0.095271,10.637769,0.372547,0.396064,26.779224,0.59245,9.009629,67.246048,25402297,12701148,12701149,85.39495849609375,1141118.875,2.4322197437286377,0.5996707081794739,25165824,89300640,357202560,464974240,1019664222,12541503598,/home/gglab/votruja6_diplomka/Diplodocus/experiments/runs/PowerPlant/cam2/ploc_emc2_sobb/repeat_00/stats.json
PowerPlant,cam2,1,ploc_emc2_sobb,gpu,1024,768,32,2,8,43,25,32,4,16,275.6605224609375,77.403328,23.92492,0.103013,10.879808,0.387275,0.470048,26.903454,0.635915,8.950987,69.061888,25402297,12701148,12701149,85.39495849609375,1141118.875,2.440014123916626,0.6087428331375122,25165824,89300640,357202560,464974240,1019688234,12541526389,/home/gglab/votruja6_diplomka/Diplodocus/experiments/runs/PowerPlant/cam2/ploc_emc2_sobb/repeat_01/stats.json
PowerPlant,cam2,2,ploc_emc2_sobb,gpu,1024,768,32,2,8,44,25,32,4,16,319.104736328125,73.339472,24.567544,0.084115,10.316787,0.389094,0.454702,26.753112,0.574599,7.639439,66.98178,25402297,12701148,12701149,85.39495849609375,1141118.875,2.3656351566314697,0.5945199728012085,25165824,89300640,357202560,464974240,1019698004,12541459370,/home/gglab/votruja6_diplomka/Diplodocus/experiments/runs/PowerPlant/cam2/ploc_emc2_sobb/repeat_02/stats.json
PowerPlant,cam2,3,ploc_emc2_sobb,gpu,1024,768,32,2,8,45,25,32,4,16,274.9999694824219,73.794208,26.187224,0.121332,10.256885,0.57847,0.553317,27.53684,0.860821,9.852197,68.069872,25402297,12701148,12701149,85.39495849609375,1141118.875,2.533418893814087,0.5940981507301331,25165824,89300640,357202560,464974240,1019683519,12541410366,/home/gglab/votruja6_diplomka/Diplodocus/experiments/runs/PowerPlant/cam2/ploc_emc2_sobb/repeat_03/stats.json
PowerPlant,cam2,4,ploc_emc2_sobb,gpu,1024,768,32,2,8,46,25,32,4,16,278.5397033691406,73.701696,24.215064,0.09431,10.678942,0.408576,0.429692,28.794412,0.652658,8.984972,69.002056,25402297,12701148,12701149,85.39495849609375,1141118.875,2.374415636062622,0.6087775826454163,25165824,89300640,357202560,464974240,1019677990,12541472400,/home/gglab/votruja6_diplomka/Diplodocus/experiments/runs/PowerPlant/cam2/ploc_emc2_sobb/repeat_04/stats.json
Rungholt,cam0,0,ploc,gpu,1024,768,32,2,8,42,25,32,4,16,56.414222717285156,33.692756,7.987563,0.060157,4.923581,0.169585,0.206689,10.509073,0.245705,0.0,28.409148,11630891,5815445,5815446,162.11241149902344,477048.28125,0.8786506056785583,0.12140598148107529,25165824,1729225,60766056,87660100,199449994,3531407641,/home/gglab/votruja6_diplomka/Diplodocus/experiments/runs/Rungholt/cam0/ploc/repeat_00/stats.json
Rungholt,cam0,1,ploc,gpu,1024,768,32,2,8,43,25,32,4,16,55.95280075073242,34.345032,7.095002,0.079401,4.960448,0.178434,0.194899,10.32493,0.254737,0.0,28.21057,11630891,5815445,5815446,162.11241149902344,477048.28125,0.8229471445083618,0.12238729745149612,25165824,1729195,60765912,87659921,199452384,3531497679,/home/gglab/votruja6_diplomka/Diplodocus/experiments/runs/Rungholt/cam0/ploc/repeat_01/stats.json
Rungholt,cam0,2,ploc,gpu,1024,768,32,2,8,44,25,32,4,16,64.8072738647461,34.353384,11.732912,0.076311,4.963935,0.206688,0.236318,12.691365,1.504672,0.0,32.214486,11630891,5815445,5815446,162.11241149902344,477048.28125,0.8361409306526184,0.12189598381519318,25165824,1729183,60765844,87659839,199459299,3531522589,/home/gglab/votruja6_diplomka/Diplodocus/experiments/runs/Rungholt/cam0/ploc/repeat_02/stats.json
Rungholt,cam0,3,ploc,gpu,1024,768,32,2,8,45,25,32,4,16,56.040313720703125,33.706952,7.368561,0.052316,4.98258,0.171332,0.194268,10.240409,0.250531,0.0,28.227548,11630891,5815445,5815446,162.11241149902344,477048.28125,0.8343426585197449,0.12252338975667953,25165824,1729124,60765620,87659559,199453516,3531414736,/home/gglab/votruja6_diplomka/Diplodocus/experiments/runs/Rungholt/cam0/ploc/repeat_03/stats.json
Rungholt,cam0,4,ploc,gpu,1024,768,32,2,8,46,25,32,4,16,55.504024505615234,33.302786,6.999225,0.056107,4.957517,0.174565,0.203796,10.37292,0.262399,0.0,27.707096,11630891,5815445,5815446,162.11241149902344,477048.28125,0.8545486927032471,0.12305321544408798,25165824,1729214,60765980,87660009,199451873,3531493571,/home/gglab/votruja6_diplomka/Diplodocus/experiments/runs/Rungholt/cam0/ploc/repeat_04/stats.json
Rungholt,cam0,0,ploc_emc1,gpu,1024,768,32,2,8,42,25,32,4,16,59.43095779418945,33.724788,9.152562,0.08958,4.88065,0.218257,0.404812,11.343609,0.337503,0.0,29.154802,11630891,5815445,5815446,160.64422607421875,477048.28125,0.8345339298248291,0.1253928244113922,25165824,1729225,60766056,87660100,201445921,3614269306,/home/gglab/votruja6_diplomka/Diplodocus/experiments/runs/Rungholt/cam0/ploc_emc1/repeat_00/stats.json
Rungholt,cam0,1,ploc_emc1,gpu,1024,768,32,2,8,43,25,32,4,16,55.795127868652344,33.695124,7.335076,0.061617,4.915463,0.184705,0.213111,10.40806,0.265025,0.0,28.237856,11630891,5815445,5815446,160.64422607421875,477048.28125,0.8430925607681274,0.1265125572681427,25165824,1729195,60765912,87659921,201447813,3614343268,/home/gglab/votruja6_diplomka/Diplodocus/experiments/runs/Rungholt/cam0/ploc_emc1/repeat_01/stats.json
Rungholt,cam0,2,ploc_emc1,gpu,1024,768,32,2,8,44,25,32,4,16,59.54684066772461,33.940544,8.721651,0.059627,4.996269,0.183278,0.206283,11.525113,0.256623,0.0,29.533888,11630891,5815445,5815446,160.64422607421875,477048.28125,0.8312094211578369,0.12437339872121811,25165824,1729183,60765844,87659839,201451252,3614345000,/home/gglab/votruja6_diplomka/Diplodocus/experiments/runs/Rungholt/cam0/ploc_emc1/repeat_02/stats.json
Rungholt,cam0,3,ploc_emc1,gpu,1024,768,32,2,8,45,25,32,4,16,64.40242767333984,32.553638,11.26758,0.048238,5.656688,0.192501,0.212326,12.938611,1.544512,0.0,30.622872,11630891,5815445,5815446,160.64422607421875,477048.28125,0.8582200407981873,0.125664621591568,25165824,1729124,60765620,87659559,201449102,3614243438,/home/gglab/votruja6_diplomka/Diplodocus/experiments/runs/Rungholt/cam0/ploc_emc1/repeat_03/stats.json
Rungholt,cam0,4,ploc_emc1,gpu,1024,768,32,2,8,46,25,32,4,16,57.41286849975586,33.982636,8.251096,0.047384,5.03348,0.178662,0.20298,11.053372,0.263948,0.0,29.139712,11630891,5815445,5815446,160.64422607421875,477048.28125,0.8387290239334106,0.12453732639551163,25165824,1729214,60765980,87660009,201449005,3614283440,/home/gglab/votruja6_diplomka/Diplodocus/experiments/runs/Rungholt/cam0/ploc_emc1/repeat_04/stats.json
Rungholt,cam0,0,ploc_emc2,gpu,1024,768,32,2,8,42,25,32,4,16,64.56660461425781,33.898764,11.747609,0.082572,5.002373,0.204856,0.223058,13.282709,1.510086,0.0,32.579964,11630891,5815445,5815446,162.26486206054688,477048.28125,0.814497172832489,0.11742770671844482,25165824,1729225,60766056,87660100,198054326,3638188361,/home/gglab/votruja6_diplomka/Diplodocus/experiments/runs/Rungholt/cam0/ploc_emc2/repeat_00/stats.json
Rungholt,cam0,1,ploc_emc2,gpu,1024,768,32,2,8,43,25,32,4,16,57.34702682495117,33.325884,8.196653,0.058665,4.903196,0.192238,0.19718,10.971522,0.268075,0.0,28.317544,11630891,5815445,5815446,162.26486206054688,477048.28125,0.8149921298027039,0.1177101880311966,25165824,1729195,60765912,87659921,198057479,3638229652,/home/gglab/votruja6_diplomka/Diplodocus/experiments/runs/Rungholt/cam0/ploc_emc2/repeat_01/stats.json
Rungholt,cam0,2,ploc_emc2,gpu,1024,768,32,2,8,44,25,32,4,16,57.98682403564453,34.32956,8.60306,0.080593,5.474566,0.246065,0.226642,10.298882,0.268767,0.0,28.533742,11630891,5815445,5815446,162.26486206054688,477048.28125,0.8286898136138916,0.11705233156681061,25165824,1729183,60765844,87659839,198060096,3638282358,/home/gglab/votruja6_diplomka/Diplodocus/experiments/runs/Rungholt/cam0/ploc_emc2/repeat_02/stats.json
Rungholt,cam0,3,ploc_emc2,gpu,1024,768,32,2,8,45,25,32,4,16,56.61708068847656,33.96572,7.637629,0.132336,4.78097,0.181105,0.213041,10.47064,0.25745,0.0,28.398488,11630891,5815445,5815446,162.26486206054688,477048.28125,0.8229688405990601,0.1181754320859909,25165824,1729124,60765620,87659559,198054643,3638150268,/home/gglab/votruja6_diplomka/Diplodocus/experiments/runs/Rungholt/cam0/ploc_emc2/repeat_03/stats.json
Rungholt,cam0,4,ploc_emc2,gpu,1024,768,32,2,8,46,25,32,4,16,56.74210739135742,33.894488,7.94578,0.08396,4.813887,0.198908,0.262984,10.633828,0.283029,0.0,28.379086,11630891,5815445,5815446,162.26486206054688,477048.28125,0.827136218547821,0.11718324571847916,25165824,1729214,60765980,87660009,198054087,3638236776,/home/gglab/votruja6_diplomka/Diplodocus/experiments/runs/Rungholt/cam0/ploc_emc2/repeat_04/stats.json
Rungholt,cam0,0,ploc_sobb,gpu,1024,768,32,2,8,42,25,32,4,16,119.7448501586914,34.103676,11.592373,0.054136,4.965247,0.170032,0.22231,10.197219,0.261943,4.780049,28.494804,11630891,5815445,5815446,240.0121307373047,522481.4375,0.9834256172180176,0.1808737814426422,25165824,1729225,60766056,87660100,178896999,3476981913,/home/gglab/votruja6_diplomka/Diplodocus/experiments/runs/Rungholt/cam0/ploc_sobb/repeat_00/stats.json
Rungholt,cam0,1,ploc_sobb,gpu,1024,768,32,2,8,43,25,32,4,16,124.52981567382812,35.49478,13.88568,0.073907,4.403976,0.223098,0.214004,10.468877,0.306967,4.862391,29.010372,11630891,5815445,5815446,240.0121307373047,522481.4375,1.022959589958191,0.18115080893039703,25165824,1729195,60765912,87659921,178901573,3477071743,/home/gglab/votruja6_diplomka/Diplodocus/experiments/runs/Rungholt/cam0/ploc_sobb/repeat_01/stats.json
Rungholt,cam0,2,ploc_sobb,gpu,1024,768,32,2,8,44,25,32,4,16,122.43083953857422,34.799364,12.10814,0.059413,5.009868,0.177874,0.1963,11.008785,0.261129,4.453119,29.998752,11630891,5815445,5815446,240.0121307373047,522481.4375,0.9645851254463196,0.18006770312786102,25165824,1729183,60765844,87659839,178905142,3477099739,/home/gglab/votruja6_diplomka/Diplodocus/experiments/runs/Rungholt/cam0/ploc_sobb/repeat_02/stats.json
Rungholt,cam0,3,ploc_sobb,gpu,1024,768,32,2,8,45,25,32,4,16,121.88037109375,35.089904,11.66034,0.078005,4.967134,0.175311,0.208364,10.670812,0.252786,4.115587,29.666532,11630891,5815445,5815446,240.0121307373047,522481.4375,0.18420639634132385,0.18078573048114777,25165824,1729124,60765620,87659559,178898027,3476985287,/home/gglab/votruja6_diplomka/Diplodocus/experiments/runs/Rungholt/cam0/ploc_sobb/repeat_03/stats.json
Rungholt,cam0,4,ploc_sobb,gpu,1024,768,32,2,8,46,25,32,4,16,122.2313232421875,34.627668,11.729135,0.060896,4.899382,0.179809,0.196362,10.584372,0.27297,4.246984,28.195804,11630891,5815445,5815446,240.0121307373047,522481.4375,1.0228021144866943,0.1811286062002182,25165824,1729214,60765980,87660009,178899970,3477072479,/home/gglab/votruja6_diplomka/Diplodocus/experiments/runs/Rungholt/cam0/ploc_sobb/repeat_04/stats.json
Rungholt,cam0,0,ploc_emc1_sobb,gpu,1024,768,32,2,8,42,25,32,4,16,121.16229248046875,34.238504,12.320498,0.051909,4.993464,0.179027,0.215306,10.301679,0.255257,4.862944,28.822152,11630891,5815445,5815446,237.94862365722656,522481.4375,0.9780332446098328,0.18330496549606323,25165824,1729225,60766056,87660100,180355365,3562009424,/home/gglab/votruja6_diplomka/Diplodocus/experiments/runs/Rungholt/cam0/ploc_emc1_sobb/repeat_00/stats.json
Rungholt,cam0,1,ploc_emc1_sobb,gpu,1024,768,32,2,8,43,25,32,4,16,122.17821502685547,34.640692,11.910128,0.067231,4.985289,0.197452,0.221294,10.764209,0.275915,4.172437,29.868556,11630891,5815445,5815446,237.94862365722656,522481.4375,0.9706367254257202,0.18252228200435638,25165824,1729195,60765912,87659921,180358146,3562075298,/home/gglab/votruja6_diplomka/Diplodocus/experiments/runs/Rungholt/cam0/ploc_emc1_sobb/repeat_01/stats.json
Rungholt,cam0,2,ploc_emc1_sobb,gpu,1024,768,32,2,8,44,25,32,4,16,119.92498779296875,33.91284,11.526627,0.053522,4.986386,0.180156,0.212754,10.348753,0.264187,4.60197,28.675396,11630891,5815445,5815446,237.94862365722656,522481.4375,0.9919416308403015,0.18525750935077667,25165824,1729183,60765844,87659839,180360146,3562079633,/home/gglab/votruja6_diplomka/Diplodocus/experiments/runs/Rungholt/cam0/ploc_emc1_sobb/repeat_02/stats.json
Rungholt,cam0,3,ploc_emc1_sobb,gpu,1024,768,32,2,8,45,25,32,4,16,121.5509033203125,34.08186,10.953755,0.055232,4.899038,0.185086,0.195592,10.873514,0.399803,3.278785,29.713338,11630891,5815445,5815446,237.94862365722656,522481.4375,0.9560150504112244,0.1823740005493164,25165824,1729124,60765620,87659559,180356607,3561976945,/home/gglab/votruja6_diplomka/Diplodocus/experiments/runs/Rungholt/cam0/ploc_emc1_sobb/repeat_03/stats.json
Rungholt,cam0,4,ploc_emc1_sobb,gpu,1024,768,32,2,8,46,25,32,4,16,120.77861022949219,34.498248,11.654102,0.047207,4.916202,0.179245,0.209341,10.417475,0.259435,4.863196,29.44007,11630891,5815445,5815446,237.94862365722656,522481.4375,0.9651951193809509,0.1837623119354248,25165824,1729214,60765980,87660009,180357011,3562019477,/home/gglab/votruja6_diplomka/Diplodocus/experiments/runs/Rungholt/cam0/ploc_emc1_sobb/repeat_04/stats.json
Rungholt,cam0,0,ploc_emc2_sobb,gpu,1024,768,32,2,8,42,25,32,4,16,121.58544921875,34.911384,12.336365,0.057995,4.980332,0.182912,0.221412,10.401193,0.263112,5.235901,29.105196,11630891,5815445,5815446,240.3934783935547,522481.4375,0.9614080786705017,0.1731870174407959,25165824,1729225,60766056,87660100,178183472,3572620437,/home/gglab/votruja6_diplomka/Diplodocus/experiments/runs/Rungholt/cam0/ploc_emc2_sobb/repeat_00/stats.json
Rungholt,cam0,1,ploc_emc2_sobb,gpu,1024,768,32,2,8,43,25,32,4,16,120.62789154052734,34.483568,11.451779,0.079687,4.879277,0.188821,0.21258,10.397577,0.279782,3.690685,29.461884,11630891,5815445,5815446,240.3934783935547,522481.4375,0.9592123627662659,0.1731376349925995,25165824,1729195,60765912,87659921,178188807,3572661104,/home/gglab/votruja6_diplomka/Diplodocus/experiments/runs/Rungholt/cam0/ploc_emc2_sobb/repeat_01/stats.json
Rungholt,cam0,2,ploc_emc2_sobb,gpu,1024,768,32,2,8,44,25,32,4,16,121.7169418334961,34.314248,11.673349,0.069361,4.900335,0.185032,0.219142,10.839257,0.27726,4.191828,29.495588,11630891,5815445,5815446,240.3934783935547,522481.4375,0.9973004460334778,0.1750849336385727,25165824,1729183,60765844,87659839,178190166,3572705120,/home/gglab/votruja6_diplomka/Diplodocus/experiments/runs/Rungholt/cam0/ploc_emc2_sobb/repeat_02/stats.json
Rungholt,cam0,3,ploc_emc2_sobb,gpu,1024,768,32,2,8,45,25,32,4,16,121.21842956542969,34.273664,10.529106,0.108686,4.571119,0.184359,0.199022,10.50555,0.282404,3.539485,29.091186,11630891,5815445,5815446,240.3934783935547,522481.4375,0.9814091920852661,0.17294277250766754,25165824,1729124,60765620,87659559,178184828,3572579878,/home/gglab/votruja6_diplomka/Diplodocus/experiments/runs/Rungholt/cam0/ploc_emc2_sobb/repeat_03/stats.json
Rungholt,cam0,4,ploc_emc2_sobb,gpu,1024,768,32,2,8,46,25,32,4,16,120.84192657470703,34.876392,11.572782,0.070286,4.896191,0.185871,0.219453,10.447068,0.272364,4.595999,29.503332,11630891,5815445,5815446,240.3934783935547,522481.4375,0.9844101071357727,0.17307226359844208,25165824,1729214,60765980,87660009,178183605,3572665561,/home/gglab/votruja6_diplomka/Diplodocus/experiments/runs/Rungholt/cam0/ploc_emc2_sobb/repeat_04/stats.json
Rungholt,cam1,0,ploc,gpu,1024,768,32,2,8,42,25,32,4,16,55.977203369140625,33.909816,7.394631,0.046992,5.001762,0.17164,0.192938,10.500963,0.246777,0.0,28.465528,11630891,5815445,5815446,162.11241149902344,477048.28125,1.0220872163772583,0.29827386140823364,25165824,1015922,101293336,127466146,394623517,6977212515,/home/gglab/votruja6_diplomka/Diplodocus/experiments/runs/Rungholt/cam1/ploc/repeat_00/stats.json
Rungholt,cam1,1,ploc,gpu,1024,768,32,2,8,43,25,32,4,16,56.68955612182617,33.877384,8.074906,0.070489,4.870239,0.175104,0.198253,10.595982,0.280235,0.0,28.421152,11630891,5815445,5815446,162.11241149902344,477048.28125,0.9865846037864685,0.2974931001663208,25165824,1016512,101295592,127468968,394627094,6977178353,/home/gglab/votruja6_diplomka/Diplodocus/experiments/runs/Rungholt/cam1/ploc/repeat_01/stats.json
Rungholt,cam1,2,ploc,gpu,1024,768,32,2,8,44,25,32,4,16,55.977420806884766,33.878772,7.095805,0.052855,5.364654,0.184744,0.197121,10.246499,0.2509,0.0,28.166388,11630891,5815445,5815446,162.11241149902344,477048.28125,0.9974650144577026,0.2960919737815857,25165824,1016312,101294780,127467950,394621867,6976985005,/home/gglab/votruja6_diplomka/Diplodocus/experiments/runs/Rungholt/cam1/ploc/repeat_02/stats.json
Rungholt,cam1,3,ploc,gpu,1024,768,32,2,8,45,25,32,4,16,55.46904754638672,33.433428,7.205857,0.061879,4.931329,0.174137,0.202364,10.223348,0.249106,0.0,27.833922,11630891,5815445,5815446,162.11241149902344,477048.28125,0.9888501763343811,0.29823052883148193,25165824,1016359,101294948,127468162,394626558,6976951231,/home/gglab/votruja6_diplomka/Diplodocus/experiments/runs/Rungholt/cam1/ploc/repeat_03/stats.json
Rungholt,cam1,4,ploc,gpu,1024,768,32,2,8,46,25,32,4,16,56.75000762939453,33.6643,7.79741,0.052627,4.925213,0.251035,0.343837,10.60859,0.456428,0.0,28.822712,11630891,5815445,5815446,162.11241149902344,477048.28125,0.9800747036933899,0.29620814323425293,25165824,1016291,101294768,127467934,394606185,6976983163,/home/gglab/votruja6_diplomka/Diplodocus/experiments/runs/Rungholt/cam1/ploc/repeat_04/stats.json
Rungholt,cam1,0,ploc_emc1,gpu,1024,768,32,2,8,42,25,32,4,16,56.064537048339844,33.802956,7.607669,0.066351,4.969732,0.186073,0.208257,10.630309,0.258436,0.0,28.581736,11630891,5815445,5815446,160.64422607421875,477048.28125,1.0030975341796875,0.2996082901954651,25165824,1015954,101293464,127466306,392801844,7033970873,/home/gglab/votruja6_diplomka/Diplodocus/experiments/runs/Rungholt/cam1/ploc_emc1/repeat_00/stats.json
Rungholt,cam1,1,ploc_emc1,gpu,1024,768,32,2,8,43,25,32,4,16,55.873783111572266,33.330192,7.236105,0.056176,5.01544,0.178314,0.210629,10.199308,0.257746,0.0,27.536354,11630891,5815445,5815446,160.64422607421875,477048.28125,0.9871197938919067,0.2974182963371277,25165824,1016544,101295720,127469128,392802714,7033942790,/home/gglab/votruja6_diplomka/Diplodocus/experiments/runs/Rungholt/cam1/ploc_emc1/repeat_01/stats.json
Rungholt,cam1,2,ploc_emc1,gpu,1024,768,32,2,8,44,25,32,4,16,58.66631317138672,35.537428,7.64288,0.082562,4.859525,0.194703,0.223038,11.073652,0.32659,0.0,28.923212,11630891,5815445,5815446,160.64422607421875,477048.28125,0.98637855052948,0.2974434494972229,25165824,1016344,101294908,127468110,392801708,7033645295,/home/gglab/votruja6_diplomka/Diplodocus/experiments/runs/Rungholt/cam1/ploc_emc1/repeat_02/stats.json
Rungholt,cam1,3,ploc_emc1,gpu,1024,768,32,2,8,45,25,32,4,16,55.632293701171875,33.362852,7.342898,0.06988,4.883673,0.196574,0.231536,10.293661,0.280686,0.0,27.837658,11630891,5815445,5815446,160.64422607421875,477048.28125,1.043077826499939,0.29752957820892334,25165824,1016391,101295076,127468322,392807448,7033741656,/home/gglab/votruja6_diplomka/Diplodocus/experiments/runs/Rungholt/cam1/ploc_emc1/repeat_03/stats.json
Rungholt,cam1,4,ploc_emc1,gpu,1024,768,32,2,8,46,25,32,4,16,56.755924224853516,34.098164,8.019734,0.092866,4.94555,0.179245,0.208253,10.584699,0.253544,0.0,28.54872,11630891,5815445,5815446,160.64422607421875,477048.28125,1.0011736154556274,0.2979055643081665,25165824,1016323,101294896,127468094,392794980,7033776821,/home/gglab/votruja6_diplomka/Diplodocus/experiments/runs/Rungholt/cam1/ploc_emc1/repeat_04/stats.json
Rungholt,cam1,0,ploc_emc2,gpu,1024,768,32,2,8,42,25,32,4,16,56.40004348754883,33.800528,7.405007,0.077998,4.856842,0.18387,0.206785,10.5284,0.285138,0.0,28.045258,11630891,5815445,5815446,162.26486206054688,477048.28125,0.9920161962509155,0.2920842170715332,25165824,1015954,101293464,127466306,393699539,6944640482,/home/gglab/votruja6_diplomka/Diplodocus/experiments/runs/Rungholt/cam1/ploc_emc2/repeat_00/stats.json
Rungholt,cam1,1,ploc_emc2,gpu,1024,768,32,2,8,43,25,32,4,16,57.83717346191406,33.935968,8.445992,0.081856,4.876368,0.186528,0.220611,11.157374,0.490202,0.0,29.265624,11630891,5815445,5815446,162.26486206054688,477048.28125,0.985853374004364,0.290785014629364,25165824,1016544,101295720,127469128,393692224,6944541465,/home/gglab/votruja6_diplomka/Diplodocus/experiments/runs/Rungholt/cam1/ploc_emc2/repeat_01/stats.json
Rungholt,cam1,2,ploc_emc2,gpu,1024,768,32,2,8,44,25,32,4,16,59.85675048828125,33.315804,9.001177,0.078589,4.970502,0.185142,0.219245,11.414625,0.265385,0.0,28.8113,11630891,5815445,5815446,162.26486206054688,477048.28125,0.9957305788993835,0.29101812839508057,25165824,1016344,101294908,127468110,393692789,6944389474,/home/gglab/votruja6_diplomka/Diplodocus/experiments/runs/Rungholt/cam1/ploc_emc2/repeat_02/stats.json
Rungholt,cam1,3,ploc_emc2,gpu,1024,768,32,2,8,45,25,32,4,16,56.63875961303711,33.486368,8.052947,0.089602,4.824564,0.187229,0.211115,10.874671,0.279617,0.0,28.344488,11630891,5815445,5815446,162.26486206054688,477048.28125,1.082105278968811,0.28980159759521484,25165824,1016391,101295076,127468322,393694398,6944352966,/home/gglab/votruja6_diplomka/Diplodocus/experiments/runs/Rungholt/cam1/ploc_emc2/repeat_03/stats.json
Rungholt,cam1,4,ploc_emc2,gpu,1024,768,32,2,8,46,25,32,4,16,56.022029876708984,33.426536,7.573699,0.081032,4.94276,0.193148,0.227881,10.442397,0.317538,0.0,28.021748,11630891,5815445,5815446,162.26486206054688,477048.28125,1.0054529905319214,0.29027259349823,25165824,1016323,101294896,127468094,393678030,6944435428,/home/gglab/votruja6_diplomka/Diplodocus/experiments/runs/Rungholt/cam1/ploc_emc2/repeat_04/stats.json
Rungholt,cam1,0,ploc_sobb,gpu,1024,768,32,2,8,42,25,32,4,16,122.79828643798828,34.322404,13.269488,0.052353,5.035259,0.171376,0.20655,11.428533,0.252122,3.428077,30.279334,11630891,5815445,5815446,240.0121307373047,522481.4375,1.2304648160934448,0.42662328481674194,25165824,1015922,101293336,127466146,341492164,6863821335,/home/gglab/votruja6_diplomka/Diplodocus/experiments/runs/Rungholt/cam1/ploc_sobb/repeat_00/stats.json
Rungholt,cam1,1,ploc_sobb,gpu,1024,768,32,2,8,43,25,32,4,16,130.11444091796875,34.124372,15.415344,0.062209,4.956783,0.188885,0.205285,13.547044,1.446749,4.334891,32.896064,11630891,5815445,5815446,240.0121307373047,522481.4375,1.210118055343628,0.42945218086242676,25165824,1016512,101295592,127468968,341495024,6863789279,/home/gglab/votruja6_diplomka/Diplodocus/experiments/runs/Rungholt/cam1/ploc_sobb/repeat_01/stats.json
Rungholt,cam1,2,ploc_sobb,gpu,1024,768,32,2,8,44,25,32,4,16,126.62279510498047,33.279136,13.759187,0.062629,4.983591,0.184266,0.208395,12.29344,1.01953,4.162151,30.637484,11630891,5815445,5815446,240.0121307373047,522481.4375,1.2509233951568604,0.43029844760894775,25165824,1016312,101294780,127467950,341479926,6863589196,/home/gglab/votruja6_diplomka/Diplodocus/experiments/runs/Rungholt/cam1/ploc_sobb/repeat_02/stats.json
Rungholt,cam1,3,ploc_sobb,gpu,1024,768,32,2,8,45,25,32,4,16,121.41690063476562,33.983856,11.379059,0.054429,4.930869,0.179692,0.231422,10.803061,0.263184,4.128362,28.961112,11630891,5815445,5815446,240.0121307373047,522481.4375,1.2454878091812134,0.4290698766708374,25165824,1016359,101294948,127468162,341492454,6863578292,/home/gglab/votruja6_diplomka/Diplodocus/experiments/runs/Rungholt/cam1/ploc_sobb/repeat_03/stats.json
Rungholt,cam1,4,ploc_sobb,gpu,1024,768,32,2,8,46,25,32,4,16,123.99649047851562,35.24428,11.977259,0.087425,4.89388,0.175075,0.19594,10.456762,0.250444,4.409376,29.0383,11630891,5815445,5815446,240.0121307373047,522481.4375,1.2423646450042725,0.4286779463291168,25165824,1016291,101294768,127467934,341474373,6863596918,/home/gglab/votruja6_diplomka/Diplodocus/experiments/runs/Rungholt/cam1/ploc_sobb/repeat_04/stats.json
Rungholt,cam1,0,ploc_emc1_sobb,gpu,1024,768,32,2,8,42,25,32,4,16,122.16931915283203,34.826544,11.683893,0.064249,4.933041,0.188401,0.208451,10.357101,0.285659,4.407559,29.425984,11630891,5815445,5815446,237.94862365722656,522481.4375,1.2266662120819092,0.4296763241291046,25165824,1015954,101293464,127466306,340488316,6912268436,/home/gglab/votruja6_diplomka/Diplodocus/experiments/runs/Rungholt/cam1/ploc_emc1_sobb/repeat_00/stats.json
Rungholt,cam1,1,ploc_emc1_sobb,gpu,1024,768,32,2,8,43,25,32,4,16,123.93353271484375,33.959112,11.614697,0.133227,4.518759,0.179642,0.199983,10.892773,0.271973,4.340402,28.800308,11630891,5815445,5815446,237.94862365722656,522481.4375,1.21690833568573,0.42934486269950867,25165824,1016544,101295720,127469128,340492646,6912237663,/home/gglab/votruja6_diplomka/Diplodocus/experiments/runs/Rungholt/cam1/ploc_emc1_sobb/repeat_01/stats.json
Rungholt,cam1,2,ploc_emc1_sobb,gpu,1024,768,32,2,8,44,25,32,4,16,124.01473236083984,34.249668,13.257206,0.066377,4.93073,0.180991,0.20221,11.673199,0.285695,4.574037,30.046942,11630891,5815445,5815446,237.94862365722656,522481.4375,1.221845030784607,0.42576169967651367,25165824,1016344,101294908,127468110,340485514,6911945194,/home/gglab/votruja6_diplomka/Diplodocus/experiments/runs/Rungholt/cam1/ploc_emc1_sobb/repeat_02/stats.json
Rungholt,cam1,3,ploc_emc1_sobb,gpu,1024,768,32,2,8,45,25,32,4,16,127.30281829833984,34.678792,13.699626,0.057007,4.910409,0.212936,0.21266,13.65019,0.288227,4.509936,32.702324,11630891,5815445,5815446,237.94862365722656,522481.4375,1.2565406560897827,0.4290197789669037,25165824,1016391,101295076,127468322,340488381,6912060791,/home/gglab/votruja6_diplomka/Diplodocus/experiments/runs/Rungholt/cam1/ploc_emc1_sobb/repeat_03/stats.json
Rungholt,cam1,4,ploc_emc1_sobb,gpu,1024,768,32,2,8,46,25,32,4,16,125.6515121459961,34.529128,14.798495,0.045017,4.965262,0.187522,0.216699,12.216199,1.050352,4.324099,31.979842,11630891,5815445,5815446,237.94862365722656,522481.4375,1.2434834241867065,0.4269822835922241,25165824,1016323,101294896,127468094,340476447,6912058664,/home/gglab/votruja6_diplomka/Diplodocus/experiments/runs/Rungholt/cam1/ploc_emc1_sobb/repeat_04/stats.json
Rungholt,cam1,0,ploc_emc2_sobb,gpu,1024,768,32,2,8,42,25,32,4,16,124.3555679321289,36.1242,11.931573,0.108053,4.626337,0.185036,0.222693,11.059241,0.280291,4.122108,29.855962,11630891,5815445,5815446,240.3934783935547,522481.4375,1.20638906955719,0.4226663112640381,25165824,1015954,101293464,127466306,340568833,6828237656,/home/gglab/votruja6_diplomka/Diplodocus/experiments/runs/Rungholt/cam1/ploc_emc2_sobb/repeat_00/stats.json
Rungholt,cam1,1,ploc_emc2_sobb,gpu,1024,768,32,2,8,43,25,32,4,16,121.2138671875,34.65886,13.254728,0.090374,4.918787,0.18424,0.215295,10.411991,0.268008,6.167692,29.425328,11630891,5815445,5815446,240.3934783935547,522481.4375,1.198421835899353,0.42173606157302856,25165824,1016544,101295720,127469128,340571494,6828155286,/home/gglab/votruja6_diplomka/Diplodocus/experiments/runs/Rungholt/cam1/ploc_emc2_sobb/repeat_01/stats.json
Rungholt,cam1,2,ploc_emc2_sobb,gpu,1024,768,32,2,8,44,25,32,4,16,121.39769744873047,34.627136,13.735843,0.057055,4.988754,0.187227,0.220508,10.301616,0.278234,5.348486,29.393616,11630891,5815445,5815446,240.3934783935547,522481.4375,1.216984510421753,0.42003998160362244,25165824,1016344,101294908,127468110,340563546,6827992257,/home/gglab/votruja6_diplomka/Diplodocus/experiments/runs/Rungholt/cam1/ploc_emc2_sobb/repeat_02/stats.json
Rungholt,cam1,3,ploc_emc2_sobb,gpu,1024,768,32,2,8,45,25,32,4,16,124.59566497802734,34.816292,12.558417,0.091556,4.915976,0.201544,0.232166,11.446485,0.45248,4.18672,30.64532,11630891,5815445,5815446,240.3934783935547,522481.4375,1.2188899517059326,0.4194049835205078,25165824,1016391,101295076,127468322,340564470,6827970155,/home/gglab/votruja6_diplomka/Diplodocus/experiments/runs/Rungholt/cam1/ploc_emc2_sobb/repeat_03/stats.json
Rungholt,cam1,4,ploc_emc2_sobb,gpu,1024,768,32,2,8,46,25,32,4,16,122.56394958496094,34.868192,12.048462,0.078707,4.851993,0.179529,0.214356,11.419907,0.275685,4.552387,30.357488,11630891,5815445,5815446,240.3934783935547,522481.4375,0.4443894922733307,0.42383912205696106,25165824,1016323,101294896,127468094,340555807,6828034254,/home/gglab/votruja6_diplomka/Diplodocus/experiments/runs/Rungholt/cam1/ploc_emc2_sobb/repeat_04/stats.json
Rungholt,cam2,0,ploc,gpu,1024,768,32,2,8,42,25,32,4,16,54.76435470581055,33.608904,6.930307,0.068456,4.915831,0.175093,0.204141,10.237223,0.251349,0.0,28.10212,11630891,5815445,5815446,162.11241149902344,477048.28125,0.7972081899642944,0.11542382836341858,25165824,462213,70725024,96345455,229641008,5087191365,/home/gglab/votruja6_diplomka/Diplodocus/experiments/runs/Rungholt/cam2/ploc/repeat_00/stats.json
Rungholt,cam2,1,ploc,gpu,1024,768,32,2,8,43,25,32,4,16,55.66419219970703,34.086464,7.395201,0.052494,5.123298,0.181785,0.195562,10.588834,0.265751,0.0,29.043414,11630891,5815445,5815446,162.11241149902344,477048.28125,0.8018126487731934,0.11503394693136215,25165824,462221,70725068,96345514,229638827,5087184962,/home/gglab/votruja6_diplomka/Diplodocus/experiments/runs/Rungholt/cam2/ploc/repeat_01/stats.json
Rungholt,cam2,2,ploc,gpu,1024,768,32,2,8,44,25,32,4,16,57.232784271240234,34.848568,7.303223,0.116926,5.005711,0.171376,0.190854,10.416038,0.246402,0.0,27.859352,11630891,5815445,5815446,162.11241149902344,477048.28125,0.8101117014884949,0.11483993381261826,25165824,462345,70725492,96346046,229644773,5087193302,/home/gglab/votruja6_diplomka/Diplodocus/experiments/runs/Rungholt/cam2/ploc/repeat_02/stats.json
Rungholt,cam2,3,ploc,gpu,1024,768,32,2,8,45,25,32,4,16,55.88399887084961,33.712816,7.250938,0.052987,4.921311,0.176047,0.204654,10.21298,0.294314,0.0,28.146136,11630891,5815445,5815446,162.11241149902344,477048.28125,0.8050248622894287,0.11477203667163849,25165824,462348,70725584,96346159,229642654,5087207218,/home/gglab/votruja6_diplomka/Diplodocus/experiments/runs/Rungholt/cam2/ploc/repeat_03/stats.json
Rungholt,cam2,4,ploc,gpu,1024,768,32,2,8,46,25,32,4,16,56.03168869018555,33.727368,7.829868,0.059771,4.918877,0.176969,0.196585,10.309569,0.249077,0.0,28.205748,11630891,5815445,5815446,162.11241149902344,477048.28125,0.8140172362327576,0.11547088623046875,25165824,462396,70725756,96346372,229647518,5087157854,/home/gglab/votruja6_diplomka/Diplodocus/experiments/runs/Rungholt/cam2/ploc/repeat_04/stats.json
Rungholt,cam2,0,ploc_emc1,gpu,1024,768,32,2,8,42,25,32,4,16,56.528411865234375,33.425026,8.110983,0.072097,4.90449,0.178649,0.195468,10.650313,0.267032,0.0,28.294174,11630891,5815445,5815446,160.64422607421875,477048.28125,0.8214209675788879,0.11846783757209778,25165824,462213,70725024,96345455,232999493,5205689134,/home/gglab/votruja6_diplomka/Diplodocus/experiments/runs/Rungholt/cam2/ploc_emc1/repeat_00/stats.json
Rungholt,cam2,1,ploc_emc1,gpu,1024,768,32,2,8,43,25,32,4,16,56.103275299072266,33.929352,7.452812,0.048513,5.010139,0.184756,0.204269,10.521026,0.276313,0.0,28.510262,11630891,5815445,5815446,160.64422607421875,477048.28125,0.8130844831466675,0.12014400213956833,25165824,462221,70725068,96345514,232998981,5205660959,/home/gglab/votruja6_diplomka/Diplodocus/experiments/runs/Rungholt/cam2/ploc_emc1/repeat_01/stats.json
Rungholt,cam2,2,ploc_emc1,gpu,1024,768,32,2,8,44,25,32,4,16,56.59275436401367,33.881352,7.807731,0.075845,4.733026,0.17836,0.178057,10.688049,0.273897,0.0,28.30402,11630891,5815445,5815446,160.64422607421875,477048.28125,0.8203525543212891,0.11976680904626846,25165824,462345,70725492,96346046,233004188,5205662542,/home/gglab/votruja6_diplomka/Diplodocus/experiments/runs/Rungholt/cam2/ploc_emc1/repeat_02/stats.json
Rungholt,cam2,3,ploc_emc1,gpu,1024,768,32,2,8,45,25,32,4,16,56.33138656616211,33.80508,7.649361,0.065497,4.8569,0.18377,0.190721,10.804753,0.269133,0.0,28.649654,11630891,5815445,5815446,160.64422607421875,477048.28125,0.8400689959526062,0.11827504634857178,25165824,462348,70725584,96346159,233001312,5205730376,/home/gglab/votruja6_diplomka/Diplodocus/experiments/runs/Rungholt/cam2/ploc_emc1/repeat_03/stats.json
Rungholt,cam2,4,ploc_emc1,gpu,1024,768,32,2,8,46,25,32,4,16,56.68870544433594,33.99808,7.389191,0.05001,5.000143,0.180651,0.228857,10.263479,0.283555,0.0,28.269524,11630891,5815445,5815446,160.64422607421875,477048.28125,0.8017155528068542,0.11888802796602249,25165824,462396,70725756,96346372,233006422,5205656173,/home/gglab/votruja6_diplomka/Diplodocus/experiments/runs/Rungholt/cam2/ploc_emc1/repeat_04/stats.json
Rungholt,cam2,0,ploc_emc2,gpu,1024,768,32,2,8,42,25,32,4,16,55.904991149902344,33.89814,7.31203,0.094305,4.92044,0.1852,0.209891,10.441801,0.267716,0.0,28.410948,11630891,5815445,5815446,162.26486206054688,477048.28125,0.8720321655273438,0.11032469570636749,25165824,462213,70725024,96345455,230409415,4941804246,/home/gglab/votruja6_diplomka/Diplodocus/experiments/runs/Rungholt/cam2/ploc_emc2/repeat_00/stats.json
Rungholt,cam2,1,ploc_emc2,gpu,1024,768,32,2,8,43,25,32,4,16,56.008846282958984,33.855496,7.500983,0.127981,4.859387,0.190734,0.261975,10.513085,0.302754,0.0,28.53929,11630891,5815445,5815446,162.26486206054688,477048.28125,0.8015671968460083,0.11044513434171677,25165824,462221,70725068,96345514,230409060,4941858348,/home/gglab/votruja6_diplomka/Diplodocus/experiments/runs/Rungholt/cam2/ploc_emc2/repeat_01/stats.json
Rungholt,cam2,2,ploc_emc2,gpu,1024,768,32,2,8,44,25,32,4,16,56.22846221923828,33.562888,7.289531,0.078982,4.881625,0.195603,0.223644,10.315606,0.270364,0.0,28.2952,11630891,5815445,5815446,162.26486206054688,477048.28125,0.7978534698486328,0.11143219470977783,25165824,462345,70725492,96346046,230411898,4941833036,/home/gglab/votruja6_diplomka/Diplodocus/experiments/runs/Rungholt/cam2/ploc_emc2/repeat_02/stats.json
Rungholt,cam2,3,ploc_emc2,gpu,1024,768,32,2,8,45,25,32,4,16,56.946781158447266,34.24438,7.75864,0.088232,4.957264,0.191507,0.204476,10.799887,0.274068,0.0,28.934082,11630891,5815445,5815446,162.26486206054688,477048.28125,0.8235722184181213,0.11061421036720276,25165824,462348,70725584,96346159,230411857,4941862843,/home/gglab/votruja6_diplomka/Diplodocus/experiments/runs/Rungholt/cam2/ploc_emc2/repeat_03/stats.json
Rungholt,cam2,4,ploc_emc2,gpu,1024,768,32,2,8,46,25,32,4,16,58.48668670654297,34.552692,8.87258,0.065679,5.042863,0.185734,0.227659,10.456097,0.259172,0.0,28.2915,11630891,5815445,5815446,162.26486206054688,477048.28125,0.8061529397964478,0.11068195104598999,25165824,462396,70725756,96346372,230413068,4941820210,/home/gglab/votruja6_diplomka/Diplodocus/experiments/runs/Rungholt/cam2/ploc_emc2/repeat_04/stats.json
Rungholt,cam2,0,ploc_sobb,gpu,1024,768,32,2,8,42,25,32,4,16,125.4796371459961,35.097728,12.030339,0.060361,5.322932,0.178934,0.178303,11.578071,0.275042,4.176017,30.883746,11630891,5815445,5815446,240.0121307373047,522481.4375,0.9992235898971558,0.17715731263160706,25165824,462213,70725024,96345455,207626793,5052455215,/home/gglab/votruja6_diplomka/Diplodocus/experiments/runs/Rungholt/cam2/ploc_sobb/repeat_00/stats.json
Rungholt,cam2,1,ploc_sobb,gpu,1024,768,32,2,8,43,25,32,4,16,121.45197296142578,34.765056,13.606849,0.061072,4.973233,0.176944,0.257219,10.432199,0.295599,6.546138,29.558676,11630891,5815445,5815446,240.0121307373047,522481.4375,0.9905450344085693,0.17681653797626495,25165824,462221,70725068,96345514,207626882,5052444259,/home/gglab/votruja6_diplomka/Diplodocus/experiments/runs/Rungholt/cam2/ploc_sobb/repeat_01/stats.json
Rungholt,cam2,2,ploc_sobb,gpu,1024,768,32,2,8,44,25,32,4,16,121.67962646484375,34.778416,11.722922,0.065578,5.004357,0.179055,0.192082,10.458202,0.255287,4.666761,29.407468,11630891,5815445,5815446,240.0121307373047,522481.4375,0.9633452296257019,0.1771072894334793,25165824,462345,70725492,96346046,207629649,5052451173,/home/gglab/votruja6_diplomka/Diplodocus/experiments/runs/Rungholt/cam2/ploc_sobb/repeat_02/stats.json
Rungholt,cam2,3,ploc_sobb,gpu,1024,768,32,2,8,45,25,32,4,16,120.57914733886719,33.890544,11.853357,0.065826,4.924832,0.178072,0.204004,10.370403,0.256826,4.520007,28.583744,11630891,5815445,5815446,240.0121307373047,522481.4375,0.9780577421188354,0.17563924193382263,25165824,462348,70725584,96346159,207628256,5052468512,/home/gglab/votruja6_diplomka/Diplodocus/experiments/runs/Rungholt/cam2/ploc_sobb/repeat_03/stats.json
Rungholt,cam2,4,ploc_sobb,gpu,1024,768,32,2,8,46,25,32,4,16,120.90908813476562,34.3879,11.748206,0.054394,4.971904,0.172865,0.197748,10.431355,0.26164,4.305224,28.50776,11630891,5815445,5815446,240.0121307373047,522481.4375,0.9962427020072937,0.17799612879753113,25165824,462396,70725756,96346372,207630048,5052419252,/home/gglab/votruja6_diplomka/Diplodocus/experiments/runs/Rungholt/cam2/ploc_sobb/repeat_04/stats.json
Rungholt,cam2,0,ploc_emc1_sobb,gpu,1024,768,32,2,8,42,25,32,4,16,119.81571197509766,34.631412,11.35343,0.057823,4.95814,0.191441,0.245472,10.308082,0.267608,4.368576,29.372568,11630891,5815445,5815446,237.94862365722656,522481.4375,0.9843871593475342,0.18325170874595642,25165824,462213,70725024,96345455,209690078,5146989973,/home/gglab/votruja6_diplomka/Diplodocus/experiments/runs/Rungholt/cam2/ploc_emc1_sobb/repeat_00/stats.json
Rungholt,cam2,1,ploc_emc1_sobb,gpu,1024,768,32,2,8,43,25,32,4,16,123.46050262451172,34.535616,13.656508,0.044336,5.035523,0.207553,0.229386,10.809088,0.27264,5.953001,29.632,11630891,5815445,5815446,237.94862365722656,522481.4375,0.9777317643165588,0.18009234964847565,25165824,462221,70725068,96345514,209688647,5146968836,/home/gglab/votruja6_diplomka/Diplodocus/experiments/runs/Rungholt/cam2/ploc_emc1_sobb/repeat_01/stats.json
Rungholt,cam2,2,ploc_emc1_sobb,gpu,1024,768,32,2,8,44,25,32,4,16,-669.98583984375,34.977296,15.022901,0.068127,4.956262,0.184299,0.183911,10.781521,0.318072,7.288497,29.9692,11630891,5815445,5815446,237.94862365722656,522481.4375,0.18354937434196472,0.18176786601543427,25165824,462345,70725492,96346046,209692687,5146958113,/home/gglab/votruja6_diplomka/Diplodocus/experiments/runs/Rungholt/cam2/ploc_emc1_sobb/repeat_02/stats.json
Rungholt,cam2,3,ploc_emc1_sobb,gpu,1024,768,32,2,8,45,25,32,4,16,122.06964874267578,34.72568,11.594212,0.078803,4.949745,0.187546,0.197254,10.935175,0.265111,4.180714,29.96075,11630891,5815445,5815446,237.94862365722656,522481.4375,1.001889944076538,0.18235079944133759,25165824,462348,70725584,96346159,209688629,5147025404,/home/gglab/votruja6_diplomka/Diplodocus/experiments/runs/Rungholt/cam2/ploc_emc1_sobb/repeat_03/stats.json
Rungholt,cam2,4,ploc_emc1_sobb,gpu,1024,768,32,2,8,46,25,32,4,16,121.88842010498047,34.580252,11.750401,0.062623,4.707301,0.181409,0.212943,10.89985,0.32438,4.166915,29.665804,11630891,5815445,5815446,237.94862365722656,522481.4375,1.02397882938385,0.18085327744483948,25165824,462396,70725756,96346372,209690187,5146953605,/home/gglab/votruja6_diplomka/Diplodocus/experiments/runs/Rungholt/cam2/ploc_emc1_sobb/repeat_04/stats.json
Rungholt,cam2,0,ploc_emc2_sobb,gpu,1024,768,32,2,8,42,25,32,4,16,121.81858825683594,34.909184,12.247659,0.070153,4.915017,0.20803,0.210417,10.508677,0.287032,4.505376,29.59996,11630891,5815445,5815446,240.3934783935547,522481.4375,0.9978439807891846,0.17105861008167267,25165824,462213,70725024,96345455,208048067,4892175245,/home/gglab/votruja6_diplomka/Diplodocus/experiments/runs/Rungholt/cam2/ploc_emc2_sobb/repeat_00/stats.json
Rungholt,cam2,1,ploc_emc2_sobb,gpu,1024,768,32,2,8,43,25,32,4,16,130.97459411621094,34.5062,16.982762,0.061074,4.919925,0.218977,0.222177,13.375592,1.462625,5.068684,33.097072,11630891,5815445,5815446,240.3934783935547,522481.4375,0.9548079371452332,0.16977989673614502,25165824,462221,70725068,96345514,208049333,4892228383,/home/gglab/votruja6_diplomka/Diplodocus/experiments/runs/Rungholt/cam2/ploc_emc2_sobb/repeat_01/stats.json
Rungholt,cam2,2,ploc_emc2_sobb,gpu,1024,768,32,2,8,44,25,32,4,16,121.80461120605469,34.783456,12.287656,0.056797,4.94399,0.194985,0.220704,10.800037,0.271025,5.02362,29.86238,11630891,5815445,5815446,240.3934783935547,522481.4375,0.9743297100067139,0.16953153908252716,25165824,462345,70725492,96346046,208052961,4892204166,/home/gglab/votruja6_diplomka/Diplodocus/experiments/runs/Rungholt/cam2/ploc_emc2_sobb/repeat_02/stats.json
Rungholt,cam2,3,ploc_emc2_sobb,gpu,1024,768,32,2,8,45,25,32,4,16,120.99568176269531,33.86782,10.732566,0.075169,4.793448,0.187093,0.204684,10.421569,0.275589,3.406167,28.590338,11630891,5815445,5815446,240.3934783935547,522481.4375,1.0408231019973755,0.169046550989151,25165824,462348,70725584,96346159,208049588,4892228618,/home/gglab/votruja6_diplomka/Diplodocus/experiments/runs/Rungholt/cam2/ploc_emc2_sobb/repeat_03/stats.json
Rungholt,cam2,4,ploc_emc2_sobb,gpu,1024,768,32,2,8,46,25,32,4,16,121.29993438720703,34.715076,11.817543,0.113256,4.84082,0.194472,0.200875,10.565637,0.268927,4.350653,29.382848,11630891,5815445,5815446,240.3934783935547,522481.4375,0.9630224108695984,0.1697830706834793,25165824,462396,70725756,96346372,208051433,4892190315,/home/gglab/votruja6_diplomka/Diplodocus/experiments/runs/Rungholt/cam2/ploc_emc2_sobb/repeat_04/stats.json
Skydemo,cam0,0,ploc,gpu,1024,768,32,2,8,42,25,32,4,16,46.14316940307617,22.199508,9.335847,0.060634,3.173485,0.269598,0.303001,10.928896,0.404178,0.0,22.930072,7425607,3712803,3712804,65.24820709228516,304565.90625,1.0744743347167969,0.5720592141151428,25165824,7556160,83196928,115655936,718191269,6184508898,/home/gglab/votruja6_diplomka/Diplodocus/experiments/runs/Skydemo/cam0/ploc/repeat_00/stats.json
Skydemo,cam0,1,ploc,gpu,1024,768,32,2,8,43,25,32,4,16,45.261348724365234,22.607392,8.743448,0.07179,2.803467,0.272593,0.32163,10.361733,0.417609,0.0,22.284132,7425607,3712803,3712804,65.24820709228516,304565.90625,1.0814521312713623,0.5766198635101318,25165824,7556160,83196928,115655936,718230165,6184656543,/home/gglab/votruja6_diplomka/Diplodocus/experiments/runs/Skydemo/cam0/ploc/repeat_01/stats.json
Skydemo,cam0,2,ploc,gpu,1024,768,32,2,8,44,25,32,4,16,45.30621337890625,21.838868,9.050221,0.057251,3.032648,0.263598,0.325087,10.850471,0.386487,0.0,22.69118,7425607,3712803,3712804,65.24820709228516,304565.90625,1.1017802953720093,0.5789973139762878,25165824,7556160,83196928,115655936,718199828,6184473066,/home/gglab/votruja6_diplomka/Diplodocus/experiments/runs/Skydemo/cam0/ploc/repeat_02/stats.json
Skydemo,cam0,3,ploc,gpu,1024,768,32,2,8,45,25,32,4,16,44.63359069824219,21.712516,8.867568,0.048673,3.050635,0.274667,0.310151,10.583403,0.412666,0.0,22.509064,7425607,3712803,3712804,65.24820709228516,304565.90625,1.0843254327774048,0.5774816870689392,25165824,7556160,83196928,115655936,718194542,6184496753,/home/gglab/votruja6_diplomka/Diplodocus/experiments/runs/Skydemo/cam0/ploc/repeat_03/stats.json
Skydemo,cam0,4,ploc,gpu,1024,768,32,2,8,46,25,32,4,16,45.51565933227539,21.999656,9.419095,0.056214,3.009928,0.271678,0.324031,10.987878,0.408406,0.0,23.24474,7425607,3712803,3712804,65.24820709228516,304565.90625,1.0683391094207764,0.5744614601135254,25165824,7556160,83196928,115655936,718233731,6184502505,/home/gglab/votruja6_diplomka/Diplodocus/experiments/runs/Skydemo/cam0/ploc/repeat_04/stats.json
Skydemo,cam0,0,ploc_emc1,gpu,1024,768,32,2,8,42,25,32,4,16,46.156227111816406,22.810466,9.148084,0.06937,3.049333,0.296825,0.308757,10.781682,0.428191,0.0,23.14294,7425607,3712803,3712804,65.45126342773438,304565.90625,1.132163166999817,0.6319141387939453,25165824,7556160,83196928,115655936,726190564,6129957260,/home/gglab/votruja6_diplomka/Diplodocus/experiments/runs/Skydemo/cam0/ploc_emc1/repeat_00/stats.json
Skydemo,cam0,1,ploc_emc1,gpu,1024,768,32,2,8,43,25,32,4,16,57.066810607910156,21.403896,14.473721,0.056655,3.031273,0.309237,0.30838,14.139825,1.822293,0.0,26.990594,7425607,3712803,3712804,65.45126342773438,304565.90625,1.1365461349487305,0.6232576370239258,25165824,7556160,83196928,115655936,726210086,6130052071,/home/gglab/votruja6_diplomka/Diplodocus/experiments/runs/Skydemo/cam0/ploc_emc1/repeat_01/stats.json
Skydemo,cam0,2,ploc_emc1,gpu,1024,768,32,2,8,44,25,32,4,16,56.63990020751953,21.670552,15.079862,0.06307,2.942713,0.289289,0.328634,14.253568,2.013607,0.0,27.508596,7425607,3712803,3712804,65.45126342773438,304565.90625,1.1919301748275757,0.6200703978538513,25165824,7556160,83196928,115655936,726174161,6129900272,/home/gglab/votruja6_diplomka/Diplodocus/experiments/runs/Skydemo/cam0/ploc_emc1/repeat_02/stats.json
Skydemo,cam0,3,ploc_emc1,gpu,1024,768,32,2,8,45,25,32,4,16,45.4865608215332,21.384188,8.910858,0.056729,2.949838,0.268251,0.316051,10.87445,0.409416,0.0,22.314064,7425607,3712803,3712804,65.45126342773438,304565.90625,1.1310983896255493,0.6234321594238281,25165824,7556160,83196928,115655936,726156166,6129818281,/home/gglab/votruja6_diplomka/Diplodocus/experiments/runs/Skydemo/cam0/ploc_emc1/repeat_03/stats.json
Skydemo,cam0,4,ploc_emc1,gpu,1024,768,32,2,8,46,25,32,4,16,45.92397689819336,21.993688,9.498751,0.047568,2.975086,0.318927,0.338201,10.61073,0.458184,0.0,22.81104,7425607,3712803,3712804,65.45126342773438,304565.90625,1.1262407302856445,0.6273126602172852,25165824,7556160,83196928,115655936,726211742,6129948618,/home/gglab/votruja6_diplomka/Diplodocus/experiments/runs/Skydemo/cam0/ploc_emc1/repeat_04/stats.json
Skydemo,cam0,0,ploc_emc2,gpu,1024,768,32,2,8,42,25,32,4,16,48.602787017822266,22.117208,11.157064,0.085593,2.942266,0.273524,0.298017,11.891278,0.421185,0.0,23.981812,7425607,3712803,3712804,64.63780975341797,304565.90625,1.07435941696167,0.5698965787887573,25165824,7556160,83196928,115655936,707161127,5913662654,/home/gglab/votruja6_diplomka/Diplodocus/experiments/runs/Skydemo/cam0/ploc_emc2/repeat_00/stats.json
Skydemo,cam0,1,ploc_emc2,gpu,1024,768,32,2,8,43,25,32,4,16,45.89375686645508,22.737232,9.174316,0.116322,2.922027,0.271599,0.315166,10.549753,0.40362,0.0,22.693176,7425607,3712803,3712804,64.63780975341797,304565.90625,1.0735198259353638,0.5701271295547485,25165824,7556160,83196928,115655936,707188173,5913711949,/home/gglab/votruja6_diplomka/Diplodocus/experiments/runs/Skydemo/cam0/ploc_emc2/repeat_01/stats.json
Skydemo,cam0,2,ploc_emc2,gpu,1024,768,32,2,8,44,25,32,4,16,49.737335205078125,22.052514,12.07908,0.087508,2.722374,0.278343,0.328406,12.179685,0.424246,0.0,24.017404,7425607,3712803,3712804,64.63780975341797,304565.90625,1.0599256753921509,0.5646352767944336,25165824,7556160,83196928,115655936,707156181,5913629262,/home/gglab/votruja6_diplomka/Diplodocus/experiments/runs/Skydemo/cam0/ploc_emc2/repeat_02/stats.json
Skydemo,cam0,3,ploc_emc2,gpu,1024,768,32,2,8,45,25,32,4,16,46.929195404052734,22.1026,10.229487,0.154679,2.692813,0.274325,0.341412,10.723344,0.449619,0.0,22.73084,7425607,3712803,3712804,64.63780975341797,304565.90625,1.0732394456863403,0.5691326260566711,25165824,7556160,83196928,115655936,707150650,5913590699,/home/gglab/votruja6_diplomka/Diplodocus/experiments/runs/Skydemo/cam0/ploc_emc2/repeat_03/stats.json
Skydemo,cam0,4,ploc_emc2,gpu,1024,768,32,2,8,46,25,32,4,16,46.057525634765625,22.453892,9.17478,0.113283,2.926956,0.268234,0.311638,10.924254,0.397627,0.0,23.076788,7425607,3712803,3712804,64.63780975341797,304565.90625,0.2750677466392517,0.5687236785888672,25165824,7556160,83196928,115655936,707179708,5913556220,/home/gglab/votruja6_diplomka/Diplodocus/experiments/runs/Skydemo/cam0/ploc_emc2/repeat_04/stats.json
Skydemo,cam0,0,ploc_sobb,gpu,1024,768,32,2,8,42,25,32,4,16,88.00741577148438,22.75328,10.965657,0.064904,3.050378,0.272921,0.317948,10.396852,0.403604,2.432838,23.508116,7425607,3712803,3712804,83.27005004882812,333572.1875,1.1699695587158203,0.5940892100334167,25165824,7556160,83196928,115655936,386877600,5242241026,/home/gglab/votruja6_diplomka/Diplodocus/experiments/runs/Skydemo/cam0/ploc_sobb/repeat_00/stats.json
Skydemo,cam0,1,ploc_sobb,gpu,1024,768,32,2,8,43,25,32,4,16,90.14080810546875,22.016912,11.796297,0.047156,2.969573,0.261908,0.287686,10.774375,0.390163,2.906755,23.005316,7425607,3712803,3712804,83.27005004882812,333572.1875,1.1555296182632446,0.5931418538093567,25165824,7556160,83196928,115655936,386871895,5242297360,/home/gglab/votruja6_diplomka/Diplodocus/experiments/runs/Skydemo/cam0/ploc_sobb/repeat_01/stats.json
Skydemo,cam0,2,ploc_sobb,gpu,1024,768,32,2,8,44,25,32,4,16,90.60305786132812,22.931684,12.499277,0.069191,2.862795,0.269056,0.308137,10.575268,0.413573,3.023487,22.937504,7425607,3712803,3712804,83.27005004882812,333572.1875,1.1695080995559692,0.5938148498535156,25165824,7556160,83196928,115655936,386862764,5242174906,/home/gglab/votruja6_diplomka/Diplodocus/experiments/runs/Skydemo/cam0/ploc_sobb/repeat_02/stats.json
Skydemo,cam0,3,ploc_sobb,gpu,1024,768,32,2,8,45,25,32,4,16,90.92530822753906,23.51074,12.001047,0.066012,2.97038,0.268208,0.293086,11.038944,0.398652,2.936276,24.266324,7425607,3712803,3712804,83.27005004882812,333572.1875,1.1538997888565063,0.5911032557487488,25165824,7556160,83196928,115655936,386855152,5242164653,/home/gglab/votruja6_diplomka/Diplodocus/experiments/runs/Skydemo/cam0/ploc_sobb/repeat_03/stats.json
Skydemo,cam0,4,ploc_sobb,gpu,1024,768,32,2,8,46,25,32,4,16,89.96090698242188,22.01448,11.971042,0.057187,3.031839,0.271282,0.295101,10.953763,0.412929,2.925506,23.110098,7425607,3712803,3712804,83.27005004882812,333572.1875,1.146051049232483,0.5903257131576538,25165824,7556160,83196928,115655936,386858786,5242113264,/home/gglab/votruja6_diplomka/Diplodocus/experiments/runs/Skydemo/cam0/ploc_sobb/repeat_04/stats.json
Skydemo,cam0,0,ploc_emc1_sobb,gpu,1024,768,32,2,8,42,25,32,4,16,88.80181121826172,22.626274,11.055235,0.058596,2.971404,0.280762,0.311999,10.33888,0.395159,2.941913,23.197394,7425607,3712803,3712804,83.58550262451172,333572.1875,1.1794371604919434,0.6069324612617493,25165824,7556160,83196928,115655936,390256367,5179866163,/home/gglab/votruja6_diplomka/Diplodocus/experiments/runs/Skydemo/cam0/ploc_emc1_sobb/repeat_00/stats.json
Skydemo,cam0,1,ploc_emc1_sobb,gpu,1024,768,32,2,8,43,25,32,4,16,88.99410247802734,22.218576,11.835059,0.050367,2.981696,0.273675,0.314221,10.375555,0.386531,2.894988,22.765338,7425607,3712803,3712804,83.58550262451172,333572.1875,1.1677820682525635,0.6024369597434998,25165824,7556160,83196928,115655936,390253593,5179944017,/home/gglab/votruja6_diplomka/Diplodocus/experiments/runs/Skydemo/cam0/ploc_emc1_sobb/repeat_01/stats.json
Skydemo,cam0,2,ploc_emc1_sobb,gpu,1024,768,32,2,8,44,25,32,4,16,92.01412200927734,22.60329,12.873849,0.047172,2.984032,0.269251,0.320151,10.93509,0.420327,2.963105,23.679632,7425607,3712803,3712804,83.58550262451172,333572.1875,1.1611477136611938,0.5998168587684631,25165824,7556160,83196928,115655936,390233476,5179817693,/home/gglab/votruja6_diplomka/Diplodocus/experiments/runs/Skydemo/cam0/ploc_emc1_sobb/repeat_02/stats.json
Skydemo,cam0,3,ploc_emc1_sobb,gpu,1024,768,32,2,8,45,25,32,4,16,90.55973815917969,22.695446,12.157039,0.092605,2.898269,0.267924,0.245856,11.075138,0.424003,2.891906,23.809076,7425607,3712803,3712804,83.58550262451172,333572.1875,1.2277171611785889,0.599515974521637,25165824,7556160,83196928,115655936,390235406,5179768871,/home/gglab/votruja6_diplomka/Diplodocus/experiments/runs/Skydemo/cam0/ploc_emc1_sobb/repeat_03/stats.json
Skydemo,cam0,4,ploc_emc1_sobb,gpu,1024,768,32,2,8,46,25,32,4,16,90.85054779052734,22.366098,12.037343,0.048912,2.987976,0.272693,0.306543,10.826564,0.404276,2.922875,23.379474,7425607,3712803,3712804,83.58550262451172,333572.1875,1.173382043838501,0.5972314476966858,25165824,7556160,83196928,115655936,390239579,5179806831,/home/gglab/votruja6_diplomka/Diplodocus/experiments/runs/Skydemo/cam0/ploc_emc1_sobb/repeat_04/stats.json
Skydemo,cam0,0,ploc_emc2_sobb,gpu,1024,768,32,2,8,42,25,32,4,16,89.20905303955078,22.708132,11.741701,0.110387,2.631165,0.273884,0.312305,10.507412,0.40311,3.034467,23.057888,7425607,3712803,3712804,82.39280700683594,333572.1875,1.1413308382034302,0.5778186321258545,25165824,7556160,83196928,115655936,380209428,5027788678,/home/gglab/votruja6_diplomka/Diplodocus/experiments/runs/Skydemo/cam0/ploc_emc2_sobb/repeat_00/stats.json
Skydemo,cam0,1,ploc_emc2_sobb,gpu,1024,768,32,2,8,43,25,32,4,16,92.86920928955078,22.707064,13.934094,0.093254,2.947182,0.275102,0.333058,11.921928,0.422301,3.175047,24.87376,7425607,3712803,3712804,82.39280700683594,333572.1875,1.162745475769043,0.5850638747215271,25165824,7556160,83196928,115655936,380208592,5027797937,/home/gglab/votruja6_diplomka/Diplodocus/experiments/runs/Skydemo/cam0/ploc_emc2_sobb/repeat_01/stats.json
Skydemo,cam0,2,ploc_emc2_sobb,gpu,1024,768,32,2,8,44,25,32,4,16,90.2977523803711,23.549268,13.200393,0.070312,3.209902,0.271352,0.319944,10.556262,0.391217,4.681565,23.560148,7425607,3712803,3712804,82.39280700683594,333572.1875,1.138241171836853,0.5844824910163879,25165824,7556160,83196928,115655936,380194026,5027750642,/home/gglab/votruja6_diplomka/Diplodocus/experiments/runs/Skydemo/cam0/ploc_emc2_sobb/repeat_02/stats.json
Skydemo,cam0,3,ploc_emc2_sobb,gpu,1024,768,32,2,8,45,25,32,4,16,91.37657165527344,21.304922,12.377546,0.063106,3.013568,0.266534,0.323739,10.380484,0.387769,3.428773,21.236696,7425607,3712803,3712804,82.39280700683594,333572.1875,1.180501937866211,0.5857546925544739,25165824,7556160,83196928,115655936,380195914,5027724814,/home/gglab/votruja6_diplomka/Diplodocus/experiments/runs/Skydemo/cam0/ploc_emc2_sobb/repeat_03/stats.json
Skydemo,cam0,4,ploc_emc2_sobb,gpu,1024,768,32,2,8,46,25,32,4,16,90.35552215576172,22.532636,12.386606,0.061465,3.046998,0.277777,0.280768,11.045278,0.413515,3.004856,23.859908,7425607,3712803,3712804,82.39280700683594,333572.1875,1.14561927318573,0.5891977548599243,25165824,7556160,83196928,115655936,380189311,5027618996,/home/gglab/votruja6_diplomka/Diplodocus/experiments/runs/Skydemo/cam0/ploc_emc2_sobb/repeat_04/stats.json
Skydemo,cam1,0,ploc,gpu,1024,768,32,2,8,42,25,32,4,16,48.25553894042969,22.111586,9.501288,0.068321,3.055033,0.275885,0.304307,10.850609,0.4044,0.0,22.998996,7425607,3712803,3712804,65.24820709228516,304565.90625,1.5406315326690674,1.0506975650787354,25165824,21895648,129900544,176391392,1199990334,13033631776,/home/gglab/votruja6_diplomka/Diplodocus/experiments/runs/Skydemo/cam1/ploc/repeat_00/stats.json
Skydemo,cam1,1,ploc,gpu,1024,768,32,2,8,43,25,32,4,16,45.531009674072266,21.661172,9.22514,0.045288,3.033869,0.273805,0.315212,10.916644,0.433168,0.0,22.731444,7425607,3712803,3712804,65.24820709228516,304565.90625,1.5529130697250366,1.0498461723327637,25165824,21895648,129900544,176391392,1200002830,13033586966,/home/gglab/votruja6_diplomka/Diplodocus/experiments/runs/Skydemo/cam1/ploc/repeat_01/stats.json
Skydemo,cam1,2,ploc,gpu,1024,768,32,2,8,44,25,32,4,16,46.520973205566406,21.917862,9.251653,0.064414,2.987691,0.277249,0.319296,10.480431,0.402991,0.0,22.379368,7425607,3712803,3712804,65.24820709228516,304565.90625,1.5555788278579712,1.0552326440811157,25165824,21895648,129900544,176391392,1200006042,13033467380,/home/gglab/votruja6_diplomka/Diplodocus/experiments/runs/Skydemo/cam1/ploc/repeat_02/stats.json
Skydemo,cam1,3,ploc,gpu,1024,768,32,2,8,45,25,32,4,16,45.56199645996094,22.168804,9.066206,0.053,2.986112,0.286985,0.509423,10.74725,0.417598,0.0,23.19268,7425607,3712803,3712804,65.24820709228516,304565.90625,1.5538207292556763,1.0501747131347656,25165824,21895648,129900544,176391392,1200032339,13033703713,/home/gglab/votruja6_diplomka/Diplodocus/experiments/runs/Skydemo/cam1/ploc/repeat_03/stats.json
Skydemo,cam1,4,ploc,gpu,1024,768,32,2,8,46,25,32,4,16,46.0180549621582,22.342304,9.196843,0.071097,3.039601,0.276974,0.35019,10.537958,0.419803,0.0,22.904422,7425607,3712803,3712804,65.24820709228516,304565.90625,0.7719900608062744,0.26035410165786743,25165824,21895648,129900544,176391392,1199965711,13033365990,/home/gglab/votruja6_diplomka/Diplodocus/experiments/runs/Skydemo/cam1/ploc/repeat_04/stats.json
Skydemo,cam1,0,ploc_emc1,gpu,1024,768,32,2,8,42,25,32,4,16,45.16920852661133,21.782096,8.860021,0.06925,2.973851,0.266548,0.313823,10.523676,0.407943,0.0,22.31261,7425607,3712803,3712804,65.45126342773438,304565.90625,1.8317151069641113,1.3208045959472656,25165824,21895648,129900544,176391392,1360597041,13585131170,/home/gglab/votruja6_diplomka/Diplodocus/experiments/runs/Skydemo/cam1/ploc_emc1/repeat_00/stats.json
Skydemo,cam1,1,ploc_emc1,gpu,1024,768,32,2,8,43,25,32,4,16,46.04328155517578,21.32618,9.486339,0.046128,3.019084,0.283113,0.3801,10.613581,0.395654,0.0,22.011188,7425607,3712803,3712804,65.45126342773438,304565.90625,1.827669382095337,1.3118607997894287,25165824,21895648,129900544,176391392,1360628976,13584982541,/home/gglab/votruja6_diplomka/Diplodocus/experiments/runs/Skydemo/cam1/ploc_emc1/repeat_01/stats.json
Skydemo,cam1,2,ploc_emc1,gpu,1024,768,32,2,8,44,25,32,4,16,45.861263275146484,22.225256,9.212637,0.102498,2.95158,0.279619,0.294791,11.030159,0.408272,0.0,23.165704,7425607,3712803,3712804,65.45126342773438,304565.90625,1.824404239654541,1.3158050775527954,25165824,21895648,129900544,176391392,1360618929,13584917504,/home/gglab/votruja6_diplomka/Diplodocus/experiments/runs/Skydemo/cam1/ploc_emc1/repeat_02/stats.json
Skydemo,cam1,3,ploc_emc1,gpu,1024,768,32,2,8,45,25,32,4,16,46.00716781616211,22.032016,9.170353,0.061366,2.957575,0.265474,0.303862,10.980698,0.408242,0.0,22.011808,7425607,3712803,3712804,65.45126342773438,304565.90625,1.8332256078720093,1.3385186195373535,25165824,21895648,129900544,176391392,1360646084,13585247632,/home/gglab/votruja6_diplomka/Diplodocus/experiments/runs/Skydemo/cam1/ploc_emc1/repeat_03/stats.json
Skydemo,cam1,4,ploc_emc1,gpu,1024,768,32,2,8,46,25,32,4,16,45.88270950317383,21.93865,9.560578,0.066329,2.940037,0.304724,0.333997,10.856872,0.465832,0.0,23.007966,7425607,3712803,3712804,65.45126342773438,304565.90625,1.814884901046753,1.3281244039535522,25165824,21895648,129900544,176391392,1360539543,13584804728,/home/gglab/votruja6_diplomka/Diplodocus/experiments/runs/Skydemo/cam1/ploc_emc1/repeat_04/stats.json
Skydemo,cam1,0,ploc_emc2,gpu,1024,768,32,2,8,42,25,32,4,16,46.10969161987305,22.200488,9.749808,0.085105,2.885193,0.269552,0.314879,10.770002,0.40072,0.0,22.849896,7425607,3712803,3712804,64.63780975341797,304565.90625,1.5252840518951416,1.032828688621521,25165824,21895648,129900544,176391392,1161328154,12729811534,/home/gglab/votruja6_diplomka/Diplodocus/experiments/runs/Skydemo/cam1/ploc_emc2/repeat_00/stats.json
Skydemo,cam1,1,ploc_emc2,gpu,1024,768,32,2,8,43,25,32,4,16,46.909969329833984,22.317056,10.754444,0.090351,2.932613,0.310244,0.332353,10.456917,0.448048,0.0,22.651028,7425607,3712803,3712804,64.63780975341797,304565.90625,1.5369688272476196,1.0312968492507935,25165824,21895648,129900544,176391392,1161362956,12729734137,/home/gglab/votruja6_diplomka/Diplodocus/experiments/runs/Skydemo/cam1/ploc_emc2/repeat_01/stats.json
Skydemo,cam1,2,ploc_emc2,gpu,1024,768,32,2,8,44,25,32,4,16,46.66556167602539,22.177432,9.927459,0.073721,2.915115,0.29644,0.359406,11.138409,0.439814,0.0,23.401984,7425607,3712803,3712804,64.63780975341797,304565.90625,1.536099910736084,1.0315685272216797,25165824,21895648,129900544,176391392,1161340499,12729596813,/home/gglab/votruja6_diplomka/Diplodocus/experiments/runs/Skydemo/cam1/ploc_emc2/repeat_02/stats.json
Skydemo,cam1,3,ploc_emc2,gpu,1024,768,32,2,8,45,25,32,4,16,47.31160354614258,22.07466,9.434001,0.118871,2.94946,0.264822,0.300251,10.650017,0.403219,0.0,22.703744,7425607,3712803,3712804,64.63780975341797,304565.90625,1.528266191482544,1.028519868850708,25165824,21895648,129900544,176391392,1161371506,12729881157,/home/gglab/votruja6_diplomka/Diplodocus/experiments/runs/Skydemo/cam1/ploc_emc2/repeat_03/stats.json
Skydemo,cam1,4,ploc_emc2,gpu,1024,768,32,2,8,46,25,32,4,16,45.234283447265625,21.942526,8.929208,0.078502,3.010723,0.278798,0.33051,10.323828,0.399754,0.0,22.121442,7425607,3712803,3712804,64.63780975341797,304565.90625,1.5371538400650024,1.034787654876709,25165824,21895648,129900544,176391392,1161284511,12729397968,/home/gglab/votruja6_diplomka/Diplodocus/experiments/runs/Skydemo/cam1/ploc_emc2/repeat_04/stats.json
Skydemo,cam1,0,ploc_sobb,gpu,1024,768,32,2,8,42,25,32,4,16,92.0460205078125,21.713752,11.455551,0.052296,2.963764,0.269227,0.308138,10.454443,0.403232,2.81665,22.35342,7425607,3712803,3712804,83.27005004882812,333572.1875,1.7351408004760742,1.1667101383209229,25165824,21895648,129900544,176391392,653091763,11087216601,/home/gglab/votruja6_diplomka/Diplodocus/experiments/runs/Skydemo/cam1/ploc_sobb/repeat_00/stats.json
Skydemo,cam1,1,ploc_sobb,gpu,1024,768,32,2,8,43,25,32,4,16,91.01580047607422,21.050884,12.02938,0.04884,3.038054,0.273825,0.308555,10.473092,0.411877,3.147868,21.74602,7425607,3712803,3712804,83.27005004882812,333572.1875,1.749078392982483,1.1671051979064941,25165824,21895648,129900544,176391392,653085120,11087119813,/home/gglab/votruja6_diplomka/Diplodocus/experiments/runs/Skydemo/cam1/ploc_sobb/repeat_01/stats.json
Skydemo,cam1,2,ploc_sobb,gpu,1024,768,32,2,8,44,25,32,4,16,89.39337921142578,22.68943,12.212372,0.057879,2.937713,0.273957,0.3111,10.4793,0.422595,2.894083,23.389058,7425607,3712803,3712804,83.27005004882812,333572.1875,1.7273553609848022,1.157739520072937,25165824,21895648,129900544,176391392,653081369,11087034716,/home/gglab/votruja6_diplomka/Diplodocus/experiments/runs/Skydemo/cam1/ploc_sobb/repeat_02/stats.json
Skydemo,cam1,3,ploc_sobb,gpu,1024,768,32,2,8,45,25,32,4,16,88.64566040039062,22.24086,10.727385,0.060362,2.998492,0.330733,0.3267,10.451025,0.449926,2.402959,22.91104,7425607,3712803,3712804,83.27005004882812,333572.1875,1.7432359457015991,1.1697839498519897,25165824,21895648,129900544,176391392,653095199,11087208731,/home/gglab/votruja6_diplomka/Diplodocus/experiments/runs/Skydemo/cam1/ploc_sobb/repeat_03/stats.json
Skydemo,cam1,4,ploc_sobb,gpu,1024,768,32,2,8,46,25,32,4,16,90.91703796386719,22.52678,12.371256,0.06404,2.94553,0.274731,0.531583,11.1908,0.494679,2.949718,24.191868,7425607,3712803,3712804,83.27005004882812,333572.1875,1.737828016281128,1.1629616022109985,25165824,21895648,129900544,176391392,653051741,11086895619,/home/gglab/votruja6_diplomka/Diplodocus/experiments/runs/Skydemo/cam1/ploc_sobb/repeat_04/stats.json
Skydemo,cam1,0,ploc_emc1_sobb,gpu,1024,768,32,2,8,42,25,32,4,16,89.47087097167969,22.536756,12.679834,0.068453,2.987551,0.267282,0.3368,10.551499,0.396163,3.542837,23.290816,7425607,3712803,3712804,83.58550262451172,333572.1875,1.0796042680740356,1.3034725189208984,25165824,21895648,129900544,176391392,663435022,11335896691,/home/gglab/votruja6_diplomka/Diplodocus/experiments/runs/Skydemo/cam1/ploc_emc1_sobb/repeat_00/stats.json
Skydemo,cam1,1,ploc_emc1_sobb,gpu,1024,768,32,2,8,43,25,32,4,16,90.90465545654297,22.71255,11.167167,0.062752,2.976297,0.280396,0.306306,10.550154,0.392187,2.820427,23.13188,7425607,3712803,3712804,83.58550262451172,333572.1875,1.8652701377868652,1.305664300918579,25165824,21895648,129900544,176391392,663436799,11335710618,/home/gglab/votruja6_diplomka/Diplodocus/experiments/runs/Skydemo/cam1/ploc_emc1_sobb/repeat_01/stats.json
Skydemo,cam1,2,ploc_emc1_sobb,gpu,1024,768,32,2,8,44,25,32,4,16,90.70848083496094,22.640428,12.034239,0.060286,3.02141,0.272436,0.278617,10.679846,0.398798,3.061288,23.495532,7425607,3712803,3712804,83.58550262451172,333572.1875,1.8577419519424438,1.2971397638320923,25165824,21895648,129900544,176391392,663429912,11335684423,/home/gglab/votruja6_diplomka/Diplodocus/experiments/runs/Skydemo/cam1/ploc_emc1_sobb/repeat_02/stats.json
Skydemo,cam1,3,ploc_emc1_sobb,gpu,1024,768,32,2,8,45,25,32,4,16,88.3121109008789,22.7457,11.30859,0.059906,2.994757,0.267168,0.308415,10.431309,0.401378,2.974167,23.28874,7425607,3712803,3712804,83.58550262451172,333572.1875,1.8758184909820557,1.3110089302062988,25165824,21895648,129900544,176391392,663442392,11335951283,/home/gglab/votruja6_diplomka/Diplodocus/experiments/runs/Skydemo/cam1/ploc_emc1_sobb/repeat_03/stats.json
Skydemo,cam1,4,ploc_emc1_sobb,gpu,1024,768,32,2,8,46,25,32,4,16,89.3844985961914,22.654336,12.389016,0.062983,3.021491,0.273435,0.320946,10.883864,0.397052,3.768033,23.792404,7425607,3712803,3712804,83.58550262451172,333572.1875,1.862021803855896,1.3161020278930664,25165824,21895648,129900544,176391392,663396127,11335610914,/home/gglab/votruja6_diplomka/Diplodocus/experiments/runs/Skydemo/cam1/ploc_emc1_sobb/repeat_04/stats.json
Skydemo,cam1,0,ploc_emc2_sobb,gpu,1024,768,32,2,8,42,25,32,4,16,91.50299835205078,22.686692,11.998759,0.071883,2.973632,0.28422,0.332083,10.850032,0.436434,3.036773,23.705442,7425607,3712803,3712804,82.39280700683594,333572.1875,1.7083615064620972,1.1527727842330933,25165824,21895648,129900544,176391392,632959672,10823466671,/home/gglab/votruja6_diplomka/Diplodocus/experiments/runs/Skydemo/cam1/ploc_emc2_sobb/repeat_00/stats.json
Skydemo,cam1,1,ploc_emc2_sobb,gpu,1024,768,32,2,8,43,25,32,4,16,90.01261138916016,23.163076,11.693289,0.075085,2.951544,0.270238,0.316129,10.848232,0.421525,2.875501,23.487884,7425607,3712803,3712804,82.39280700683594,333572.1875,1.7104201316833496,1.1450001001358032,25165824,21895648,129900544,176391392,632960805,10823291098,/home/gglab/votruja6_diplomka/Diplodocus/experiments/runs/Skydemo/cam1/ploc_emc2_sobb/repeat_01/stats.json
Skydemo,cam1,2,ploc_emc2_sobb,gpu,1024,768,32,2,8,44,25,32,4,16,91.04945373535156,22.679432,11.877278,0.060026,3.002286,0.298371,0.355545,11.040068,0.456911,2.98528,24.001878,7425607,3712803,3712804,82.39280700683594,333572.1875,1.6823049783706665,1.1300394535064697,25165824,21895648,129900544,176391392,632956701,10823247569,/home/gglab/votruja6_diplomka/Diplodocus/experiments/runs/Skydemo/cam1/ploc_emc2_sobb/repeat_02/stats.json
Skydemo,cam1,3,ploc_emc2_sobb,gpu,1024,768,32,2,8,45,25,32,4,16,91.49516296386719,23.120136,12.61127,0.099807,3.30986,0.286651,0.317454,11.181445,0.537447,3.15669,24.50759,7425607,3712803,3712804,82.39280700683594,333572.1875,1.6857467889785767,1.120531678199768,25165824,21895648,129900544,176391392,632971634,10823463465,/home/gglab/votruja6_diplomka/Diplodocus/experiments/runs/Skydemo/cam1/ploc_emc2_sobb/repeat_03/stats.json
Skydemo,cam1,4,ploc_emc2_sobb,gpu,1024,768,32,2,8,46,25,32,4,16,93.60588073730469,23.145752,11.784914,0.067456,3.042462,0.324291,0.337911,12.598294,0.522839,2.838588,25.892548,7425607,3712803,3712804,82.39280700683594,333572.1875,1.683122158050537,1.1117899417877197,25165824,21895648,129900544,176391392,632925286,10823047869,/home/gglab/votruja6_diplomka/Diplodocus/experiments/runs/Skydemo/cam1/ploc_emc2_sobb/repeat_04/stats.json
Skydemo,cam2,0,ploc,gpu,1024,768,32,2,8,42,25,32,4,16,44.67251205444336,22.125604,8.574763,0.054612,2.957209,0.272899,0.325592,10.272546,0.396016,0.0,22.355006,7425607,3712803,3712804,65.24820709228516,304565.90625,1.8208497762680054,1.3096654415130615,25165824,40410048,190154880,254592416,1632055197,19433139544,/home/gglab/votruja6_diplomka/Diplodocus/experiments/runs/Skydemo/cam2/ploc/repeat_00/stats.json
Skydemo,cam2,1,ploc,gpu,1024,768,32,2,8,43,25,32,4,16,44.93903732299805,21.84128,8.762898,0.056133,2.997158,0.271383,0.314933,10.518898,0.408794,0.0,22.394728,7425607,3712803,3712804,65.24820709228516,304565.90625,1.8089070320129395,1.3053137063980103,25165824,40410048,190154880,254592416,1632174047,19433417556,/home/gglab/votruja6_diplomka/Diplodocus/experiments/runs/Skydemo/cam2/ploc/repeat_01/stats.json
Skydemo,cam2,2,ploc,gpu,1024,768,32,2,8,44,25,32,4,16,45.458465576171875,22.21842,8.791931,0.057967,2.983452,0.289637,0.31612,10.541699,0.402139,0.0,22.749932,7425607,3712803,3712804,65.24820709228516,304565.90625,1.8324124813079834,1.3149323463439941,25165824,40410048,190154880,254592416,1632179599,19433379741,/home/gglab/votruja6_diplomka/Diplodocus/experiments/runs/Skydemo/cam2/ploc/repeat_02/stats.json
Skydemo,cam2,3,ploc,gpu,1024,768,32,2,8,45,25,32,4,16,51.15298080444336,22.284736,12.504922,0.049061,3.132321,0.298264,0.33043,11.886269,1.172674,0.0,24.880324,7425607,3712803,3712804,65.24820709228516,304565.90625,1.8281811475753784,1.3171170949935913,25165824,40410048,190154880,254592416,1632129523,19433352878,/home/gglab/votruja6_diplomka/Diplodocus/experiments/runs/Skydemo/cam2/ploc/repeat_03/stats.json
Skydemo,cam2,4,ploc,gpu,1024,768,32,2,8,46,25,32,4,16,44.85802459716797,22.274714,8.848933,0.05686,3.009229,0.272223,0.318827,10.346251,0.391175,0.0,22.264798,7425607,3712803,3712804,65.24820709228516,304565.90625,1.8327008485794067,1.3194957971572876,25165824,40410048,190154880,254592416,1632160923,19433621912,/home/gglab/votruja6_diplomka/Diplodocus/experiments/runs/Skydemo/cam2/ploc/repeat_04/stats.json
Skydemo,cam2,0,ploc_emc1,gpu,1024,768,32,2,8,42,25,32,4,16,48.12617874145508,23.599282,9.940742,0.08971,2.834369,0.282094,0.313611,10.981432,0.443393,0.0,23.806378,7425607,3712803,3712804,65.45126342773438,304565.90625,1.8496379852294922,1.3455979824066162,25165824,40410048,190154880,254592416,1610905117,19029030129,/home/gglab/votruja6_diplomka/Diplodocus/experiments/runs/Skydemo/cam2/ploc_emc1/repeat_00/stats.json
Skydemo,cam2,1,ploc_emc1,gpu,1024,768,32,2,8,43,25,32,4,16,47.09345245361328,23.110708,9.344782,0.068996,2.68577,0.265558,0.319822,10.621522,0.404792,0.0,22.074512,7425607,3712803,3712804,65.45126342773438,304565.90625,1.8469570875167847,1.3455955982208252,25165824,40410048,190154880,254592416,1610925523,19029061770,/home/gglab/votruja6_diplomka/Diplodocus/experiments/runs/Skydemo/cam2/ploc_emc1/repeat_01/stats.json
Skydemo,cam2,2,ploc_emc1,gpu,1024,768,32,2,8,44,25,32,4,16,44.93467712402344,22.118096,8.720217,0.04543,3.024081,0.390142,0.331022,10.515973,0.565598,0.0,22.98048,7425607,3712803,3712804,65.45126342773438,304565.90625,1.843389868736267,1.3409383296966553,25165824,40410048,190154880,254592416,1610903575,19028868230,/home/gglab/votruja6_diplomka/Diplodocus/experiments/runs/Skydemo/cam2/ploc_emc1/repeat_02/stats.json
Skydemo,cam2,3,ploc_emc1,gpu,1024,768,32,2,8,45,25,32,4,16,44.50685119628906,21.879928,8.625003,0.061218,2.990983,0.265006,0.311431,10.481501,0.40611,0.0,22.406782,7425607,3712803,3712804,65.45126342773438,304565.90625,1.8357183933258057,1.3419383764266968,25165824,40410048,190154880,254592416,1610946023,19029295811,/home/gglab/votruja6_diplomka/Diplodocus/experiments/runs/Skydemo/cam2/ploc_emc1/repeat_03/stats.json
Skydemo,cam2,4,ploc_emc1,gpu,1024,768,32,2,8,46,25,32,4,16,46.64055633544922,22.275396,10.223563,0.070608,2.882856,0.268789,0.281354,10.913878,0.403696,0.0,22.98405,7425607,3712803,3712804,65.45126342773438,304565.90625,1.8546268939971924,1.3531243801116943,25165824,40410048,190154880,254592416,1610936327,19029440369,/home/gglab/votruja6_diplomka/Diplodocus/experiments/runs/Skydemo/cam2/ploc_emc1/repeat_04/stats.json
Skydemo,cam2,0,ploc_emc2,gpu,1024,768,32,2,8,42,25,32,4,16,44.989768981933594,22.092606,8.87872,0.058025,3.048078,0.277209,0.315396,10.619902,0.412195,0.0,22.71758,7425607,3712803,3712804,64.63780975341797,304565.90625,1.7343900203704834,1.2406587600708008,25165824,40410048,190154880,254592416,1497546111,17857891323,/home/gglab/votruja6_diplomka/Diplodocus/experiments/runs/Skydemo/cam2/ploc_emc2/repeat_00/stats.json
Skydemo,cam2,1,ploc_emc2,gpu,1024,768,32,2,8,43,25,32,4,16,46.75455856323242,21.83882,10.957538,0.083678,2.910689,0.275537,0.321321,10.3234,0.3825,0.0,22.121564,7425607,3712803,3712804,64.63780975341797,304565.90625,1.734457015991211,1.2393618822097778,25165824,40410048,190154880,254592416,1497612695,17858098202,/home/gglab/votruja6_diplomka/Diplodocus/experiments/runs/Skydemo/cam2/ploc_emc2/repeat_01/stats.json
Skydemo,cam2,2,ploc_emc2,gpu,1024,768,32,2,8,44,25,32,4,16,46.519920349121094,21.994624,8.506763,0.068097,3.078194,0.27724,0.313269,10.509463,0.400644,0.0,21.998968,7425607,3712803,3712804,64.63780975341797,304565.90625,1.7457035779953003,1.2458250522613525,25165824,40410048,190154880,254592416,1497556044,17857617325,/home/gglab/votruja6_diplomka/Diplodocus/experiments/runs/Skydemo/cam2/ploc_emc2/repeat_02/stats.json
Skydemo,cam2,3,ploc_emc2,gpu,1024,768,32,2,8,45,25,32,4,16,45.5218505859375,23.044898,8.680036,0.081898,2.953042,0.269719,0.306087,10.509809,0.410561,0.0,22.748548,7425607,3712803,3712804,64.63780975341797,304565.90625,1.732193112373352,1.2423765659332275,25165824,40410048,190154880,254592416,1497607086,17858104344,/home/gglab/votruja6_diplomka/Diplodocus/experiments/runs/Skydemo/cam2/ploc_emc2/repeat_03/stats.json
Skydemo,cam2,4,ploc_emc2,gpu,1024,768,32,2,8,46,25,32,4,16,47.57773971557617,23.080002,9.181391,0.083547,3.037981,0.287486,0.423923,11.218671,0.422145,0.0,23.338332,7425607,3712803,3712804,64.63780975341797,304565.90625,1.7697707414627075,1.2594455480575562,25165824,40410048,190154880,254592416,1497667564,17858467327,/home/gglab/votruja6_diplomka/Diplodocus/experiments/runs/Skydemo/cam2/ploc_emc2/repeat_04/stats.json
Skydemo,cam2,0,ploc_sobb,gpu,1024,768,32,2,8,42,25,32,4,16,89.0116195678711,22.70956,11.845903,0.054223,2.97012,0.273032,0.329766,10.297272,0.412685,2.972505,23.104596,7425607,3712803,3712804,83.27005004882812,333572.1875,2.1265759468078613,1.5737699270248413,25165824,40410048,190154880,254592416,969696769,17414904093,/home/gglab/votruja6_diplomka/Diplodocus/experiments/runs/Skydemo/cam2/ploc_sobb/repeat_00/stats.json
Skydemo,cam2,1,ploc_sobb,gpu,1024,768,32,2,8,43,25,32,4,16,91.06572723388672,22.75715,12.553183,0.070581,3.012724,0.28018,0.333977,10.778616,0.419379,3.231696,23.591136,7425607,3712803,3712804,83.27005004882812,333572.1875,2.1216249465942383,1.5650207996368408,25165824,40410048,190154880,254592416,969744961,17415082622,/home/gglab/votruja6_diplomka/Diplodocus/experiments/runs/Skydemo/cam2/ploc_sobb/repeat_01/stats.json
Skydemo,cam2,2,ploc_sobb,gpu,1024,768,32,2,8,44,25,32,4,16,100.60420989990234,22.006676,17.586654,0.057561,3.011484,0.308142,0.321697,13.980401,1.964213,3.286561,27.737664,7425607,3712803,3712804,83.27005004882812,333572.1875,2.153019905090332,1.5626475811004639,25165824,40410048,190154880,254592416,969741023,17415013653,/home/gglab/votruja6_diplomka/Diplodocus/experiments/runs/Skydemo/cam2/ploc_sobb/repeat_02/stats.json
Skydemo,cam2,3,ploc_sobb,gpu,1024,768,32,2,8,45,25,32,4,16,89.47482299804688,22.825976,11.573089,0.062261,3.022692,0.266874,0.289117,10.537577,0.405675,2.876633,23.410236,7425607,3712803,3712804,83.27005004882812,333572.1875,2.1602087020874023,1.5613306760787964,25165824,40410048,190154880,254592416,969707039,17415010951,/home/gglab/votruja6_diplomka/Diplodocus/experiments/runs/Skydemo/cam2/ploc_sobb/repeat_03/stats.json
Skydemo,cam2,4,ploc_sobb,gpu,1024,768,32,2,8,46,25,32,4,16,90.82057189941406,22.495894,12.161387,0.067478,2.968827,0.266725,0.269106,11.152945,0.41357,3.062248,23.896676,7425607,3712803,3712804,83.27005004882812,333572.1875,1.3309701681137085,1.566550850868225,25165824,40410048,190154880,254592416,969769732,17415334293,/home/gglab/votruja6_diplomka/Diplodocus/experiments/runs/Skydemo/cam2/ploc_sobb/repeat_04/stats.json
Skydemo,cam2,0,ploc_emc1_sobb,gpu,1024,768,32,2,8,42,25,32,4,16,88.32420349121094,22.448682,11.222527,0.045625,3.026789,0.26554,0.304918,10.397935,0.399973,2.834131,23.168276,7425607,3712803,3712804,83.58550262451172,333572.1875,2.1895058155059814,1.565049409866333,25165824,40410048,190154880,254592416,950754784,16787796487,/home/gglab/votruja6_diplomka/Diplodocus/experiments/runs/Skydemo/cam2/ploc_emc1_sobb/repeat_00/stats.json
Skydemo,cam2,1,ploc_emc1_sobb,gpu,1024,768,32,2,8,43,25,32,4,16,89.90869903564453,22.261724,11.03405,0.055868,3.070625,0.274268,0.310588,10.459405,0.394965,2.250287,22.729588,7425607,3712803,3712804,83.58550262451172,333572.1875,2.105726957321167,1.559839129447937,25165824,40410048,190154880,254592416,950765797,16787817207,/home/gglab/votruja6_diplomka/Diplodocus/experiments/runs/Skydemo/cam2/ploc_emc1_sobb/repeat_01/stats.json
Skydemo,cam2,2,ploc_emc1_sobb,gpu,1024,768,32,2,8,44,25,32,4,16,89.93309783935547,23.302256,11.899941,0.074741,2.94835,0.264167,0.262674,10.883098,0.409978,2.931491,24.12204,7425607,3712803,3712804,83.58550262451172,333572.1875,2.1181771755218506,1.5621123313903809,25165824,40410048,190154880,254592416,950775183,16787728737,/home/gglab/votruja6_diplomka/Diplodocus/experiments/runs/Skydemo/cam2/ploc_emc1_sobb/repeat_02/stats.json
Skydemo,cam2,3,ploc_emc1_sobb,gpu,1024,768,32,2,8,45,25,32,4,16,89.00474548339844,22.557412,12.654053,0.099023,3.004945,0.277782,0.393378,10.166865,0.445764,3.924357,22.882796,7425607,3712803,3712804,83.58550262451172,333572.1875,2.1542091369628906,1.5689575672149658,25165824,40410048,190154880,254592416,950768492,16788046726,/home/gglab/votruja6_diplomka/Diplodocus/experiments/runs/Skydemo/cam2/ploc_emc1_sobb/repeat_03/stats.json
Skydemo,cam2,4,ploc_emc1_sobb,gpu,1024,768,32,2,8,46,25,32,4,16,90.174072265625,21.670932,11.541627,0.046025,3.047044,0.278799,0.313154,10.457668,0.412788,2.954416,22.3382,7425607,3712803,3712804,83.58550262451172,333572.1875,2.173454999923706,1.5899053812026978,25165824,40410048,190154880,254592416,950793714,16788162500,/home/gglab/votruja6_diplomka/Diplodocus/experiments/runs/Skydemo/cam2/ploc_emc1_sobb/repeat_04/stats.json
Skydemo,cam2,0,ploc_emc2_sobb,gpu,1024,768,32,2,8,42,25,32,4,16,92.5432357788086,23.381076,13.376709,0.072839,3.05277,0.273534,0.334592,10.667143,0.415128,2.942354,23.616984,7425607,3712803,3712804,82.39280700683594,333572.1875,2.049933910369873,1.4846044778823853,25165824,40410048,190154880,254592416,900096777,15886484291,/home/gglab/votruja6_diplomka/Diplodocus/experiments/runs/Skydemo/cam2/ploc_emc2_sobb/repeat_00/stats.json
Skydemo,cam2,1,ploc_emc2_sobb,gpu,1024,768,32,2,8,43,25,32,4,16,89.50651550292969,22.90512,11.567757,0.056172,2.998453,0.272087,0.321512,10.495489,0.414479,2.935603,23.340968,7425607,3712803,3712804,82.39280700683594,333572.1875,2.0518949031829834,1.4785418510437012,25165824,40410048,190154880,254592416,900129468,15886626308,/home/gglab/votruja6_diplomka/Diplodocus/experiments/runs/Skydemo/cam2/ploc_emc2_sobb/repeat_01/stats.json
Skydemo,cam2,2,ploc_emc2_sobb,gpu,1024,768,32,2,8,44,25,32,4,16,89.48436737060547,22.699142,12.452136,0.091152,2.964364,0.271132,0.327457,10.520114,0.394135,3.679556,23.394186,7425607,3712803,3712804,82.39280700683594,333572.1875,2.0386717319488525,1.4787665605545044,25165824,40410048,190154880,254592416,900116736,15886320869,/home/gglab/votruja6_diplomka/Diplodocus/experiments/runs/Skydemo/cam2/ploc_emc2_sobb/repeat_02/stats.json
Skydemo,cam2,3,ploc_emc2_sobb,gpu,1024,768,32,2,8,45,25,32,4,16,89.37428283691406,22.68404,11.631783,0.07189,2.993415,0.282204,0.33555,10.477037,0.425294,3.109148,23.385548,7425607,3712803,3712804,82.39280700683594,333572.1875,2.0451533794403076,1.4694323539733887,25165824,40410048,190154880,254592416,900119032,15886629604,/home/gglab/votruja6_diplomka/Diplodocus/experiments/runs/Skydemo/cam2/ploc_emc2_sobb/repeat_03/stats.json
Skydemo,cam2,4,ploc_emc2_sobb,gpu,1024,768,32,2,8,46,25,32,4,16,94.13616180419922,23.29566,13.215609,0.072017,3.003543,0.315989,0.32718,12.058573,0.456408,2.905988,25.266248,7425607,3712803,3712804,82.39280700683594,333572.1875,2.067514419555664,1.4894342422485352,25165824,40410048,190154880,254592416,900166061,15886912112,/home/gglab/votruja6_diplomka/Diplodocus/experiments/runs/Skydemo/cam2/ploc_emc2_sobb/repeat_04/stats.json
Sponza,cam0,0,ploc,gpu,1024,768,32,2,8,42,25,32,4,16,14.51003646850586,3.925344,5.688689,0.060818,0.708332,0.193462,0.232271,3.641169,0.28053,0.0,5.798883,524537,262268,262269,157.36953735351562,21514.21875,0.9956259727478027,0.8287268280982971,25165824,13265120,191927200,230328192,1531859701,13902663077,/home/gglab/votruja6_diplomka/Diplodocus/experiments/runs/Sponza/cam0/ploc/repeat_00/stats.json
Sponza,cam0,1,ploc,gpu,1024,768,32,2,8,43,25,32,4,16,14.367473602294922,3.366471,5.890519,0.056387,0.651099,0.201721,0.240258,3.733167,0.277846,0.0,5.851577,524537,262268,262269,157.36953735351562,21514.21875,0.9862127900123596,0.8183721303939819,25165824,13265120,191927200,230328192,1531884540,13902455626,/home/gglab/votruja6_diplomka/Diplodocus/experiments/runs/Sponza/cam0/ploc/repeat_01/stats.json
Sponza,cam0,2,ploc,gpu,1024,768,32,2,8,44,25,32,4,16,13.892965316772461,3.229659,5.6208,0.146111,0.606424,0.191965,0.231036,3.610465,0.268599,0.0,5.641585,524537,262268,262269,157.36953735351562,21514.21875,0.9978594183921814,0.8211238384246826,25165824,13265120,191927200,230328192,1531873555,13903250048,/home/gglab/votruja6_diplomka/Diplodocus/experiments/runs/Sponza/cam0/ploc/repeat_02/stats.json
Sponza,cam0,3,ploc,gpu,1024,768,32,2,8,45,25,32,4,16,15.729096412658691,3.83655,6.242505,0.065926,0.807175,0.219435,0.230144,4.049043,0.402577,0.0,6.442647,524537,262268,262269,157.36953735351562,21514.21875,1.018813133239746,0.8206921815872192,25165824,13265120,191927200,230328192,1531877746,13902308744,/home/gglab/votruja6_diplomka/Diplodocus/experiments/runs/Sponza/cam0/ploc/repeat_03/stats.json
Sponza,cam0,4,ploc,gpu,1024,768,32,2,8,46,25,32,4,16,14.179525375366211,3.133805,5.780032,0.047821,0.636522,0.192393,0.214838,3.942655,0.283924,0.0,5.906673,524537,262268,262269,157.36953735351562,21514.21875,0.9797368049621582,0.8189098834991455,25165824,13265120,191927200,230328192,1531886161,13902803100,/home/gglab/votruja6_diplomka/Diplodocus/experiments/runs/Sponza/cam0/ploc/repeat_04/stats.json
Sponza,cam0,0,ploc_emc1,gpu,1024,768,32,2,8,42,25,32,4,16,14.830863952636719,3.175429,6.226718,0.062873,0.620443,0.229549,0.221469,4.096624,0.323533,0.0,6.250487,524537,262268,262269,157.7755584716797,21514.21875,0.2639966905117035,0.8336718678474426,25165824,13265120,191927200,230328192,1533000628,14069472399,/home/gglab/votruja6_diplomka/Diplodocus/experiments/runs/Sponza/cam0/ploc_emc1/repeat_00/stats.json
Sponza,cam0,1,ploc_emc1,gpu,1024,768,32,2,8,43,25,32,4,16,15.383111953735352,4.49952,5.758144,0.058607,0.948128,0.198876,0.237277,3.79016,0.284355,0.0,6.235146,524537,262268,262269,157.7755584716797,21514.21875,1.064900279045105,0.8394317626953125,25165824,13265120,191927200,230328192,1533025753,14069341378,/home/gglab/votruja6_diplomka/Diplodocus/experiments/runs/Sponza/cam0/ploc_emc1/repeat_01/stats.json
Sponza,cam0,2,ploc_emc1,gpu,1024,768,32,2,8,44,25,32,4,16,14.151795387268066,3.197831,5.792314,0.135532,0.594152,0.19551,0.228354,3.831683,0.277691,0.0,5.967935,524537,262268,262269,157.7755584716797,21514.21875,1.0711328983306885,0.8325628042221069,25165824,13265120,191927200,230328192,1533010713,14069916298,/home/gglab/votruja6_diplomka/Diplodocus/experiments/runs/Sponza/cam0/ploc_emc1/repeat_02/stats.json
Sponza,cam0,3,ploc_emc1,gpu,1024,768,32,2,8,45,25,32,4,16,15.247410774230957,3.85372,5.991964,0.167883,0.870007,0.2032,0.192384,4.027024,0.287079,0.0,6.369338,524537,262268,262269,157.7755584716797,21514.21875,1.0182324647903442,0.8371177911758423,25165824,13265120,191927200,230328192,1533017804,14069054547,/home/gglab/votruja6_diplomka/Diplodocus/experiments/runs/Sponza/cam0/ploc_emc1/repeat_03/stats.json
Sponza,cam0,4,ploc_emc1,gpu,1024,768,32,2,8,46,25,32,4,16,15.749865531921387,3.508525,6.046832,0.065324,0.611839,0.210027,0.216885,3.95392,0.301141,0.0,6.103549,524537,262268,262269,157.7755584716797,21514.21875,1.0339285135269165,0.834723174571991,25165824,13265120,191927200,230328192,1533037067,14069767293,/home/gglab/votruja6_diplomka/Diplodocus/experiments/runs/Sponza/cam0/ploc_emc1/repeat_04/stats.json
Sponza,cam0,0,ploc_emc2,gpu,1024,768,32,2,8,42,25,32,4,16,15.65394115447998,3.048264,5.889378,0.079716,0.624989,0.20614,0.245571,3.881837,0.288622,0.0,5.686114,524537,262268,262269,159.14794921875,21514.21875,1.0489610433578491,0.83914715051651,25165824,13265088,191927040,230328000,1550579747,14718788880,/home/gglab/votruja6_diplomka/Diplodocus/experiments/runs/Sponza/cam0/ploc_emc2/repeat_00/stats.json
Sponza,cam0,1,ploc_emc2,gpu,1024,768,32,2,8,43,25,32,4,16,15.72234058380127,3.193487,6.742755,0.074088,0.590434,0.226617,0.247087,4.395325,0.390757,0.0,6.619157,524537,262268,262269,159.14794921875,21514.21875,1.017440676689148,0.8367433547973633,25165824,13265088,191927040,230328000,1550606269,14718629843,/home/gglab/votruja6_diplomka/Diplodocus/experiments/runs/Sponza/cam0/ploc_emc2/repeat_01/stats.json
Sponza,cam0,2,ploc_emc2,gpu,1024,768,32,2,8,44,25,32,4,16,15.088268280029297,3.2123,6.365105,0.075141,0.639424,0.200744,0.227434,4.267858,0.292353,0.0,6.403105,524537,262268,262269,159.14794921875,21514.21875,0.9983898401260376,0.8337700366973877,25165824,13265088,191927040,230328000,1550620562,14719316064,/home/gglab/votruja6_diplomka/Diplodocus/experiments/runs/Sponza/cam0/ploc_emc2/repeat_02/stats.json
Sponza,cam0,3,ploc_emc2,gpu,1024,768,32,2,8,45,25,32,4,16,15.371788024902344,3.659843,6.404379,0.170302,0.678023,0.204288,0.241382,3.951814,0.292432,0.0,6.216988,524537,262268,262269,159.14794921875,21514.21875,1.0230848789215088,0.8374388217926025,25165824,13265088,191927040,230328000,1550594767,14718308620,/home/gglab/votruja6_diplomka/Diplodocus/experiments/runs/Sponza/cam0/ploc_emc2/repeat_03/stats.json
Sponza,cam0,4,ploc_emc2,gpu,1024,768,32,2,8,46,25,32,4,16,16.4117488861084,3.344327,6.051673,0.061052,0.712585,0.207355,0.248983,3.867721,0.304009,0.0,6.021773,524537,262268,262269,159.14794921875,21514.21875,1.0015392303466797,0.8349499106407166,25165824,13265088,191927040,230328000,1550623844,14719054548,/home/gglab/votruja6_diplomka/Diplodocus/experiments/runs/Sponza/cam0/ploc_emc2/repeat_04/stats.json
Sponza,cam0,0,ploc_sobb,gpu,1024,768,32,2,8,42,25,32,4,16,18.165712356567383,3.241083,6.322631,0.064761,0.62638,0.189987,0.223877,3.664548,0.270087,0.828522,5.941827,524537,262268,262269,208.33401489257812,23563.19140625,1.3396885395050049,1.1553419828414917,25165824,13265120,191927200,230328192,1142185822,13219011092,/home/gglab/votruja6_diplomka/Diplodocus/experiments/runs/Sponza/cam0/ploc_sobb/repeat_00/stats.json
Sponza,cam0,1,ploc_sobb,gpu,1024,768,32,2,8,43,25,32,4,16,19.57154655456543,3.872665,6.317997,0.09143,0.845789,0.195372,0.196347,3.76238,0.288822,0.772094,6.213467,524537,262268,262269,208.33401489257812,23563.19140625,1.3302357196807861,1.1553070545196533,25165824,13265120,191927200,230328192,1142225586,13218868961,/home/gglab/votruja6_diplomka/Diplodocus/experiments/runs/Sponza/cam0/ploc_sobb/repeat_01/stats.json
Sponza,cam0,2,ploc_sobb,gpu,1024,768,32,2,8,44,25,32,4,16,18.858497619628906,3.25612,6.971466,0.058528,0.613492,0.194419,0.230114,3.745867,0.288159,0.927742,6.042439,524537,262268,262269,208.33401489257812,23563.19140625,1.3285439014434814,1.1565240621566772,25165824,13265120,191927200,230328192,1142209875,13219634733,/home/gglab/votruja6_diplomka/Diplodocus/experiments/runs/Sponza/cam0/ploc_sobb/repeat_02/stats.json
Sponza,cam0,3,ploc_sobb,gpu,1024,768,32,2,8,45,25,32,4,16,18.285560607910156,3.263104,6.255516,0.061945,0.632482,0.195776,0.227422,3.681178,0.285188,0.724977,5.964237,524537,262268,262269,208.33401489257812,23563.19140625,1.3324944972991943,1.152227759361267,25165824,13265120,191927200,230328192,1142223854,13218699203,/home/gglab/votruja6_diplomka/Diplodocus/experiments/runs/Sponza/cam0/ploc_sobb/repeat_03/stats.json
Sponza,cam0,4,ploc_sobb,gpu,1024,768,32,2,8,46,25,32,4,16,18.606266021728516,3.111803,6.602678,0.050958,0.630356,0.217658,0.196622,4.033574,0.327841,0.624359,6.403048,524537,262268,262269,208.33401489257812,23563.19140625,1.3229446411132812,1.1468455791473389,25165824,13265120,191927200,230328192,1142222283,13219215511,/home/gglab/votruja6_diplomka/Diplodocus/experiments/runs/Sponza/cam0/ploc_sobb/repeat_04/stats.json
Sponza,cam0,0,ploc_emc1_sobb,gpu,1024,768,32,2,8,42,25,32,4,16,18.49435806274414,3.20838,6.437503,0.069806,0.635572,0.203238,0.220361,3.799003,0.288773,0.759972,6.12508,524537,262268,262269,208.9200439453125,23563.19140625,1.3520195484161377,1.1790533065795898,25165824,13265120,191927200,230328192,1145764086,13454537959,/home/gglab/votruja6_diplomka/Diplodocus/experiments/runs/Sponza/cam0/ploc_emc1_sobb/repeat_00/stats.json
Sponza,cam0,1,ploc_emc1_sobb,gpu,1024,768,32,2,8,43,25,32,4,16,19.835529327392578,3.31461,7.24219,0.065164,0.716599,0.20382,0.221725,4.245414,0.319047,0.850473,6.695239,524537,262268,262269,208.9200439453125,23563.19140625,1.364742636680603,1.1854643821716309,25165824,13265120,191927200,230328192,1145795629,13454417019,/home/gglab/votruja6_diplomka/Diplodocus/experiments/runs/Sponza/cam0/ploc_emc1_sobb/repeat_01/stats.json
Sponza,cam0,2,ploc_emc1_sobb,gpu,1024,768,32,2,8,44,25,32,4,16,19.427265167236328,3.339893,6.884406,0.058376,0.63086,0.202448,0.20479,4.184613,0.293751,0.714034,6.468349,524537,262268,262269,208.9200439453125,23563.19140625,1.3721415996551514,1.187781572341919,25165824,13265120,191927200,230328192,1145772422,13455010196,/home/gglab/votruja6_diplomka/Diplodocus/experiments/runs/Sponza/cam0/ploc_emc1_sobb/repeat_02/stats.json
Sponza,cam0,3,ploc_emc1_sobb,gpu,1024,768,32,2,8,45,25,32,4,16,21.953752517700195,3.418428,8.314665,0.061044,0.680344,0.209675,0.244822,4.913788,0.589373,0.741046,7.582381,524537,262268,262269,208.9200439453125,23563.19140625,1.3708059787750244,1.1867468357086182,25165824,13265120,191927200,230328192,1145783814,13454115370,/home/gglab/votruja6_diplomka/Diplodocus/experiments/runs/Sponza/cam0/ploc_emc1_sobb/repeat_03/stats.json
Sponza,cam0,4,ploc_emc1_sobb,gpu,1024,768,32,2,8,46,25,32,4,16,20.104686737060547,4.111694,6.59547,0.071941,0.666501,0.214243,0.213661,4.02429,0.301338,0.707435,6.405236,524537,262268,262269,208.9200439453125,23563.19140625,1.3632497787475586,1.187071442604065,25165824,13265120,191927200,230328192,1145789437,13454843464,/home/gglab/votruja6_diplomka/Diplodocus/experiments/runs/Sponza/cam0/ploc_emc1_sobb/repeat_04/stats.json
Sponza,cam0,0,ploc_emc2_sobb,gpu,1024,768,32,2,8,42,25,32,4,16,21.083452224731445,3.624388,8.249498,0.147917,0.798818,0.202675,0.217084,4.236478,0.298252,0.983701,6.922951,524537,262268,262269,210.9141387939453,23563.19140625,1.3878544569015503,1.1863385438919067,25165824,13265088,191927040,230328000,1159994342,13992838343,/home/gglab/votruja6_diplomka/Diplodocus/experiments/runs/Sponza/cam0/ploc_emc2_sobb/repeat_00/stats.json
Sponza,cam0,1,ploc_emc2_sobb,gpu,1024,768,32,2,8,43,25,32,4,16,20.493751525878906,3.723589,7.277307,0.224423,0.633655,0.242161,0.263265,4.341523,0.310538,0.776608,6.962104,524537,262268,262269,210.9141387939453,23563.19140625,1.3560848236083984,1.1747231483459473,25165824,13265088,191927040,230328000,1160032930,13992703509,/home/gglab/votruja6_diplomka/Diplodocus/experiments/runs/Sponza/cam0/ploc_emc2_sobb/repeat_01/stats.json
Sponza,cam0,2,ploc_emc2_sobb,gpu,1024,768,32,2,8,44,25,32,4,16,18.786376953125,3.206912,6.4979,0.058929,0.67496,0.207357,0.232492,3.897345,0.294209,0.81687,6.306592,524537,262268,262269,210.9141387939453,23563.19140625,1.3624351024627686,1.1715824604034424,25165824,13265088,191927040,230328000,1160023948,13993385647,/home/gglab/votruja6_diplomka/Diplodocus/experiments/runs/Sponza/cam0/ploc_emc2_sobb/repeat_02/stats.json
Sponza,cam0,3,ploc_emc2_sobb,gpu,1024,768,32,2,8,45,25,32,4,16,20.673686981201172,4.923412,6.531466,0.167287,0.740273,0.20242,0.24508,3.904772,0.288081,0.724715,6.46122,524537,262268,262269,210.9141387939453,23563.19140625,1.361242413520813,1.1781679391860962,25165824,13265088,191927040,230328000,1160015051,13992379114,/home/gglab/votruja6_diplomka/Diplodocus/experiments/runs/Sponza/cam0/ploc_emc2_sobb/repeat_03/stats.json
Sponza,cam0,4,ploc_emc2_sobb,gpu,1024,768,32,2,8,46,25,32,4,16,19.48527717590332,3.523651,6.934909,0.06428,0.747585,0.203669,0.233832,4.016652,0.290349,0.862682,6.45569,524537,262268,262269,210.9141387939453,23563.19140625,0.5702505707740784,0.3883984386920929,25165824,13265088,191927040,230328000,1160022684,13993090392,/home/gglab/votruja6_diplomka/Diplodocus/experiments/runs/Sponza/cam0/ploc_emc2_sobb/repeat_04/stats.json
Sponza,cam1,0,ploc,gpu,1024,768,32,2,8,42,25,32,4,16,15.463034629821777,3.75997,6.269623,0.063336,0.781882,0.193505,0.220891,4.218664,0.281636,0.0,6.59396,524537,262268,262269,157.36953735351562,21514.21875,0.8039308786392212,0.6330048441886902,25165824,9135424,170769600,205046336,1208551687,11691683682,/home/gglab/votruja6_diplomka/Diplodocus/experiments/runs/Sponza/cam1/ploc/repeat_00/stats.json
Sponza,cam1,1,ploc,gpu,1024,768,32,2,8,43,25,32,4,16,15.255520820617676,4.51561,5.783026,0.046203,0.848835,0.191625,0.228147,3.686937,0.276671,0.0,5.969308,524537,262268,262269,157.36953735351562,21514.21875,0.8088982701301575,0.6297792196273804,25165824,9135424,170769600,205046336,1208555659,11691592315,/home/gglab/votruja6_diplomka/Diplodocus/experiments/runs/Sponza/cam1/ploc/repeat_01/stats.json
Sponza,cam1,2,ploc,gpu,1024,768,32,2,8,44,25,32,4,16,15.12586784362793,3.294714,6.422613,0.044943,0.66825,0.191878,0.20847,4.14105,0.299399,0.0,6.266975,524537,262268,262269,157.36953735351562,21514.21875,0.7860593795776367,0.6259993314743042,25165824,9135424,170769600,205046336,1208546433,11691855559,/home/gglab/votruja6_diplomka/Diplodocus/experiments/runs/Sponza/cam1/ploc/repeat_02/stats.json
Sponza,cam1,3,ploc,gpu,1024,768,32,2,8,45,25,32,4,16,14.642820358276367,3.730198,5.781674,0.064163,0.890739,0.193017,0.226992,3.696186,0.27357,0.0,5.993071,524537,262268,262269,157.36953735351562,21514.21875,0.7974358797073364,0.629645824432373,25165824,9135424,170769600,205046336,1208573215,11692206702,/home/gglab/votruja6_diplomka/Diplodocus/experiments/runs/Sponza/cam1/ploc/repeat_03/stats.json
Sponza,cam1,4,ploc,gpu,1024,768,32,2,8,46,25,32,4,16,14.907362937927246,4.301476,5.634581,0.087966,1.240814,0.201579,0.221777,3.6712,0.281014,0.0,6.390594,524537,262268,262269,157.36953735351562,21514.21875,0.7952103614807129,0.6293293237686157,25165824,9135424,170769600,205046336,1208585806,11691827307,/home/gglab/votruja6_diplomka/Diplodocus/experiments/runs/Sponza/cam1/ploc/repeat_04/stats.json
Sponza,cam1,0,ploc_emc1,gpu,1024,768,32,2,8,42,25,32,4,16,15.85130500793457,4.895833,5.865651,0.093523,0.611109,0.199319,0.226072,3.867893,0.292781,0.0,5.931734,524537,262268,262269,157.7755584716797,21514.21875,0.7978790998458862,0.6307232975959778,25165824,9135424,170769600,205046336,1198035810,11342406001,/home/gglab/votruja6_diplomka/Diplodocus/experiments/runs/Sponza/cam1/ploc_emc1/repeat_00/stats.json
Sponza,cam1,1,ploc_emc1,gpu,1024,768,32,2,8,43,25,32,4,16,14.404497146606445,3.200268,5.974007,0.048537,0.633128,0.207044,0.227791,3.956731,0.281321,0.0,6.040268,524537,262268,262269,157.7755584716797,21514.21875,0.7914515733718872,0.6238474249839783,25165824,9135424,170769600,205046336,1198020228,11342425399,/home/gglab/votruja6_diplomka/Diplodocus/experiments/runs/Sponza/cam1/ploc_emc1/repeat_01/stats.json
Sponza,cam1,2,ploc_emc1,gpu,1024,768,32,2,8,44,25,32,4,16,14.386895179748535,3.309395,5.889252,0.064092,0.631906,0.19993,0.229196,3.888225,0.283867,0.0,5.958118,524537,262268,262269,157.7755584716797,21514.21875,0.7901580929756165,0.6331703066825867,25165824,9135424,170769600,205046336,1198020483,11342832540,/home/gglab/votruja6_diplomka/Diplodocus/experiments/runs/Sponza/cam1/ploc_emc1/repeat_02/stats.json
Sponza,cam1,3,ploc_emc1,gpu,1024,768,32,2,8,45,25,32,4,16,15.271499633789062,4.447805,5.761099,0.090925,0.631054,0.204825,0.24609,3.704627,0.28328,0.0,5.886239,524537,262268,262269,157.7755584716797,21514.21875,0.8205751776695251,0.6278167366981506,25165824,9135424,170769600,205046336,1198038090,11342935765,/home/gglab/votruja6_diplomka/Diplodocus/experiments/runs/Sponza/cam1/ploc_emc1/repeat_03/stats.json
Sponza,cam1,4,ploc_emc1,gpu,1024,768,32,2,8,46,25,32,4,16,14.623675346374512,3.510261,5.776345,0.080831,0.811248,0.200504,0.233235,3.76402,0.28166,0.0,5.916172,524537,262268,262269,157.7755584716797,21514.21875,0.8307549953460693,0.6275668144226074,25165824,9135424,170769600,205046336,1198036753,11342513595,/home/gglab/votruja6_diplomka/Diplodocus/experiments/runs/Sponza/cam1/ploc_emc1/repeat_04/stats.json
Sponza,cam1,0,ploc_emc2,gpu,1024,768,32,2,8,42,25,32,4,16,14.861968994140625,3.855941,5.821916,0.074139,0.830306,0.207142,0.255158,3.877353,0.292297,0.0,6.269211,524537,262268,262269,159.14794921875,21514.21875,0.8308541178703308,0.6459222435951233,25165824,9135424,170769600,205046336,1256945304,12076676654,/home/gglab/votruja6_diplomka/Diplodocus/experiments/runs/Sponza/cam1/ploc_emc2/repeat_00/stats.json
Sponza,cam1,1,ploc_emc2,gpu,1024,768,32,2,8,43,25,32,4,16,15.86263370513916,3.351248,6.632842,0.129184,0.562691,0.207835,0.219769,4.464995,0.365827,0.0,6.642041,524537,262268,262269,159.14794921875,21514.21875,0.8425679802894592,0.6499170660972595,25165824,9135424,170769600,205046336,1256959592,12076564056,/home/gglab/votruja6_diplomka/Diplodocus/experiments/runs/Sponza/cam1/ploc_emc2/repeat_01/stats.json
Sponza,cam1,2,ploc_emc2,gpu,1024,768,32,2,8,44,25,32,4,16,18.82005500793457,3.728048,7.762441,0.070203,0.639717,0.25236,0.279914,5.431514,0.814203,0.0,8.359385,524537,262268,262269,159.14794921875,21514.21875,0.8353853225708008,0.6503915190696716,25165824,9135424,170769600,205046336,1256951778,12077057377,/home/gglab/votruja6_diplomka/Diplodocus/experiments/runs/Sponza/cam1/ploc_emc2/repeat_02/stats.json
Sponza,cam1,3,ploc_emc2,gpu,1024,768,32,2,8,45,25,32,4,16,14.7406587600708,3.42488,5.93536,0.079001,0.62942,0.206706,0.227774,4.115121,0.296758,0.0,6.227202,524537,262268,262269,159.14794921875,21514.21875,0.8179513216018677,0.6482188701629639,25165824,9135424,170769600,205046336,1256963327,12077096129,/home/gglab/votruja6_diplomka/Diplodocus/experiments/runs/Sponza/cam1/ploc_emc2/repeat_03/stats.json
Sponza,cam1,4,ploc_emc2,gpu,1024,768,32,2,8,46,25,32,4,16,15.15040111541748,3.317125,6.352359,0.059619,0.651379,0.20471,0.227598,4.20248,0.29556,0.0,6.326896,524537,262268,262269,159.14794921875,21514.21875,0.8186817169189453,0.6501204371452332,25165824,9135424,170769600,205046336,1256966023,12076554849,/home/gglab/votruja6_diplomka/Diplodocus/experiments/runs/Sponza/cam1/ploc_emc2/repeat_04/stats.json
Sponza,cam1,0,ploc_sobb,gpu,1024,768,32,2,8,42,25,32,4,16,19.227771759033203,3.261848,6.874157,0.067905,0.636286,0.209829,0.221086,4.064351,0.3218,0.726801,6.417394,524537,262268,262269,208.33401489257812,23563.19140625,1.0621628761291504,0.8895263671875,25165824,9135424,170769600,205046336,898617538,11148081006,/home/gglab/votruja6_diplomka/Diplodocus/experiments/runs/Sponza/cam1/ploc_sobb/repeat_00/stats.json
Sponza,cam1,1,ploc_sobb,gpu,1024,768,32,2,8,43,25,32,4,16,21.28794288635254,3.781331,7.871305,0.059577,0.841632,0.194272,0.217688,4.551656,0.302691,0.883506,7.03416,524537,262268,262269,208.33401489257812,23563.19140625,1.0684317350387573,0.8877296447753906,25165824,9135424,170769600,205046336,898615948,11147979315,/home/gglab/votruja6_diplomka/Diplodocus/experiments/runs/Sponza/cam1/ploc_sobb/repeat_01/stats.json
Sponza,cam1,2,ploc_sobb,gpu,1024,768,32,2,8,44,25,32,4,16,20.40740394592285,3.764378,7.341971,0.046971,0.869052,0.201286,0.205739,4.230876,0.359071,0.805791,6.77913,524537,262268,262269,208.33401489257812,23563.19140625,1.0879806280136108,0.8970787525177002,25165824,9135424,170769600,205046336,898611391,11148259650,/home/gglab/votruja6_diplomka/Diplodocus/experiments/runs/Sponza/cam1/ploc_sobb/repeat_02/stats.json
Sponza,cam1,3,ploc_sobb,gpu,1024,768,32,2,8,45,25,32,4,16,23.071252822875977,3.691216,8.798247,0.046789,0.718103,0.310081,0.311732,5.368155,0.323673,0.838514,8.067525,524537,262268,262269,208.33401489257812,23563.19140625,1.0942269563674927,0.8897613286972046,25165824,9135424,170769600,205046336,898611648,11148568323,/home/gglab/votruja6_diplomka/Diplodocus/experiments/runs/Sponza/cam1/ploc_sobb/repeat_03/stats.json
Sponza,cam1,4,ploc_sobb,gpu,1024,768,32,2,8,46,25,32,4,16,19.232322692871094,3.46178,6.792918,0.042826,0.863866,0.199009,0.232808,4.07446,0.279246,0.846546,6.739705,524537,262268,262269,208.33401489257812,23563.19140625,1.08286452293396,0.8938520550727844,25165824,9135424,170769600,205046336,898628177,11148211601,/home/gglab/votruja6_diplomka/Diplodocus/experiments/runs/Sponza/cam1/ploc_sobb/repeat_04/stats.json
Sponza,cam1,0,ploc_emc1_sobb,gpu,1024,768,32,2,8,42,25,32,4,16,20.104679107666016,3.682259,7.16851,0.143843,0.791593,0.205362,0.210524,4.286329,0.322835,0.822356,6.881426,524537,262268,262269,208.9200439453125,23563.19140625,1.0832784175872803,0.8847586512565613,25165824,9135424,170769600,205046336,887469379,10848985166,/home/gglab/votruja6_diplomka/Diplodocus/experiments/runs/Sponza/cam1/ploc_emc1_sobb/repeat_00/stats.json
Sponza,cam1,1,ploc_emc1_sobb,gpu,1024,768,32,2,8,43,25,32,4,16,19.354463577270508,3.134572,6.853659,0.045484,0.630593,0.204262,0.220791,4.424031,0.31819,0.701034,6.854453,524537,262268,262269,208.9200439453125,23563.19140625,1.0815575122833252,0.8828572034835815,25165824,9135424,170769600,205046336,887440724,10849002958,/home/gglab/votruja6_diplomka/Diplodocus/experiments/runs/Sponza/cam1/ploc_emc1_sobb/repeat_01/stats.json
Sponza,cam1,2,ploc_emc1_sobb,gpu,1024,768,32,2,8,44,25,32,4,16,21.954654693603516,3.169897,9.263059,0.065498,0.588744,0.209324,0.2482,4.529788,0.322542,1.081975,6.866614,524537,262268,262269,208.9200439453125,23563.19140625,1.0912151336669922,0.8870912790298462,25165824,9135424,170769600,205046336,887443547,10849410734,/home/gglab/votruja6_diplomka/Diplodocus/experiments/runs/Sponza/cam1/ploc_emc1_sobb/repeat_02/stats.json
Sponza,cam1,3,ploc_emc1_sobb,gpu,1024,768,32,2,8,45,25,32,4,16,19.244964599609375,3.199805,7.011934,0.071148,0.613317,0.199233,0.229886,4.061269,0.287944,0.744749,6.335418,524537,262268,262269,208.9200439453125,23563.19140625,1.0732468366622925,0.8871259093284607,25165824,9135424,170769600,205046336,887439899,10849479181,/home/gglab/votruja6_diplomka/Diplodocus/experiments/runs/Sponza/cam1/ploc_emc1_sobb/repeat_03/stats.json
Sponza,cam1,4,ploc_emc1_sobb,gpu,1024,768,32,2,8,46,25,32,4,16,21.072107315063477,4.997714,6.883256,0.060724,0.803751,0.197264,0.23686,4.042808,0.288995,0.970139,6.558584,524537,262268,262269,208.9200439453125,23563.19140625,1.0857089757919312,0.8730547428131104,25165824,9135424,170769600,205046336,887452346,10849125310,/home/gglab/votruja6_diplomka/Diplodocus/experiments/runs/Sponza/cam1/ploc_emc1_sobb/repeat_04/stats.json
Sponza,cam1,0,ploc_emc2_sobb,gpu,1024,768,32,2,8,42,25,32,4,16,19.493467330932617,3.39335,7.385122,0.070494,0.706846,0.206812,0.232123,4.039735,0.333612,1.286919,6.502484,524537,262268,262269,210.9141387939453,23563.19140625,1.1367288827896118,0.9147606492042542,25165824,9135424,170769600,205046336,937758326,11525874664,/home/gglab/votruja6_diplomka/Diplodocus/experiments/runs/Sponza/cam1/ploc_emc2_sobb/repeat_00/stats.json
Sponza,cam1,1,ploc_emc2_sobb,gpu,1024,768,32,2,8,43,25,32,4,16,29.91943359375,3.475166,13.516635,0.080755,0.805221,0.225593,0.255913,6.788896,1.440647,3.36751,10.623208,524537,262268,262269,210.9141387939453,23563.19140625,1.1218897104263306,0.917910099029541,25165824,9135424,170769600,205046336,937765092,11525748411,/home/gglab/votruja6_diplomka/Diplodocus/experiments/runs/Sponza/cam1/ploc_emc2_sobb/repeat_01/stats.json
Sponza,cam1,2,ploc_emc2_sobb,gpu,1024,768,32,2,8,44,25,32,4,16,29.254085540771484,3.714457,11.522388,0.061541,0.812647,0.223446,0.251294,6.803421,1.503843,0.996419,10.595138,524537,262268,262269,210.9141387939453,23563.19140625,1.1231701374053955,0.9210419654846191,25165824,9135424,170769600,205046336,937746163,11526241204,/home/gglab/votruja6_diplomka/Diplodocus/experiments/runs/Sponza/cam1/ploc_emc2_sobb/repeat_02/stats.json
Sponza,cam1,3,ploc_emc2_sobb,gpu,1024,768,32,2,8,45,25,32,4,16,29.603561401367188,3.569695,12.076443,0.077412,0.637298,0.238462,0.255004,7.532626,1.660544,0.8736,11.323971,524537,262268,262269,210.9141387939453,23563.19140625,1.1132395267486572,0.9262757897377014,25165824,9135424,170769600,205046336,937737641,11526240296,/home/gglab/votruja6_diplomka/Diplodocus/experiments/runs/Sponza/cam1/ploc_emc2_sobb/repeat_03/stats.json
Sponza,cam1,4,ploc_emc2_sobb,gpu,1024,768,32,2,8,46,25,32,4,16,19.37486457824707,3.29256,6.841253,0.058299,0.601329,0.238455,0.264543,4.108792,0.390046,0.761412,6.590307,524537,262268,262269,210.9141387939453,23563.19140625,0.2976250648498535,0.9047252535820007,25165824,9135424,170769600,205046336,937759071,11525758877,/home/gglab/votruja6_diplomka/Diplodocus/experiments/runs/Sponza/cam1/ploc_emc2_sobb/repeat_04/stats.json
Sponza,cam2,0,ploc,gpu,1024,768,32,2,8,42,25,32,4,16,15.653010368347168,3.572482,6.368577,0.065105,0.783304,0.215832,0.224765,4.315993,0.376819,0.0,6.65183,524537,262268,262269,157.36953735351562,21514.21875,0.650950014591217,0.47218233346939087,25165824,10923552,180348800,216427552,1300010792,13108454302,/home/gglab/votruja6_diplomka/Diplodocus/experiments/runs/Sponza/cam2/ploc/repeat_00/stats.json
Sponza,cam2,1,ploc,gpu,1024,768,32,2,8,43,25,32,4,16,14.663599014282227,3.258464,6.089659,0.060318,0.642963,0.193135,0.224416,3.938371,0.292976,0.0,6.066309,524537,262268,262269,157.36953735351562,21514.21875,0.6442750692367554,0.47869452834129333,25165824,10923552,180348800,216427552,1300000339,13108234067,/home/gglab/votruja6_diplomka/Diplodocus/experiments/runs/Sponza/cam2/ploc/repeat_01/stats.json
Sponza,cam2,2,ploc,gpu,1024,768,32,2,8,44,25,32,4,16,22.313840866088867,3.486599,9.902144,0.062264,0.764873,0.206441,0.22733,6.378346,1.454252,0.0,9.794932,524537,262268,262269,157.36953735351562,21514.21875,0.6527310609817505,0.47258561849594116,25165824,10923552,180348800,216427552,1299993992,13108341645,/home/gglab/votruja6_diplomka/Diplodocus/experiments/runs/Sponza/cam2/ploc/repeat_02/stats.json
Sponza,cam2,3,ploc,gpu,1024,768,32,2,8,45,25,32,4,16,17.09127426147461,3.529949,7.489784,0.07653,0.787259,0.193528,0.197121,4.786251,0.290071,0.0,7.089692,524537,262268,262269,157.36953735351562,21514.21875,0.6668317914009094,0.4749847948551178,25165824,10923552,180348800,216427552,1300021454,13108216688,/home/gglab/votruja6_diplomka/Diplodocus/experiments/runs/Sponza/cam2/ploc/repeat_03/stats.json
Sponza,cam2,4,ploc,gpu,1024,768,32,2,8,46,25,32,4,16,14.40361499786377,3.576995,5.883866,0.061909,0.845777,0.193523,0.219651,3.657018,0.286195,0.0,5.953698,524537,262268,262269,157.36953735351562,21514.21875,0.6587498784065247,0.47407960891723633,25165824,10923552,180348800,216427552,1299985469,13108375107,/home/gglab/votruja6_diplomka/Diplodocus/experiments/runs/Sponza/cam2/ploc/repeat_04/stats.json
Sponza,cam2,0,ploc_emc1,gpu,1024,768,32,2,8,42,25,32,4,16,14.782099723815918,3.282001,6.200202,0.06127,0.591935,0.204476,0.242121,3.977846,0.299007,0.0,6.070705,524537,262268,262269,157.7755584716797,21514.21875,0.6804379224777222,0.4994978606700897,25165824,10923552,180348800,216427552,1439258158,13112382085,/home/gglab/votruja6_diplomka/Diplodocus/experiments/runs/Sponza/cam2/ploc_emc1/repeat_00/stats.json
Sponza,cam2,1,ploc_emc1,gpu,1024,768,32,2,8,43,25,32,4,16,19.1374568939209,4.143612,8.477362,0.059695,0.888393,0.205413,0.234954,4.917707,0.304334,0.0,7.362591,524537,262268,262269,157.7755584716797,21514.21875,0.7174751162528992,0.5006521940231323,25165824,10923552,180348800,216427552,1439267848,13112222361,/home/gglab/votruja6_diplomka/Diplodocus/experiments/runs/Sponza/cam2/ploc_emc1/repeat_01/stats.json
Sponza,cam2,2,ploc_emc1,gpu,1024,768,32,2,8,44,25,32,4,16,16.57510757446289,3.914543,6.595439,0.064533,0.660664,0.250011,0.259902,4.451882,0.525484,0.0,6.890009,524537,262268,262269,157.7755584716797,21514.21875,0.702377200126648,0.5003403425216675,25165824,10923552,180348800,216427552,1439265497,13112177826,/home/gglab/votruja6_diplomka/Diplodocus/experiments/runs/Sponza/cam2/ploc_emc1/repeat_02/stats.json
Sponza,cam2,3,ploc_emc1,gpu,1024,768,32,2,8,45,25,32,4,16,15.872740745544434,3.559667,6.598175,0.041988,0.767958,0.261082,0.234284,4.242406,0.425063,0.0,6.726105,524537,262268,262269,157.7755584716797,21514.21875,0.6753130555152893,0.4996812641620636,25165824,10923552,180348800,216427552,1439296845,13112265708,/home/gglab/votruja6_diplomka/Diplodocus/experiments/runs/Sponza/cam2/ploc_emc1/repeat_03/stats.json
Sponza,cam2,4,ploc_emc1,gpu,1024,768,32,2,8,46,25,32,4,16,15.762660026550293,3.266677,7.013236,0.044291,0.664599,0.206897,0.227874,4.152504,0.303959,0.0,6.283837,524537,262268,262269,157.7755584716797,21514.21875,0.6705967783927917,0.5000789165496826,25165824,10923552,180348800,216427552,1439241793,13112206143,/home/gglab/votruja6_diplomka/Diplodocus/experiments/runs/Sponza/cam2/ploc_emc1/repeat_04/stats.json
Sponza,cam2,0,ploc_emc2,gpu,1024,768,32,2,8,42,25,32,4,16,21.629106521606445,3.411646,9.34582,0.080325,0.717344,0.226514,0.263668,6.24412,1.247353,0.0,9.271256,524537,262268,262269,159.14794921875,21514.21875,0.6624276638031006,0.47104930877685547,25165824,10923552,180348800,216427552,1327430681,12630067852,/home/gglab/votruja6_diplomka/Diplodocus/experiments/runs/Sponza/cam2/ploc_emc2/repeat_00/stats.json
Sponza,cam2,1,ploc_emc2,gpu,1024,768,32,2,8,43,25,32,4,16,15.105083465576172,3.43471,6.241413,0.06155,0.689437,0.213386,0.213277,4.140511,0.304333,0.0,6.324767,524537,262268,262269,159.14794921875,21514.21875,0.6568666100502014,0.4714144468307495,25165824,10923552,180348800,216427552,1327410514,12629841065,/home/gglab/votruja6_diplomka/Diplodocus/experiments/runs/Sponza/cam2/ploc_emc2/repeat_01/stats.json
Sponza,cam2,2,ploc_emc2,gpu,1024,768,32,2,8,44,25,32,4,16,14.860647201538086,3.29329,6.226384,0.077961,0.704078,0.208013,0.233891,4.025966,0.341992,0.0,6.295668,524537,262268,262269,159.14794921875,21514.21875,0.6633145213127136,0.4736434817314148,25165824,10923552,180348800,216427552,1327413957,12629722525,/home/gglab/votruja6_diplomka/Diplodocus/experiments/runs/Sponza/cam2/ploc_emc2/repeat_02/stats.json
Sponza,cam2,3,ploc_emc2,gpu,1024,768,32,2,8,45,25,32,4,16,15.34605884552002,3.240845,6.444827,0.069082,0.614914,0.204557,0.23749,4.378824,0.297634,0.0,6.48665,524537,262268,262269,159.14794921875,21514.21875,0.6901270151138306,0.47310933470726013,25165824,10923552,180348800,216427552,1327442099,12629900799,/home/gglab/votruja6_diplomka/Diplodocus/experiments/runs/Sponza/cam2/ploc_emc2/repeat_03/stats.json
Sponza,cam2,4,ploc_emc2,gpu,1024,768,32,2,8,46,25,32,4,16,14.721826553344727,3.182483,6.342516,0.062977,0.661636,0.204046,0.240166,3.899242,0.300026,0.0,6.063938,524537,262268,262269,159.14794921875,21514.21875,0.6754399538040161,0.47249725461006165,25165824,10923552,180348800,216427552,1327419796,12629922615,/home/gglab/votruja6_diplomka/Diplodocus/experiments/runs/Sponza/cam2/ploc_emc2/repeat_04/stats.json
Sponza,cam2,0,ploc_sobb,gpu,1024,768,32,2,8,42,25,32,4,16,20.815635681152344,3.873936,7.302868,0.068806,0.918168,0.218198,0.254081,4.456384,0.458279,0.712776,7.259615,524537,262268,262269,208.33401489257812,23563.19140625,0.88177090883255,0.6546881794929504,25165824,10923552,180348800,216427552,945522408,12426756966,/home/gglab/votruja6_diplomka/Diplodocus/experiments/runs/Sponza/cam2/ploc_sobb/repeat_00/stats.json
Sponza,cam2,1,ploc_sobb,gpu,1024,768,32,2,8,43,25,32,4,16,19.772138595581055,3.855244,6.651482,0.08484,0.724188,0.191627,0.21134,3.692895,0.27894,0.829407,6.091601,524537,262268,262269,208.33401489257812,23563.19140625,0.8461424112319946,0.6530308723449707,25165824,10923552,180348800,216427552,945553120,12426623439,/home/gglab/votruja6_diplomka/Diplodocus/experiments/runs/Sponza/cam2/ploc_sobb/repeat_01/stats.json
Sponza,cam2,2,ploc_sobb,gpu,1024,768,32,2,8,44,25,32,4,16,20.452495574951172,3.66511,7.313508,0.065033,0.626225,0.253401,0.252512,4.432094,0.396694,0.763365,6.950618,524537,262268,262269,208.33401489257812,23563.19140625,0.8404979705810547,0.657494306564331,25165824,10923552,180348800,216427552,945530202,12426688352,/home/gglab/votruja6_diplomka/Diplodocus/experiments/runs/Sponza/cam2/ploc_sobb/repeat_02/stats.json
Sponza,cam2,3,ploc_sobb,gpu,1024,768,32,2,8,45,25,32,4,16,19.449268341064453,4.024982,6.387102,0.064044,0.649379,0.205105,0.208449,3.863426,0.286796,0.680135,6.115143,524537,262268,262269,208.33401489257812,23563.19140625,0.8293001651763916,0.6559920310974121,25165824,10923552,180348800,216427552,945544281,12426526669,/home/gglab/votruja6_diplomka/Diplodocus/experiments/runs/Sponza/cam2/ploc_sobb/repeat_03/stats.json
Sponza,cam2,4,ploc_sobb,gpu,1024,768,32,2,8,46,25,32,4,16,20.84910011291504,3.053002,6.893354,0.05937,0.640916,0.194419,0.225854,3.833585,0.281303,1.09707,6.011331,524537,262268,262269,208.33401489257812,23563.19140625,0.8348909616470337,0.6555039286613464,25165824,10923552,180348800,216427552,945542186,12426758907,/home/gglab/votruja6_diplomka/Diplodocus/experiments/runs/Sponza/cam2/ploc_sobb/repeat_04/stats.json
Sponza,cam2,0,ploc_emc1_sobb,gpu,1024,768,32,2,8,42,25,32,4,16,19.38020133972168,3.5366,6.790318,0.066735,0.848314,0.201575,0.218178,4.085087,0.286776,0.770463,6.620722,524537,262268,262269,208.9200439453125,23563.19140625,0.8663995265960693,0.6914724111557007,25165824,10923552,180348800,216427552,1073885057,12455384644,/home/gglab/votruja6_diplomka/Diplodocus/experiments/runs/Sponza/cam2/ploc_emc1_sobb/repeat_00/stats.json
Sponza,cam2,1,ploc_emc1_sobb,gpu,1024,768,32,2,8,43,25,32,4,16,19.601362228393555,3.241947,7.104111,0.066035,0.629374,0.204035,0.226353,4.390428,0.307684,0.730637,6.710993,524537,262268,262269,208.9200439453125,23563.19140625,0.874943733215332,0.6936392784118652,25165824,10923552,180348800,216427552,1073913056,12455239722,/home/gglab/votruja6_diplomka/Diplodocus/experiments/runs/Sponza/cam2/ploc_emc1_sobb/repeat_01/stats.json
Sponza,cam2,2,ploc_emc1_sobb,gpu,1024,768,32,2,8,44,25,32,4,16,19.351675033569336,3.291089,6.856969,0.05535,0.660059,0.204368,0.209557,3.91548,0.284151,0.9304,5.96071,524537,262268,262269,208.9200439453125,23563.19140625,0.8843182921409607,0.6920643448829651,25165824,10923552,180348800,216427552,1073886483,12455153872,/home/gglab/votruja6_diplomka/Diplodocus/experiments/runs/Sponza/cam2/ploc_emc1_sobb/repeat_02/stats.json
Sponza,cam2,3,ploc_emc1_sobb,gpu,1024,768,32,2,8,45,25,32,4,16,19.408645629882812,3.889032,6.473933,0.11121,0.755205,0.1979,0.206046,3.989465,0.292282,0.697319,6.36523,524537,262268,262269,208.9200439453125,23563.19140625,0.8743057250976562,0.6963356733322144,25165824,10923552,180348800,216427552,1073911610,12455234250,/home/gglab/votruja6_diplomka/Diplodocus/experiments/runs/Sponza/cam2/ploc_emc1_sobb/repeat_03/stats.json
Sponza,cam2,4,ploc_emc1_sobb,gpu,1024,768,32,2,8,46,25,32,4,16,21.039186477661133,3.255572,7.737679,0.056318,0.646424,0.200508,0.224256,5.076663,0.3108,0.792682,7.429826,524537,262268,262269,208.9200439453125,23563.19140625,0.8681567907333374,0.6907986998558044,25165824,10923552,180348800,216427552,1073886441,12455225100,/home/gglab/votruja6_diplomka/Diplodocus/experiments/runs/Sponza/cam2/ploc_emc1_sobb/repeat_04/stats.json
Sponza,cam2,0,ploc_emc2_sobb,gpu,1024,768,32,2,8,42,25,32,4,16,19.948955535888672,3.326415,7.390073,0.069955,0.64096,0.204118,0.2279,4.338062,0.294836,0.741776,6.67192,524537,262268,262269,210.9141387939453,23563.19140625,0.8365672826766968,0.6615939736366272,25165824,10923552,180348800,216427552,995062719,12058330804,/home/gglab/votruja6_diplomka/Diplodocus/experiments/runs/Sponza/cam2/ploc_emc2_sobb/repeat_00/stats.json
Sponza,cam2,1,ploc_emc2_sobb,gpu,1024,768,32,2,8,43,25,32,4,16,19.131004333496094,3.641285,6.555249,0.08122,0.636051,0.213038,0.239401,3.962903,0.293507,0.791254,6.383287,524537,262268,262269,210.9141387939453,23563.19140625,0.8523983955383301,0.6675825119018555,25165824,10923552,180348800,216427552,995070016,12058141797,/home/gglab/votruja6_diplomka/Diplodocus/experiments/runs/Sponza/cam2/ploc_emc2_sobb/repeat_01/stats.json
Sponza,cam2,2,ploc_emc2_sobb,gpu,1024,768,32,2,8,44,25,32,4,16,20.086429595947266,3.447269,7.282557,0.168031,0.615911,0.207814,0.23929,4.259361,0.320856,0.748643,6.721603,524537,262268,262269,210.9141387939453,23563.19140625,0.8481287360191345,0.6645718812942505,25165824,10923552,180348800,216427552,995065299,12057995382,/home/gglab/votruja6_diplomka/Diplodocus/experiments/runs/Sponza/cam2/ploc_emc2_sobb/repeat_02/stats.json
Sponza,cam2,3,ploc_emc2_sobb,gpu,1024,768,32,2,8,45,25,32,4,16,19.775955200195312,4.282557,6.472047,0.074966,1.043503,0.207636,0.244933,3.916377,0.310032,0.678813,6.665899,524537,262268,262269,210.9141387939453,23563.19140625,0.8423241972923279,0.667317807674408,25165824,10923552,180348800,216427552,995079084,12058143593,/home/gglab/votruja6_diplomka/Diplodocus/experiments/runs/Sponza/cam2/ploc_emc2_sobb/repeat_03/stats.json
Sponza,cam2,4,ploc_emc2_sobb,gpu,1024,768,32,2,8,46,25,32,4,16,19.141687393188477,3.273599,7.226844,0.078268,0.651179,0.208915,0.240608,3.897702,0.293425,1.170543,6.305432,524537,262268,262269,210.9141387939453,23563.19140625,0.8392742276191711,0.663883626461029,25165824,10923552,180348800,216427552,995082165,12058220725,/home/gglab/votruja6_diplomka/Diplodocus/experiments/runs/Sponza/cam2/ploc_emc2_sobb/repeat_04/stats.json
Stegosaurus,cam0,0,ploc,gpu,1024,768,32,2,8,42,25,32,4,16,62.127159118652344,34.272884,9.223084,0.065354,4.864832,0.249182,0.317976,14.048101,0.347564,0.0,31.935944,11337785,5668892,5668893,54.1546745300293,465026.34375,1.6681416034698486,0.881441056728363,25165824,15277696,61110784,101166720,415675092,6206362257,/home/gglab/votruja6_diplomka/Diplodocus/experiments/runs/Stegosaurus/cam0/ploc/repeat_00/stats.json
Stegosaurus,cam0,1,ploc,gpu,1024,768,32,2,8,43,25,32,4,16,58.76081085205078,33.130834,7.878395,0.058599,4.817991,0.192065,0.194854,13.418516,0.276458,0.0,30.691748,11337785,5668892,5668893,54.1546745300293,465026.34375,0.7540093064308167,0.08156342059373856,25165824,15277696,61110784,101166720,415707901,6206509053,/home/gglab/votruja6_diplomka/Diplodocus/experiments/runs/Stegosaurus/cam0/ploc/repeat_01/stats.json
Stegosaurus,cam0,2,ploc,gpu,1024,768,32,2,8,44,25,32,4,16,59.00337219238281,33.580152,7.377524,0.067351,4.825283,0.196096,0.223835,13.331278,0.276358,0.0,30.74608,11337785,5668892,5668893,54.1546745300293,465026.34375,1.5928256511688232,0.8823908567428589,25165824,15277696,61110784,101166720,415714772,6206431512,/home/gglab/votruja6_diplomka/Diplodocus/experiments/runs/Stegosaurus/cam0/ploc/repeat_02/stats.json
Stegosaurus,cam0,3,ploc,gpu,1024,768,32,2,8,45,25,32,4,16,59.05272674560547,33.364182,7.82192,0.063987,4.835701,0.198264,0.3631,13.472579,0.324278,0.0,31.287976,11337785,5668892,5668893,54.1546745300293,465026.34375,1.5709296464920044,0.8843774199485779,25165824,15277696,61110784,101166720,415698995,6206235927,/home/gglab/votruja6_diplomka/Diplodocus/experiments/runs/Stegosaurus/cam0/ploc/repeat_03/stats.json
Stegosaurus,cam0,4,ploc,gpu,1024,768,32,2,8,46,25,32,4,16,60.631813049316406,34.425192,8.203605,0.069441,4.808851,0.192647,0.218957,13.403803,0.274539,0.0,30.973774,11337785,5668892,5668893,54.1546745300293,465026.34375,1.5920851230621338,0.88181072473526,25165824,15277696,61110784,101166720,415664873,6206130696,/home/gglab/votruja6_diplomka/Diplodocus/experiments/runs/Stegosaurus/cam0/ploc/repeat_04/stats.json
Stegosaurus,cam0,0,ploc_emc1,gpu,1024,768,32,2,8,42,25,32,4,16,59.66017150878906,33.478436,8.023162,0.045088,4.846548,0.192411,0.225244,13.260961,0.278249,0.0,30.949316,11337785,5668892,5668893,53.91748046875,465026.34375,1.5736908912658691,0.8897746801376343,25165824,15277696,61110784,101166720,422978909,6278216374,/home/gglab/votruja6_diplomka/Diplodocus/experiments/runs/Stegosaurus/cam0/ploc_emc1/repeat_00/stats.json
Stegosaurus,cam0,1,ploc_emc1,gpu,1024,768,32,2,8,43,25,32,4,16,58.1044921875,33.31446,7.489499,0.060306,4.749281,0.200027,0.209697,13.355224,0.281941,0.0,30.889416,11337785,5668892,5668893,53.91748046875,465026.34375,1.6117851734161377,0.8859531879425049,25165824,15277696,61110784,101166720,423001356,6278297870,/home/gglab/votruja6_diplomka/Diplodocus/experiments/runs/Stegosaurus/cam0/ploc_emc1/repeat_01/stats.json
Stegosaurus,cam0,2,ploc_emc1,gpu,1024,768,32,2,8,44,25,32,4,16,59.28193664550781,33.385976,8.011115,0.058459,4.940561,0.197743,0.23163,13.163973,0.278018,0.0,30.604992,11337785,5668892,5668893,53.91748046875,465026.34375,1.5849673748016357,0.8881211280822754,25165824,15277696,61110784,101166720,423005655,6278318282,/home/gglab/votruja6_diplomka/Diplodocus/experiments/runs/Stegosaurus/cam0/ploc_emc1/repeat_02/stats.json
Stegosaurus,cam0,3,ploc_emc1,gpu,1024,768,32,2,8,45,25,32,4,16,59.5969123840332,31.771112,7.890605,0.045949,4.92743,0.194219,0.206009,13.86444,0.312513,0.0,29.394772,11337785,5668892,5668893,53.91748046875,465026.34375,1.5746188163757324,0.8910369873046875,25165824,15277696,61110784,101166720,423007018,6278154910,/home/gglab/votruja6_diplomka/Diplodocus/experiments/runs/Stegosaurus/cam0/ploc_emc1/repeat_03/stats.json
Stegosaurus,cam0,4,ploc_emc1,gpu,1024,768,32,2,8,46,25,32,4,16,57.782142639160156,33.662036,7.51803,0.059832,4.849062,0.195379,0.221079,13.130446,0.287416,0.0,31.160712,11337785,5668892,5668893,53.91748046875,465026.34375,1.582211971282959,0.8943756222724915,25165824,15277696,61110784,101166720,422970103,6278107526,/home/gglab/votruja6_diplomka/Diplodocus/experiments/runs/Stegosaurus/cam0/ploc_emc1/repeat_04/stats.json
Stegosaurus,cam0,0,ploc_emc2,gpu,1024,768,32,2,8,42,25,32,4,16,60.33613204956055,33.470022,8.050067,0.078096,4.736252,0.198614,0.224351,13.783475,0.292882,0.0,31.359326,11337785,5668892,5668893,54.31687545776367,465026.34375,1.631980538368225,0.8826426267623901,25165824,15277696,61110784,101166720,418148641,6225407485,/home/gglab/votruja6_diplomka/Diplodocus/experiments/runs/Stegosaurus/cam0/ploc_emc2/repeat_00/stats.json
Stegosaurus,cam0,1,ploc_emc2,gpu,1024,768,32,2,8,43,25,32,4,16,61.64486312866211,33.370308,9.918256,0.067479,4.728651,0.206818,0.225279,14.122126,0.345064,0.0,31.732516,11337785,5668892,5668893,54.31687545776367,465026.34375,1.5895296335220337,0.8862707018852234,25165824,15277696,61110784,101166720,418174437,6225536942,/home/gglab/votruja6_diplomka/Diplodocus/experiments/runs/Stegosaurus/cam0/ploc_emc2/repeat_01/stats.json
Stegosaurus,cam0,2,ploc_emc2,gpu,1024,768,32,2,8,44,25,32,4,16,59.8632698059082,33.286784,8.384415,0.062676,4.790072,0.194252,0.219813,13.389656,0.286919,0.0,30.99477,11337785,5668892,5668893,54.31687545776367,465026.34375,1.5727894306182861,0.8814002275466919,25165824,15277696,61110784,101166720,418186189,6225467438,/home/gglab/votruja6_diplomka/Diplodocus/experiments/runs/Stegosaurus/cam0/ploc_emc2/repeat_02/stats.json
Stegosaurus,cam0,3,ploc_emc2,gpu,1024,768,32,2,8,45,25,32,4,16,68.49755096435547,33.6755,13.102245,0.083858,4.709857,0.227583,0.240892,16.230975,1.661723,0.0,35.441208,11337785,5668892,5668893,54.31687545776367,465026.34375,1.6015344858169556,0.8851840496063232,25165824,15277696,61110784,101166720,418152984,6225201023,/home/gglab/votruja6_diplomka/Diplodocus/experiments/runs/Stegosaurus/cam0/ploc_emc2/repeat_03/stats.json
Stegosaurus,cam0,4,ploc_emc2,gpu,1024,768,32,2,8,46,25,32,4,16,60.12770462036133,33.507132,7.934709,0.080271,4.826875,0.192275,0.214282,13.446457,0.276953,0.0,31.08198,11337785,5668892,5668893,54.31687545776367,465026.34375,1.5800405740737915,0.8902797698974609,25165824,15277696,61110784,101166720,418131181,6225189279,/home/gglab/votruja6_diplomka/Diplodocus/experiments/runs/Stegosaurus/cam0/ploc_emc2/repeat_04/stats.json
Stegosaurus,cam0,0,ploc_sobb,gpu,1024,768,32,2,8,42,25,32,4,16,131.82142639160156,34.650808,14.473829,0.0678,4.786581,0.19695,0.232237,14.897293,0.639013,4.242632,34.374276,11337785,5668892,5668893,70.26319885253906,509314.5625,1.9242236614227295,1.1221708059310913,25165824,15277600,61110400,101166240,257790608,5474106845,/home/gglab/votruja6_diplomka/Diplodocus/experiments/runs/Stegosaurus/cam0/ploc_sobb/repeat_00/stats.json
Stegosaurus,cam0,1,ploc_sobb,gpu,1024,768,32,2,8,43,25,32,4,16,127.02796936035156,34.574176,11.889321,0.077574,4.820204,0.231306,0.214734,13.606447,0.281502,3.980259,32.399876,11337785,5668892,5668893,70.26319885253906,509314.5625,1.1182419061660767,1.1177027225494385,25165824,15277600,61110400,101166240,257804616,5474254491,/home/gglab/votruja6_diplomka/Diplodocus/experiments/runs/Stegosaurus/cam0/ploc_sobb/repeat_01/stats.json
Stegosaurus,cam0,2,ploc_sobb,gpu,1024,768,32,2,8,44,25,32,4,16,126.83214569091797,34.266356,12.292514,0.055547,4.886296,0.190813,0.209519,13.674283,0.285387,4.261201,32.174388,11337785,5668892,5668893,70.26319885253906,509314.5625,1.9085882902145386,1.109089970588684,25165824,15277600,61110400,101166240,257809542,5474208192,/home/gglab/votruja6_diplomka/Diplodocus/experiments/runs/Stegosaurus/cam0/ploc_sobb/repeat_02/stats.json
Stegosaurus,cam0,3,ploc_sobb,gpu,1024,768,32,2,8,45,25,32,4,16,125.37315368652344,34.176032,11.760157,0.061242,4.778708,0.208947,0.237726,13.266954,0.281132,4.356525,31.867168,11337785,5668892,5668893,70.26319885253906,509314.5625,1.9083845615386963,1.1151304244995117,25165824,15277600,61110400,101166240,257793688,5473988670,/home/gglab/votruja6_diplomka/Diplodocus/experiments/runs/Stegosaurus/cam0/ploc_sobb/repeat_03/stats.json
Stegosaurus,cam0,4,ploc_sobb,gpu,1024,768,32,2,8,46,25,32,4,16,125.13398742675781,34.4027,12.149638,0.058864,4.786953,0.195334,0.229157,13.164698,0.279129,4.805265,31.729664,11337785,5668892,5668893,70.26319885253906,509314.5625,1.9207329750061035,1.119042992591858,25165824,15277600,61110400,101166240,257784322,5473970186,/home/gglab/votruja6_diplomka/Diplodocus/experiments/runs/Stegosaurus/cam0/ploc_sobb/repeat_04/stats.json
Stegosaurus,cam0,0,ploc_emc1_sobb,gpu,1024,768,32,2,8,42,25,32,4,16,125.2094497680664,34.439244,13.34222,0.077352,4.767789,0.19546,0.221259,13.277253,0.277305,6.347126,31.972284,11337785,5668892,5668893,70.09851837158203,509314.5625,1.9608023166656494,1.1307686567306519,25165824,15277600,61110400,101166240,262037043,5560161076,/home/gglab/votruja6_diplomka/Diplodocus/experiments/runs/Stegosaurus/cam0/ploc_emc1_sobb/repeat_00/stats.json
Stegosaurus,cam0,1,ploc_emc1_sobb,gpu,1024,768,32,2,8,43,25,32,4,16,125.81549835205078,34.218392,11.925049,0.052029,4.949583,0.19304,0.227344,13.07979,0.272765,4.785043,31.543036,11337785,5668892,5668893,70.09851837158203,509314.5625,1.9085044860839844,1.1238614320755005,25165824,15277600,61110400,101166240,262048739,5560224102,/home/gglab/votruja6_diplomka/Diplodocus/experiments/runs/Stegosaurus/cam0/ploc_emc1_sobb/repeat_01/stats.json
Stegosaurus,cam0,2,ploc_emc1_sobb,gpu,1024,768,32,2,8,44,25,32,4,16,126.61760711669922,34.117672,12.571485,0.054824,4.806911,0.190924,0.227021,13.105976,0.274127,4.116546,31.639084,11337785,5668892,5668893,70.09851837158203,509314.5625,1.9338055849075317,1.1266112327575684,25165824,15277600,61110400,101166240,262058972,5560298275,/home/gglab/votruja6_diplomka/Diplodocus/experiments/runs/Stegosaurus/cam0/ploc_emc1_sobb/repeat_02/stats.json
Stegosaurus,cam0,3,ploc_emc1_sobb,gpu,1024,768,32,2,8,45,25,32,4,16,125.20527648925781,34.283648,11.948385,0.042299,4.825366,0.191663,0.212732,13.265033,0.273352,4.745901,31.088048,11337785,5668892,5668893,70.09851837158203,509314.5625,1.939064383506775,1.1246575117111206,25165824,15277600,61110400,101166240,262042142,5560064964,/home/gglab/votruja6_diplomka/Diplodocus/experiments/runs/Stegosaurus/cam0/ploc_emc1_sobb/repeat_03/stats.json
Stegosaurus,cam0,4,ploc_emc1_sobb,gpu,1024,768,32,2,8,46,25,32,4,16,128.69447326660156,34.184516,12.154696,0.064734,4.690039,0.197075,0.220065,13.583351,0.280843,4.028812,31.9947,11337785,5668892,5668893,70.09851837158203,509314.5625,1.9236507415771484,1.1298000812530518,25165824,15277600,61110400,101166240,262039690,5560115789,/home/gglab/votruja6_diplomka/Diplodocus/experiments/runs/Stegosaurus/cam0/ploc_emc1_sobb/repeat_04/stats.json
Stegosaurus,cam0,0,ploc_emc2_sobb,gpu,1024,768,32,2,8,42,25,32,4,16,126.71158599853516,34.034804,12.739036,0.081235,4.684644,0.215413,0.226656,14.063511,0.415825,4.166975,32.71756,11337785,5668892,5668893,70.43241882324219,509314.5625,1.9168721437454224,1.1250602006912231,25165824,15277600,61110400,101166240,259495659,5499620281,/home/gglab/votruja6_diplomka/Diplodocus/experiments/runs/Stegosaurus/cam0/ploc_emc2_sobb/repeat_00/stats.json
Stegosaurus,cam0,1,ploc_emc2_sobb,gpu,1024,768,32,2,8,43,25,32,4,16,124.79228973388672,34.11864,11.128256,0.081976,4.736789,0.199127,0.218105,13.779333,0.322031,3.506612,32.629782,11337785,5668892,5668893,70.43241882324219,509314.5625,1.909945011138916,1.1262953281402588,25165824,15277600,61110400,101166240,259503393,5499715529,/home/gglab/votruja6_diplomka/Diplodocus/experiments/runs/Stegosaurus/cam0/ploc_emc2_sobb/repeat_01/stats.json
Stegosaurus,cam0,2,ploc_emc2_sobb,gpu,1024,768,32,2,8,44,25,32,4,16,125.95038604736328,34.072944,12.771795,0.059746,4.737517,0.205701,0.234991,13.278679,0.292887,5.069483,31.823154,11337785,5668892,5668893,70.43241882324219,509314.5625,1.9207897186279297,1.1242127418518066,25165824,15277600,61110400,101166240,259511485,5499681187,/home/gglab/votruja6_diplomka/Diplodocus/experiments/runs/Stegosaurus/cam0/ploc_emc2_sobb/repeat_02/stats.json
Stegosaurus,cam0,3,ploc_emc2_sobb,gpu,1024,768,32,2,8,45,25,32,4,16,127.49325561523438,34.257024,13.513847,0.080941,4.797234,0.201051,0.230256,13.140347,0.282494,5.930379,31.80036,11337785,5668892,5668893,70.43241882324219,509314.5625,1.1343270540237427,0.32935410737991333,25165824,15277600,61110400,101166240,259488261,5499428797,/home/gglab/votruja6_diplomka/Diplodocus/experiments/runs/Stegosaurus/cam0/ploc_emc2_sobb/repeat_03/stats.json
Stegosaurus,cam0,4,ploc_emc2_sobb,gpu,1024,768,32,2,8,46,25,32,4,16,127.24893951416016,33.902224,13.121562,0.066166,4.712656,0.203507,0.232667,13.265865,0.282645,4.644952,31.606148,11337785,5668892,5668893,70.43241882324219,509314.5625,1.9116997718811035,1.1230512857437134,25165824,15277600,61110400,101166240,259482547,5499476234,/home/gglab/votruja6_diplomka/Diplodocus/experiments/runs/Stegosaurus/cam0/ploc_emc2_sobb/repeat_04/stats.json
Stegosaurus,cam1,0,ploc,gpu,1024,768,32,2,8,42,25,32,4,16,60.17951965332031,33.735216,8.000126,0.078596,4.803587,0.188946,0.216259,13.755723,0.273283,0.0,31.34368,11337785,5668892,5668893,54.1546745300293,465026.34375,1.7368791103363037,1.054078459739685,25165824,27819424,111277696,163226528,779975150,10834470781,/home/gglab/votruja6_diplomka/Diplodocus/experiments/runs/Stegosaurus/cam1/ploc/repeat_00/stats.json
Stegosaurus,cam1,1,ploc,gpu,1024,768,32,2,8,43,25,32,4,16,60.20273971557617,34.275984,8.083917,0.054996,5.166525,0.193345,0.21501,13.738324,0.290986,0.0,31.53093,11337785,5668892,5668893,54.1546745300293,465026.34375,1.76328444480896,1.0597645044326782,25165824,27819424,111277696,163226528,780010514,10834637327,/home/gglab/votruja6_diplomka/Diplodocus/experiments/runs/Stegosaurus/cam1/ploc/repeat_01/stats.json
Stegosaurus,cam1,2,ploc,gpu,1024,768,32,2,8,44,25,32,4,16,58.956241607666016,33.256796,7.803746,0.053841,4.780696,0.192695,0.22683,13.263057,0.286001,0.0,30.75812,11337785,5668892,5668893,54.1546745300293,465026.34375,1.7788220643997192,1.066724419593811,25165824,27819424,111277696,163226528,779999753,10834627986,/home/gglab/votruja6_diplomka/Diplodocus/experiments/runs/Stegosaurus/cam1/ploc/repeat_02/stats.json
Stegosaurus,cam1,3,ploc,gpu,1024,768,32,2,8,45,25,32,4,16,59.283504486083984,33.406736,8.308934,0.050682,4.781139,0.19072,0.205528,13.242504,0.275989,0.0,30.773732,11337785,5668892,5668893,54.1546745300293,465026.34375,1.7603861093521118,1.0570573806762695,25165824,27819424,111277696,163226528,779983511,10834520369,/home/gglab/votruja6_diplomka/Diplodocus/experiments/runs/Stegosaurus/cam1/ploc/repeat_03/stats.json
Stegosaurus,cam1,4,ploc,gpu,1024,768,32,2,8,46,25,32,4,16,60.204444885253906,33.36238,8.845534,0.062685,4.862154,0.198998,0.224339,13.131922,0.277723,0.0,30.559068,11337785,5668892,5668893,54.1546745300293,465026.34375,1.7588928937911987,1.0567727088928223,25165824,27819424,111277696,163226528,779999793,10834676396,/home/gglab/votruja6_diplomka/Diplodocus/experiments/runs/Stegosaurus/cam1/ploc/repeat_04/stats.json
Stegosaurus,cam1,0,ploc_emc1,gpu,1024,768,32,2,8,42,25,32,4,16,59.9189338684082,33.3899,8.057279,0.050978,4.894422,0.213616,0.22734,13.054646,0.274128,0.0,30.728864,11337785,5668892,5668893,53.91748046875,465026.34375,1.7765488624572754,1.0792782306671143,25165824,27819424,111277696,163226528,791272346,11020732043,/home/gglab/votruja6_diplomka/Diplodocus/experiments/runs/Stegosaurus/cam1/ploc_emc1/repeat_00/stats.json
Stegosaurus,cam1,1,ploc_emc1,gpu,1024,768,32,2,8,43,25,32,4,16,59.02048110961914,33.610804,7.853579,0.044296,4.730233,0.211013,0.195715,13.24643,0.289052,0.0,30.844992,11337785,5668892,5668893,53.91748046875,465026.34375,1.7713649272918701,1.0761406421661377,25165824,27819424,111277696,163226528,791304515,11020805774,/home/gglab/votruja6_diplomka/Diplodocus/experiments/runs/Stegosaurus/cam1/ploc_emc1/repeat_01/stats.json
Stegosaurus,cam1,2,ploc_emc1,gpu,1024,768,32,2,8,44,25,32,4,16,58.94670867919922,32.757652,8.074078,0.100269,4.634967,0.189141,0.207408,13.529203,0.286956,0.0,30.26542,11337785,5668892,5668893,53.91748046875,465026.34375,1.7654674053192139,1.0732148885726929,25165824,27819424,111277696,163226528,791288499,11020792269,/home/gglab/votruja6_diplomka/Diplodocus/experiments/runs/Stegosaurus/cam1/ploc_emc1/repeat_02/stats.json
Stegosaurus,cam1,3,ploc_emc1,gpu,1024,768,32,2,8,45,25,32,4,16,60.0380859375,33.36186,8.340869,0.065523,4.82843,0.195396,0.222564,13.157805,0.292188,0.0,30.704648,11337785,5668892,5668893,53.91748046875,465026.34375,1.7634023427963257,1.0711437463760376,25165824,27819424,111277696,163226528,791298880,11020791367,/home/gglab/votruja6_diplomka/Diplodocus/experiments/runs/Stegosaurus/cam1/ploc_emc1/repeat_03/stats.json
Stegosaurus,cam1,4,ploc_emc1,gpu,1024,768,32,2,8,46,25,32,4,16,60.2966194152832,34.9084,7.818868,0.074079,4.858016,0.193912,0.208179,13.518344,0.317314,0.0,30.707118,11337785,5668892,5668893,53.91748046875,465026.34375,1.794234037399292,1.0702012777328491,25165824,27819424,111277696,163226528,791280784,11020794009,/home/gglab/votruja6_diplomka/Diplodocus/experiments/runs/Stegosaurus/cam1/ploc_emc1/repeat_04/stats.json
Stegosaurus,cam1,0,ploc_emc2,gpu,1024,768,32,2,8,42,25,32,4,16,58.5703239440918,33.113788,7.717646,0.132275,4.571253,0.203642,0.366842,13.413693,0.308656,0.0,30.98817,11337785,5668892,5668893,54.31687545776367,465026.34375,1.752506136894226,1.0590131282806396,25165824,27819424,111277696,163226528,788417627,10705687523,/home/gglab/votruja6_diplomka/Diplodocus/experiments/runs/Stegosaurus/cam1/ploc_emc2/repeat_00/stats.json
Stegosaurus,cam1,1,ploc_emc2,gpu,1024,768,32,2,8,43,25,32,4,16,60.46940612792969,33.600644,9.35417,0.093846,4.789373,0.195294,0.179534,13.447703,0.2924,0.0,31.012454,11337785,5668892,5668893,54.31687545776367,465026.34375,1.7375544309616089,1.0514142513275146,25165824,27819424,111277696,163226528,788424472,10705651396,/home/gglab/votruja6_diplomka/Diplodocus/experiments/runs/Stegosaurus/cam1/ploc_emc2/repeat_01/stats.json
Stegosaurus,cam1,2,ploc_emc2,gpu,1024,768,32,2,8,44,25,32,4,16,59.3483772277832,33.391928,8.37731,0.059187,4.794968,0.196778,0.226092,13.345339,0.277864,0.0,30.882982,11337785,5668892,5668893,54.31687545776367,465026.34375,1.7684916257858276,1.0549094676971436,25165824,27819424,111277696,163226528,788428861,10705684453,/home/gglab/votruja6_diplomka/Diplodocus/experiments/runs/Stegosaurus/cam1/ploc_emc2/repeat_02/stats.json
Stegosaurus,cam1,3,ploc_emc2,gpu,1024,768,32,2,8,45,25,32,4,16,59.21615982055664,33.41551,8.004893,0.08332,4.733579,0.196416,0.197215,13.543924,0.275334,0.0,31.02324,11337785,5668892,5668893,54.31687545776367,465026.34375,1.7419074773788452,1.0591915845870972,25165824,27819424,111277696,163226528,788417844,10705601534,/home/gglab/votruja6_diplomka/Diplodocus/experiments/runs/Stegosaurus/cam1/ploc_emc2/repeat_03/stats.json
Stegosaurus,cam1,4,ploc_emc2,gpu,1024,768,32,2,8,46,25,32,4,16,60.219512939453125,33.188192,9.302431,0.059007,4.799409,0.189089,0.175866,13.412141,0.283088,0.0,30.740344,11337785,5668892,5668893,54.31687545776367,465026.34375,1.7472953796386719,1.04837167263031,25165824,27819424,111277696,163226528,788416513,10705750560,/home/gglab/votruja6_diplomka/Diplodocus/experiments/runs/Stegosaurus/cam1/ploc_emc2/repeat_04/stats.json
Stegosaurus,cam1,0,ploc_sobb,gpu,1024,768,32,2,8,42,25,32,4,16,124.55583953857422,33.998368,11.919204,0.074684,4.688581,0.198213,0.216457,13.209511,0.274181,4.771911,31.665376,11337785,5668892,5668893,70.26319885253906,509314.5625,2.137775182723999,1.3150684833526611,25165824,27819424,111277696,163226528,469796443,9629696445,/home/gglab/votruja6_diplomka/Diplodocus/experiments/runs/Stegosaurus/cam1/ploc_sobb/repeat_00/stats.json
Stegosaurus,cam1,1,ploc_sobb,gpu,1024,768,32,2,8,43,25,32,4,16,123.63864135742188,34.772564,12.046668,0.064797,4.705554,0.188056,0.211328,12.956912,0.265699,5.098588,31.43979,11337785,5668892,5668893,70.26319885253906,509314.5625,2.0790858268737793,1.2981501817703247,25165824,27819424,111277696,163226528,469827789,9629806527,/home/gglab/votruja6_diplomka/Diplodocus/experiments/runs/Stegosaurus/cam1/ploc_sobb/repeat_01/stats.json
Stegosaurus,cam1,2,ploc_sobb,gpu,1024,768,32,2,8,44,25,32,4,16,133.30210876464844,32.910516,16.346038,0.060409,4.73605,0.220798,0.235203,16.021263,1.613559,4.242961,34.983056,11337785,5668892,5668893,70.26319885253906,509314.5625,2.0794098377227783,1.2987825870513916,25165824,27819424,111277696,163226528,469798380,9629734977,/home/gglab/votruja6_diplomka/Diplodocus/experiments/runs/Stegosaurus/cam1/ploc_sobb/repeat_02/stats.json
Stegosaurus,cam1,3,ploc_sobb,gpu,1024,768,32,2,8,45,25,32,4,16,125.5072250366211,34.233016,11.688428,0.102731,4.382852,0.189443,0.191778,13.350287,0.28195,4.124174,31.51756,11337785,5668892,5668893,70.26319885253906,509314.5625,2.1271190643310547,1.3245482444763184,25165824,27819424,111277696,163226528,469808402,9629783657,/home/gglab/votruja6_diplomka/Diplodocus/experiments/runs/Stegosaurus/cam1/ploc_sobb/repeat_03/stats.json
Stegosaurus,cam1,4,ploc_sobb,gpu,1024,768,32,2,8,46,25,32,4,16,125.2883071899414,34.079576,10.861774,0.044113,4.848984,0.195792,0.199299,13.354593,0.283691,3.349318,32.175366,11337785,5668892,5668893,70.26319885253906,509314.5625,2.1185302734375,1.3260796070098877,25165824,27819424,111277696,163226528,469832570,9629830793,/home/gglab/votruja6_diplomka/Diplodocus/experiments/runs/Stegosaurus/cam1/ploc_sobb/repeat_04/stats.json
Stegosaurus,cam1,0,ploc_emc1_sobb,gpu,1024,768,32,2,8,42,25,32,4,16,127.3126449584961,33.359604,11.471063,0.068767,4.651572,0.268717,0.294996,13.339012,0.307371,4.031841,31.236932,11337785,5668892,5668893,70.09851837158203,509314.5625,2.165701150894165,1.3538192510604858,25165824,27819424,111277696,163226528,475256155,9786654133,/home/gglab/votruja6_diplomka/Diplodocus/experiments/runs/Stegosaurus/cam1/ploc_emc1_sobb/repeat_00/stats.json
Stegosaurus,cam1,1,ploc_emc1_sobb,gpu,1024,768,32,2,8,43,25,32,4,16,125.60452270507812,34.210392,11.784812,0.069622,4.781182,0.201446,0.239091,13.230436,0.329519,4.248334,31.60244,11337785,5668892,5668893,70.09851837158203,509314.5625,2.152287244796753,1.3370851278305054,25165824,27819424,111277696,163226528,475277507,9786721079,/home/gglab/votruja6_diplomka/Diplodocus/experiments/runs/Stegosaurus/cam1/ploc_emc1_sobb/repeat_01/stats.json
Stegosaurus,cam1,2,ploc_emc1_sobb,gpu,1024,768,32,2,8,44,25,32,4,16,125.68206024169922,34.146424,11.371384,0.063878,4.626883,0.18815,0.239955,13.205249,0.287164,4.058837,31.605534,11337785,5668892,5668893,70.09851837158203,509314.5625,2.1920502185821533,1.352126955986023,25165824,27819424,111277696,163226528,475255178,9786675853,/home/gglab/votruja6_diplomka/Diplodocus/experiments/runs/Stegosaurus/cam1/ploc_emc1_sobb/repeat_02/stats.json
Stegosaurus,cam1,3,ploc_emc1_sobb,gpu,1024,768,32,2,8,45,25,32,4,16,126.18850708007812,34.39168,14.914914,0.045931,4.792035,0.191951,0.211368,13.235326,0.274971,7.518853,31.312972,11337785,5668892,5668893,70.09851837158203,509314.5625,2.1502349376678467,1.346071481704712,25165824,27819424,111277696,163226528,475278711,9786722979,/home/gglab/votruja6_diplomka/Diplodocus/experiments/runs/Stegosaurus/cam1/ploc_emc1_sobb/repeat_03/stats.json
Stegosaurus,cam1,4,ploc_emc1_sobb,gpu,1024,768,32,2,8,46,25,32,4,16,127.09526062011719,34.3023,11.750913,0.050827,4.82981,0.198062,0.218608,13.464435,0.285592,4.096952,32.011172,11337785,5668892,5668893,70.09851837158203,509314.5625,2.144733428955078,1.3437330722808838,25165824,27819424,111277696,163226528,475292306,9786776478,/home/gglab/votruja6_diplomka/Diplodocus/experiments/runs/Stegosaurus/cam1/ploc_emc1_sobb/repeat_04/stats.json
Stegosaurus,cam1,0,ploc_emc2_sobb,gpu,1024,768,32,2,8,42,25,32,4,16,125.30303192138672,33.405176,12.124178,0.061467,4.818471,0.196126,0.219204,13.193239,0.289912,4.713029,31.082342,11337785,5668892,5668893,70.43241882324219,509314.5625,2.1489999294281006,1.338844656944275,25165824,27819424,111277696,163226528,474689562,9508506711,/home/gglab/votruja6_diplomka/Diplodocus/experiments/runs/Stegosaurus/cam1/ploc_emc2_sobb/repeat_00/stats.json
Stegosaurus,cam1,1,ploc_emc2_sobb,gpu,1024,768,32,2,8,43,25,32,4,16,125.62813568115234,34.214376,12.270198,0.08769,4.760287,0.199856,0.231914,13.3899,0.288622,4.568572,31.999684,11337785,5668892,5668893,70.43241882324219,509314.5625,2.1252126693725586,1.3380002975463867,25165824,27819424,111277696,163226528,474712198,9508491349,/home/gglab/votruja6_diplomka/Diplodocus/experiments/runs/Stegosaurus/cam1/ploc_emc2_sobb/repeat_01/stats.json
Stegosaurus,cam1,2,ploc_emc2_sobb,gpu,1024,768,32,2,8,44,25,32,4,16,125.57635498046875,34.264908,13.061848,0.079499,4.652951,0.195928,0.22708,13.513487,0.280874,5.528633,31.539722,11337785,5668892,5668893,70.43241882324219,509314.5625,2.135302782058716,1.3399834632873535,25165824,27819424,111277696,163226528,474689235,9508456832,/home/gglab/votruja6_diplomka/Diplodocus/experiments/runs/Stegosaurus/cam1/ploc_emc2_sobb/repeat_02/stats.json
Stegosaurus,cam1,3,ploc_emc2_sobb,gpu,1024,768,32,2,8,45,25,32,4,16,125.83390045166016,33.561052,12.041427,0.080153,4.723145,0.193864,0.198492,13.491177,0.284699,4.351194,31.150824,11337785,5668892,5668893,70.43241882324219,509314.5625,2.13076114654541,1.3348139524459839,25165824,27819424,111277696,163226528,474700859,9508509097,/home/gglab/votruja6_diplomka/Diplodocus/experiments/runs/Stegosaurus/cam1/ploc_emc2_sobb/repeat_03/stats.json
Stegosaurus,cam1,4,ploc_emc2_sobb,gpu,1024,768,32,2,8,46,25,32,4,16,127.10295867919922,33.813884,12.787205,0.086094,4.749337,0.195292,0.237421,13.504114,0.28145,4.670955,31.614944,11337785,5668892,5668893,70.43241882324219,509314.5625,1.395635962486267,0.5508342981338501,25165824,27819424,111277696,163226528,474723756,9508591346,/home/gglab/votruja6_diplomka/Diplodocus/experiments/runs/Stegosaurus/cam1/ploc_emc2_sobb/repeat_04/stats.json
Stegosaurus,cam2,0,ploc,gpu,1024,768,32,2,8,42,25,32,4,16,62.51752853393555,36.026868,7.598829,0.067616,4.967915,0.214467,0.188836,13.832502,0.316277,0.0,31.580748,11337785,5668892,5668893,54.1546745300293,465026.34375,1.6225454807281494,0.9280837178230286,25165824,16138944,64555776,105314144,415264882,6202303581,/home/gglab/votruja6_diplomka/Diplodocus/experiments/runs/Stegosaurus/cam2/ploc/repeat_00/stats.json
Stegosaurus,cam2,1,ploc,gpu,1024,768,32,2,8,43,25,32,4,16,58.102020263671875,33.259976,7.533713,0.061322,4.729107,0.193059,0.216251,13.280479,0.280024,0.0,30.681366,11337785,5668892,5668893,54.1546745300293,465026.34375,1.6107597351074219,0.9235411882400513,25165824,16138944,64555776,105314144,415273434,6202253323,/home/gglab/votruja6_diplomka/Diplodocus/experiments/runs/Stegosaurus/cam2/ploc/repeat_01/stats.json
Stegosaurus,cam2,2,ploc,gpu,1024,768,32,2,8,44,25,32,4,16,58.91474151611328,33.298818,7.724576,0.047506,4.800662,0.191187,0.219174,13.255537,0.281969,0.0,30.810222,11337785,5668892,5668893,54.1546745300293,465026.34375,1.6367896795272827,0.9254307746887207,25165824,16138944,64555776,105314144,415260434,6202279371,/home/gglab/votruja6_diplomka/Diplodocus/experiments/runs/Stegosaurus/cam2/ploc/repeat_02/stats.json
Stegosaurus,cam2,3,ploc,gpu,1024,768,32,2,8,45,25,32,4,16,58.40730285644531,33.489692,7.463349,0.098585,4.689419,0.199767,0.214664,13.352682,0.290903,0.0,30.970164,11337785,5668892,5668893,54.1546745300293,465026.34375,1.665099859237671,0.9227954745292664,25165824,16138944,64555776,105314144,415252707,6202293782,/home/gglab/votruja6_diplomka/Diplodocus/experiments/runs/Stegosaurus/cam2/ploc/repeat_03/stats.json
Stegosaurus,cam2,4,ploc,gpu,1024,768,32,2,8,46,25,32,4,16,58.51190185546875,33.30262,7.472977,0.049831,4.828399,0.210875,0.231614,13.124978,0.285468,0.0,29.523256,11337785,5668892,5668893,54.1546745300293,465026.34375,1.6081326007843018,0.922221302986145,25165824,16138944,64555776,105314144,415237798,6202199205,/home/gglab/votruja6_diplomka/Diplodocus/experiments/runs/Stegosaurus/cam2/ploc/repeat_04/stats.json
Stegosaurus,cam2,0,ploc_emc1,gpu,1024,768,32,2,8,42,25,32,4,16,60.044734954833984,33.727456,7.614916,0.072411,4.832242,0.20364,0.224949,13.788493,0.273968,0.0,31.377196,11337785,5668892,5668893,53.91748046875,465026.34375,1.6087841987609863,0.9245281219482422,25165824,16138944,64555776,105314144,415776451,6234566620,/home/gglab/votruja6_diplomka/Diplodocus/experiments/runs/Stegosaurus/cam2/ploc_emc1/repeat_00/stats.json
Stegosaurus,cam2,1,ploc_emc1,gpu,1024,768,32,2,8,43,25,32,4,16,58.22939682006836,33.40679,7.477674,0.063587,4.778615,0.193892,0.304844,13.172381,0.300187,0.0,30.806522,11337785,5668892,5668893,53.91748046875,465026.34375,1.6071993112564087,0.9221165180206299,25165824,16138944,64555776,105314144,415769863,6234426792,/home/gglab/votruja6_diplomka/Diplodocus/experiments/runs/Stegosaurus/cam2/ploc_emc1/repeat_01/stats.json
Stegosaurus,cam2,2,ploc_emc1,gpu,1024,768,32,2,8,44,25,32,4,16,58.795162200927734,33.336816,7.857804,0.052278,4.855877,0.206611,0.232679,13.41429,0.303273,0.0,31.10228,11337785,5668892,5668893,53.91748046875,465026.34375,1.634820818901062,0.9294226169586182,25165824,16138944,64555776,105314144,415775325,6234525528,/home/gglab/votruja6_diplomka/Diplodocus/experiments/runs/Stegosaurus/cam2/ploc_emc1/repeat_02/stats.json
Stegosaurus,cam2,3,ploc_emc1,gpu,1024,768,32,2,8,45,25,32,4,16,58.210731506347656,33.377268,7.402486,0.06153,4.746293,0.197589,0.227723,13.133523,0.27531,0.0,30.78988,11337785,5668892,5668893,53.91748046875,465026.34375,1.6100306510925293,0.9284348487854004,25165824,16138944,64555776,105314144,415766519,6234500083,/home/gglab/votruja6_diplomka/Diplodocus/experiments/runs/Stegosaurus/cam2/ploc_emc1/repeat_03/stats.json
Stegosaurus,cam2,4,ploc_emc1,gpu,1024,768,32,2,8,46,25,32,4,16,58.876556396484375,33.391524,7.774862,0.045711,4.826993,0.191098,0.216595,13.379883,0.280989,0.0,31.057708,11337785,5668892,5668893,53.91748046875,465026.34375,1.5953835248947144,0.9228513836860657,25165824,16138944,64555776,105314144,415764242,6234393847,/home/gglab/votruja6_diplomka/Diplodocus/experiments/runs/Stegosaurus/cam2/ploc_emc1/repeat_04/stats.json
Stegosaurus,cam2,0,ploc_emc2,gpu,1024,768,32,2,8,42,25,32,4,16,59.42146301269531,33.924476,7.68483,0.089534,4.823494,0.200003,0.23205,13.388301,0.284794,0.0,31.149648,11337785,5668892,5668893,54.31687545776367,465026.34375,1.596835732460022,0.916651725769043,25165824,16138944,64555776,105314144,413879942,6163353457,/home/gglab/votruja6_diplomka/Diplodocus/experiments/runs/Stegosaurus/cam2/ploc_emc2/repeat_00/stats.json
Stegosaurus,cam2,1,ploc_emc2,gpu,1024,768,32,2,8,43,25,32,4,16,58.86958312988281,33.407208,7.862252,0.091716,4.721779,0.2,0.263443,13.170324,0.300487,0.0,30.881648,11337785,5668892,5668893,54.31687545776367,465026.34375,1.634070873260498,0.9187741279602051,25165824,16138944,64555776,105314144,413883617,6163267172,/home/gglab/votruja6_diplomka/Diplodocus/experiments/runs/Stegosaurus/cam2/ploc_emc2/repeat_01/stats.json
Stegosaurus,cam2,2,ploc_emc2,gpu,1024,768,32,2,8,44,25,32,4,16,58.55933380126953,33.455192,7.761715,0.096511,4.73781,0.198514,0.233473,13.194687,0.279814,0.0,30.63966,11337785,5668892,5668893,54.31687545776367,465026.34375,1.6227750778198242,0.9215143322944641,25165824,16138944,64555776,105314144,413866839,6163196393,/home/gglab/votruja6_diplomka/Diplodocus/experiments/runs/Stegosaurus/cam2/ploc_emc2/repeat_02/stats.json
Stegosaurus,cam2,3,ploc_emc2,gpu,1024,768,32,2,8,45,25,32,4,16,59.474239349365234,34.107856,8.031587,0.062657,4.800548,0.196629,0.234729,13.355796,0.310868,0.0,30.88556,11337785,5668892,5668893,54.31687545776367,465026.34375,0.8114975690841675,0.1351729780435562,25165824,16138944,64555776,105314144,413878409,6163275815,/home/gglab/votruja6_diplomka/Diplodocus/experiments/runs/Stegosaurus/cam2/ploc_emc2/repeat_03/stats.json
Stegosaurus,cam2,4,ploc_emc2,gpu,1024,768,32,2,8,46,25,32,4,16,60.73775100708008,33.293536,10.118253,0.084686,4.760055,0.195419,0.236839,13.298407,0.30522,0.0,30.88457,11337785,5668892,5668893,54.31687545776367,465026.34375,1.613022804260254,0.9162131547927856,25165824,16138944,64555776,105314144,413848234,6163180598,/home/gglab/votruja6_diplomka/Diplodocus/experiments/runs/Stegosaurus/cam2/ploc_emc2/repeat_04/stats.json
Stegosaurus,cam2,0,ploc_sobb,gpu,1024,768,32,2,8,42,25,32,4,16,125.76641845703125,34.073224,11.49142,0.050218,4.750976,0.218754,0.218911,13.385437,0.331908,4.023316,31.976444,11337785,5668892,5668893,70.26319885253906,509314.5625,2.030642509460449,1.2197926044464111,25165824,16138880,64555520,105313824,267459535,5692963205,/home/gglab/votruja6_diplomka/Diplodocus/experiments/runs/Stegosaurus/cam2/ploc_sobb/repeat_00/stats.json
Stegosaurus,cam2,1,ploc_sobb,gpu,1024,768,32,2,8,43,25,32,4,16,126.4205322265625,33.374214,11.66377,0.058903,4.80392,0.194189,0.213579,13.284954,0.286205,4.162829,31.108298,11337785,5668892,5668893,70.26319885253906,509314.5625,2.0098862648010254,1.22284996509552,25165824,16138880,64555520,105313824,267467290,5692904998,/home/gglab/votruja6_diplomka/Diplodocus/experiments/runs/Stegosaurus/cam2/ploc_sobb/repeat_01/stats.json
Stegosaurus,cam2,2,ploc_sobb,gpu,1024,768,32,2,8,44,25,32,4,16,127.9396743774414,34.093924,11.594472,0.073407,4.982314,0.361981,0.277295,13.915898,0.336844,4.005215,32.576248,11337785,5668892,5668893,70.26319885253906,509314.5625,2.0145554542541504,1.2199121713638306,25165824,16138880,64555520,105313824,267458894,5692912922,/home/gglab/votruja6_diplomka/Diplodocus/experiments/runs/Stegosaurus/cam2/ploc_sobb/repeat_02/stats.json
Stegosaurus,cam2,3,ploc_sobb,gpu,1024,768,32,2,8,45,25,32,4,16,126.86991882324219,33.751284,11.439067,0.052195,4.97422,0.197334,0.221481,13.324266,0.285119,4.112732,31.139988,11337785,5668892,5668893,70.26319885253906,509314.5625,2.0031840801239014,1.2200472354888916,25165824,16138880,64555520,105313824,267465303,5692955743,/home/gglab/votruja6_diplomka/Diplodocus/experiments/runs/Stegosaurus/cam2/ploc_sobb/repeat_03/stats.json
Stegosaurus,cam2,4,ploc_sobb,gpu,1024,768,32,2,8,46,25,32,4,16,125.7313232421875,33.59484,11.478399,0.063083,4.673081,0.191494,0.220322,13.181573,0.28135,4.091721,30.643854,11337785,5668892,5668893,70.26319885253906,509314.5625,2.0208871364593506,1.2220009565353394,25165824,16138880,64555520,105313824,267450206,5692843887,/home/gglab/votruja6_diplomka/Diplodocus/experiments/runs/Stegosaurus/cam2/ploc_sobb/repeat_04/stats.json
Stegosaurus,cam2,0,ploc_emc1_sobb,gpu,1024,768,32,2,8,42,25,32,4,16,126.50543975830078,34.110784,12.147132,0.063496,4.574958,0.196919,0.219558,13.961035,0.310676,4.049135,32.320092,11337785,5668892,5668893,70.09851837158203,509314.5625,2.012925386428833,1.2188012599945068,25165824,16138880,64555520,105313824,267884491,5743725658,/home/gglab/votruja6_diplomka/Diplodocus/experiments/runs/Stegosaurus/cam2/ploc_emc1_sobb/repeat_00/stats.json
Stegosaurus,cam2,1,ploc_emc1_sobb,gpu,1024,768,32,2,8,43,25,32,4,16,128.17198181152344,34.267096,13.877436,0.043212,4.95459,0.203255,0.230799,13.16414,0.294272,4.436718,31.714044,11337785,5668892,5668893,70.09851837158203,509314.5625,2.0246222019195557,1.2202681303024292,25165824,16138880,64555520,105313824,267882322,5743593166,/home/gglab/votruja6_diplomka/Diplodocus/experiments/runs/Stegosaurus/cam2/ploc_emc1_sobb/repeat_01/stats.json
Stegosaurus,cam2,2,ploc_emc1_sobb,gpu,1024,768,32,2,8,44,25,32,4,16,127.65167236328125,34.432288,11.823563,0.053586,4.828264,0.193296,0.213336,13.335585,0.290673,4.05538,31.92594,11337785,5668892,5668893,70.09851837158203,509314.5625,2.0177557468414307,1.2243545055389404,25165824,16138880,64555520,105313824,267877908,5743663404,/home/gglab/votruja6_diplomka/Diplodocus/experiments/runs/Stegosaurus/cam2/ploc_emc1_sobb/repeat_02/stats.json
Stegosaurus,cam2,3,ploc_emc1_sobb,gpu,1024,768,32,2,8,45,25,32,4,16,125.31739807128906,34.017512,12.507543,0.066949,4.626129,0.204403,0.22803,13.305484,0.306799,4.902608,31.633896,11337785,5668892,5668893,70.09851837158203,509314.5625,2.013136863708496,1.214350938796997,25165824,16138880,64555520,105313824,267883010,5743658583,/home/gglab/votruja6_diplomka/Diplodocus/experiments/runs/Stegosaurus/cam2/ploc_emc1_sobb/repeat_03/stats.json
Stegosaurus,cam2,4,ploc_emc1_sobb,gpu,1024,768,32,2,8,46,25,32,4,16,125.85443115234375,34.310976,11.824529,0.066084,4.779566,0.19135,0.237236,13.455353,0.28646,4.408149,31.988012,11337785,5668892,5668893,70.09851837158203,509314.5625,2.015957832336426,1.2241336107254028,25165824,16138880,64555520,105313824,267871963,5743563738,/home/gglab/votruja6_diplomka/Diplodocus/experiments/runs/Stegosaurus/cam2/ploc_emc1_sobb/repeat_04/stats.json
Stegosaurus,cam2,0,ploc_emc2_sobb,gpu,1024,768,32,2,8,42,25,32,4,16,124.02088928222656,33.794384,12.209533,0.066727,4.673793,0.198198,0.217491,13.004061,0.288155,4.720878,30.840948,11337785,5668892,5668893,70.43241882324219,509314.5625,1.9952635765075684,1.192110300064087,25165824,16138880,64555520,105313824,266547580,5628757433,/home/gglab/votruja6_diplomka/Diplodocus/experiments/runs/Stegosaurus/cam2/ploc_emc2_sobb/repeat_00/stats.json
Stegosaurus,cam2,1,ploc_emc2_sobb,gpu,1024,768,32,2,8,43,25,32,4,16,123.94741821289062,33.582468,12.222805,0.059853,4.661899,0.195946,0.229718,13.039406,0.276589,4.877346,31.316624,11337785,5668892,5668893,70.43241882324219,509314.5625,1.9848631620407104,1.1949143409729004,25165824,16138880,64555520,105313824,266556986,5628667655,/home/gglab/votruja6_diplomka/Diplodocus/experiments/runs/Stegosaurus/cam2/ploc_emc2_sobb/repeat_01/stats.json
Stegosaurus,cam2,2,ploc_emc2_sobb,gpu,1024,768,32,2,8,44,25,32,4,16,122.70867156982422,34.298732,10.526427,0.08536,4.650307,0.190266,0.23167,13.071749,0.276884,3.458329,31.842132,11337785,5668892,5668893,70.43241882324219,509314.5625,1.974359154701233,1.1930657625198364,25165824,16138880,64555520,105313824,266542879,5628596777,/home/gglab/votruja6_diplomka/Diplodocus/experiments/runs/Stegosaurus/cam2/ploc_emc2_sobb/repeat_02/stats.json
Stegosaurus,cam2,3,ploc_emc2_sobb,gpu,1024,768,32,2,8,45,25,32,4,16,128.43519592285156,33.9314,13.329678,0.075102,5.207907,0.198225,0.230235,13.371185,0.305874,4.108926,31.585802,11337785,5668892,5668893,70.43241882324219,509314.5625,1.9954249858856201,1.2112544775009155,25165824,16138880,64555520,105313824,266552194,5628682543,/home/gglab/votruja6_diplomka/Diplodocus/experiments/runs/Stegosaurus/cam2/ploc_emc2_sobb/repeat_03/stats.json
Stegosaurus,cam2,4,ploc_emc2_sobb,gpu,1024,768,32,2,8,46,25,32,4,16,127.82962036132812,32.69006,12.064058,0.086343,5.014792,0.213973,0.238865,13.600207,0.305074,4.12548,30.397142,11337785,5668892,5668893,70.43241882324219,509314.5625,2.005953311920166,1.2081955671310425,25165824,16138880,64555520,105313824,266538637,5628602228,/home/gglab/votruja6_diplomka/Diplodocus/experiments/runs/Stegosaurus/cam2/ploc_emc2_sobb/repeat_04/stats.json
Venlo,cam0,0,ploc,gpu,1024,768,32,2,8,42,25,32,4,16,19.792438507080078,8.739412,4.974785,0.060854,1.235693,0.165487,0.192608,4.533094,0.235008,0.0,9.28054,2499533,1249766,1249767,71.50615692138672,102519.9140625,0.3395194411277771,0.09682365506887436,25165824,0,54362368,79528192,256102899,3056577427,/home/gglab/votruja6_diplomka/Diplodocus/experiments/runs/Venlo/cam0/ploc/repeat_00/stats.json
Venlo,cam0,1,ploc,gpu,1024,768,32,2,8,43,25,32,4,16,19.83733367919922,8.550981,5.141126,0.040296,1.231669,0.165193,0.197618,4.539833,0.235975,0.0,9.274365,2499533,1249766,1249767,71.50615692138672,102519.9140625,0.33365732431411743,0.09613615274429321,25165824,0,54362368,79528192,256092248,3056505728,/home/gglab/votruja6_diplomka/Diplodocus/experiments/runs/Venlo/cam0/ploc/repeat_01/stats.json
Venlo,cam0,2,ploc,gpu,1024,768,32,2,8,44,25,32,4,16,21.176115036010742,8.710533,5.854364,0.096107,1.329321,0.160046,0.170619,5.003231,0.238912,0.0,9.764358,2499533,1249766,1249767,71.50615692138672,102519.9140625,0.33507946133613586,0.09648216515779495,25165824,0,54362368,79528192,256099685,3056516883,/home/gglab/votruja6_diplomka/Diplodocus/experiments/runs/Venlo/cam0/ploc/repeat_02/stats.json
Venlo,cam0,3,ploc,gpu,1024,768,32,2,8,45,25,32,4,16,20.22525405883789,8.811737,5.265076,0.063029,1.241088,0.163132,0.182447,4.538634,0.230197,0.0,9.282234,2499533,1249766,1249767,71.50615692138672,102519.9140625,0.3403797447681427,0.09762236475944519,25165824,0,54362368,79528192,256115690,3056699203,/home/gglab/votruja6_diplomka/Diplodocus/experiments/runs/Venlo/cam0/ploc/repeat_03/stats.json
Venlo,cam0,4,ploc,gpu,1024,768,32,2,8,46,25,32,4,16,21.264371871948242,8.490557,6.348771,0.05871,1.136121,0.162223,0.195442,4.801477,0.245853,0.0,9.364505,2499533,1249766,1249767,71.50615692138672,102519.9140625,0.3335016965866089,0.09583140909671783,25165824,0,54362368,79528192,256097850,3056555928,/home/gglab/votruja6_diplomka/Diplodocus/experiments/runs/Venlo/cam0/ploc/repeat_04/stats.json
Venlo,cam0,0,ploc_emc1,gpu,1024,768,32,2,8,42,25,32,4,16,22.47597312927246,8.524999,6.836418,0.042757,1.190268,0.184617,0.329054,5.26526,0.29951,0.0,10.165523,2499533,1249766,1249767,71.20960235595703,102519.9140625,0.3456515967845917,0.09821589291095734,25165824,0,54362368,79528192,257151859,3093823193,/home/gglab/votruja6_diplomka/Diplodocus/experiments/runs/Venlo/cam0/ploc_emc1/repeat_00/stats.json
Venlo,cam0,1,ploc_emc1,gpu,1024,768,32,2,8,43,25,32,4,16,20.535579681396484,8.369853,5.769776,0.062066,1.136275,0.156601,0.177667,4.443639,0.224558,0.0,8.941182,2499533,1249766,1249767,71.20960235595703,102519.9140625,0.3394736647605896,0.09744971245527267,25165824,0,54362368,79528192,257143214,3093756260,/home/gglab/votruja6_diplomka/Diplodocus/experiments/runs/Venlo/cam0/ploc_emc1/repeat_01/stats.json
Venlo,cam0,2,ploc_emc1,gpu,1024,768,32,2,8,44,25,32,4,16,19.72584342956543,8.435888,5.159443,0.063902,1.141511,0.163726,0.184781,4.583784,0.234943,0.0,9.190301,2499533,1249766,1249767,71.20960235595703,102519.9140625,0.34753838181495667,0.09874583035707474,25165824,0,54362368,79528192,257147427,3093784644,/home/gglab/votruja6_diplomka/Diplodocus/experiments/runs/Venlo/cam0/ploc_emc1/repeat_02/stats.json
Venlo,cam0,3,ploc_emc1,gpu,1024,768,32,2,8,45,25,32,4,16,20.41168785095215,8.242804,5.399333,0.0568,1.177924,0.157918,0.154684,4.89773,0.241355,0.0,9.211423,2499533,1249766,1249767,71.20960235595703,102519.9140625,0.34321829676628113,0.09745267778635025,25165824,0,54362368,79528192,257160096,3093965731,/home/gglab/votruja6_diplomka/Diplodocus/experiments/runs/Venlo/cam0/ploc_emc1/repeat_03/stats.json
Venlo,cam0,4,ploc_emc1,gpu,1024,768,32,2,8,46,25,32,4,16,19.499645233154297,8.443957,4.995308,0.042815,1.15386,0.151412,0.167709,4.59007,0.229586,0.0,9.192829,2499533,1249766,1249767,71.20960235595703,102519.9140625,0.3288609981536865,0.09735438972711563,25165824,0,54362368,79528192,257148634,3093819563,/home/gglab/votruja6_diplomka/Diplodocus/experiments/runs/Venlo/cam0/ploc_emc1/repeat_04/stats.json
Venlo,cam0,0,ploc_emc2,gpu,1024,768,32,2,8,42,25,32,4,16,19.430103302001953,8.54076,4.912133,0.076092,1.185008,0.159178,0.18475,4.470664,0.225594,0.0,9.096269,2499533,1249766,1249767,72.43448638916016,102519.9140625,0.3395335376262665,0.09726246446371078,25165824,0,54362368,79528192,257165593,3095918885,/home/gglab/votruja6_diplomka/Diplodocus/experiments/runs/Venlo/cam0/ploc_emc2/repeat_00/stats.json
Venlo,cam0,1,ploc_emc2,gpu,1024,768,32,2,8,43,25,32,4,16,20.07025909423828,8.436313,5.431598,0.073494,1.14514,0.155782,0.154904,4.659881,0.244064,0.0,9.319382,2499533,1249766,1249767,72.43448638916016,102519.9140625,0.34371116757392883,0.09771492332220078,25165824,0,54362368,79528192,257157187,3095849713,/home/gglab/votruja6_diplomka/Diplodocus/experiments/runs/Venlo/cam0/ploc_emc2/repeat_01/stats.json
Venlo,cam0,2,ploc_emc2,gpu,1024,768,32,2,8,44,25,32,4,16,20.956674575805664,8.472162,4.817943,0.085703,1.152691,0.157675,0.189106,6.134334,0.233503,0.0,10.763226,2499533,1249766,1249767,72.43448638916016,102519.9140625,0.34958651661872864,0.09762672334909439,25165824,0,54362368,79528192,257163031,3095875848,/home/gglab/votruja6_diplomka/Diplodocus/experiments/runs/Venlo/cam0/ploc_emc2/repeat_02/stats.json
Venlo,cam0,3,ploc_emc2,gpu,1024,768,32,2,8,45,25,32,4,16,23.757009506225586,8.524651,7.161587,0.056802,1.186281,0.177884,0.212427,5.945986,0.715172,0.0,11.128679,2499533,1249766,1249767,72.43448638916016,102519.9140625,0.348881334066391,0.0981115996837616,25165824,0,54362368,79528192,257181819,3096081603,/home/gglab/votruja6_diplomka/Diplodocus/experiments/runs/Venlo/cam0/ploc_emc2/repeat_03/stats.json
Venlo,cam0,4,ploc_emc2,gpu,1024,768,32,2,8,46,25,32,4,16,20.02719497680664,8.859215,5.095393,0.080742,1.344791,0.155455,0.158753,4.550416,0.226693,0.0,9.337031,2499533,1249766,1249767,72.43448638916016,102519.9140625,0.340902715921402,0.09746081382036209,25165824,0,54362368,79528192,257166730,3095915681,/home/gglab/votruja6_diplomka/Diplodocus/experiments/runs/Venlo/cam0/ploc_emc2/repeat_04/stats.json
Venlo,cam0,0,ploc_sobb,gpu,1024,768,32,2,8,42,25,32,4,16,35.60026931762695,8.633442,6.240564,0.071991,1.146735,0.164301,0.194954,4.527185,0.233069,1.31033,9.47091,2499533,1249766,1249767,99.2625503540039,112283.71875,0.37175852060317993,0.11933310329914093,25165824,0,54362368,79528192,153197253,2803958573,/home/gglab/votruja6_diplomka/Diplodocus/experiments/runs/Venlo/cam0/ploc_sobb/repeat_00/stats.json
Venlo,cam0,1,ploc_sobb,gpu,1024,768,32,2,8,43,25,32,4,16,38.17888259887695,8.686831,7.18675,0.059781,1.204756,0.166096,0.2055,4.856537,0.260848,1.358233,9.702845,2499533,1249766,1249767,99.2625503540039,112283.71875,0.38800233602523804,0.11967863142490387,25165824,0,54362368,79528192,153192021,2803901748,/home/gglab/votruja6_diplomka/Diplodocus/experiments/runs/Venlo/cam0/ploc_sobb/repeat_01/stats.json
Venlo,cam0,2,ploc_sobb,gpu,1024,768,32,2,8,44,25,32,4,16,36.4808464050293,8.85852,8.29997,0.08583,1.176082,0.165989,0.163748,4.800284,0.243294,3.018623,9.847781,2499533,1249766,1249767,99.2625503540039,112283.71875,0.3804415166378021,0.11912126839160919,25165824,0,54362368,79528192,153199656,2803915300,/home/gglab/votruja6_diplomka/Diplodocus/experiments/runs/Venlo/cam0/ploc_sobb/repeat_02/stats.json
Venlo,cam0,3,ploc_sobb,gpu,1024,768,32,2,8,45,25,32,4,16,36.51182174682617,8.552213,6.636563,0.051907,1.129992,0.163475,0.156669,5.160973,0.237589,1.242937,10.025846,2499533,1249766,1249767,99.2625503540039,112283.71875,0.37898993492126465,0.11889776587486267,25165824,0,54362368,79528192,153208993,2804081053,/home/gglab/votruja6_diplomka/Diplodocus/experiments/runs/Venlo/cam0/ploc_sobb/repeat_03/stats.json
Venlo,cam0,4,ploc_sobb,gpu,1024,768,32,2,8,46,25,32,4,16,37.0967903137207,8.65144,6.949388,0.055231,1.164816,0.16384,0.166746,5.046032,0.251081,1.230302,9.942348,2499533,1249766,1249767,99.2625503540039,112283.71875,0.3860778510570526,0.11950862407684326,25165824,0,54362368,79528192,153195687,2803957136,/home/gglab/votruja6_diplomka/Diplodocus/experiments/runs/Venlo/cam0/ploc_sobb/repeat_04/stats.json
Venlo,cam0,0,ploc_emc1_sobb,gpu,1024,768,32,2,8,42,25,32,4,16,35.432247161865234,8.623199,6.088911,0.059807,1.128849,0.153007,0.15161,4.689807,0.219658,1.246061,9.602187,2499533,1249766,1249767,98.80538177490234,112283.71875,0.38948675990104675,0.12098107486963272,25165824,0,54362368,79528192,154124458,2840203678,/home/gglab/votruja6_diplomka/Diplodocus/experiments/runs/Venlo/cam0/ploc_emc1_sobb/repeat_00/stats.json
Venlo,cam0,1,ploc_emc1_sobb,gpu,1024,768,32,2,8,43,25,32,4,16,35.34281539916992,8.619208,5.999392,0.050305,1.131154,0.158403,0.156374,4.504472,0.227039,1.209502,9.371161,2499533,1249766,1249767,98.80538177490234,112283.71875,0.3893645405769348,0.12087877094745636,25165824,0,54362368,79528192,154120956,2840147626,/home/gglab/votruja6_diplomka/Diplodocus/experiments/runs/Venlo/cam0/ploc_emc1_sobb/repeat_01/stats.json
Venlo,cam0,2,ploc_emc1_sobb,gpu,1024,768,32,2,8,44,25,32,4,16,35.56576156616211,8.908298,6.226526,0.06418,1.179919,0.15305,0.158027,4.495701,0.221785,1.467448,9.443076,2499533,1249766,1249767,98.80538177490234,112283.71875,0.3865390419960022,0.12207119166851044,25165824,0,54362368,79528192,154125083,2840179838,/home/gglab/votruja6_diplomka/Diplodocus/experiments/runs/Venlo/cam0/ploc_emc1_sobb/repeat_02/stats.json
Venlo,cam0,3,ploc_emc1_sobb,gpu,1024,768,32,2,8,45,25,32,4,16,35.74088668823242,9.01837,6.16919,0.090898,1.329949,0.152355,0.157832,4.53386,0.219145,1.325711,9.632461,2499533,1249766,1249767,98.80538177490234,112283.71875,0.3912802040576935,0.12138195335865021,25165824,0,54362368,79528192,154133827,2840351077,/home/gglab/votruja6_diplomka/Diplodocus/experiments/runs/Venlo/cam0/ploc_emc1_sobb/repeat_03/stats.json
Venlo,cam0,4,ploc_emc1_sobb,gpu,1024,768,32,2,8,46,25,32,4,16,35.291282653808594,9.263016,5.786838,0.054444,1.163918,0.155468,0.188188,4.392714,0.224818,1.16962,9.365953,2499533,1249766,1249767,98.80538177490234,112283.71875,0.38917964696884155,0.12064546346664429,25165824,0,54362368,79528192,154124485,2840215041,/home/gglab/votruja6_diplomka/Diplodocus/experiments/runs/Venlo/cam0/ploc_emc1_sobb/repeat_04/stats.json
Venlo,cam0,0,ploc_emc2_sobb,gpu,1024,768,32,2,8,42,25,32,4,16,35.40398406982422,8.787862,6.132318,0.074236,1.172013,0.181483,0.192126,4.443475,0.243921,1.378921,9.448195,2499533,1249766,1249767,100.56025695800781,112283.71875,0.38824859261512756,0.12017470598220825,25165824,0,54362368,79528192,153842756,2839731915,/home/gglab/votruja6_diplomka/Diplodocus/experiments/runs/Venlo/cam0/ploc_emc2_sobb/repeat_00/stats.json
Venlo,cam0,1,ploc_emc2_sobb,gpu,1024,768,32,2,8,43,25,32,4,16,35.96474075317383,8.597629,6.501936,0.06677,1.154115,0.175378,0.194733,4.840921,0.284421,0.976019,9.917702,2499533,1249766,1249767,100.56025695800781,112283.71875,0.3932189345359802,0.12003714591264725,25165824,0,54362368,79528192,153838868,2839673376,/home/gglab/votruja6_diplomka/Diplodocus/experiments/runs/Venlo/cam0/ploc_emc2_sobb/repeat_01/stats.json
Venlo,cam0,2,ploc_emc2_sobb,gpu,1024,768,32,2,8,44,25,32,4,16,35.6640510559082,8.981374,6.313442,0.118396,1.154931,0.154606,0.147892,4.573223,0.223518,1.536563,9.600735,2499533,1249766,1249767,100.56025695800781,112283.71875,0.3812977075576782,0.1196436956524849,25165824,0,54362368,79528192,153845842,2839709965,/home/gglab/votruja6_diplomka/Diplodocus/experiments/runs/Venlo/cam0/ploc_emc2_sobb/repeat_02/stats.json
Venlo,cam0,3,ploc_emc2_sobb,gpu,1024,768,32,2,8,45,25,32,4,16,35.97089385986328,8.66718,6.582253,0.057447,1.14253,0.156071,0.152421,4.686883,0.241403,1.374826,9.614074,2499533,1249766,1249767,100.56025695800781,112283.71875,0.38350042700767517,0.11998535692691803,25165824,0,54362368,79528192,153857459,2839894882,/home/gglab/votruja6_diplomka/Diplodocus/experiments/runs/Venlo/cam0/ploc_emc2_sobb/repeat_03/stats.json
Venlo,cam0,4,ploc_emc2_sobb,gpu,1024,768,32,2,8,46,25,32,4,16,35.5023307800293,8.646043,6.086665,0.074533,1.133954,0.183012,0.217367,4.401014,0.236671,1.289743,9.367758,2499533,1249766,1249767,100.56025695800781,112283.71875,0.43037810921669006,0.12066227942705154,25165824,0,54362368,79528192,153845968,2839745287,/home/gglab/votruja6_diplomka/Diplodocus/experiments/runs/Venlo/cam0/ploc_emc2_sobb/repeat_04/stats.json
Venlo,cam1,0,ploc,gpu,1024,768,32,2,8,42,25,32,4,16,21.1259708404541,8.476244,5.752661,0.057255,1.199642,0.160496,0.155037,5.340751,0.239032,0.0,9.931582,2499533,1249766,1249767,71.50615692138672,102519.9140625,0.30592674016952515,0.06317155063152313,25165824,0,37860608,63026432,209885993,2743655800,/home/gglab/votruja6_diplomka/Diplodocus/experiments/runs/Venlo/cam1/ploc/repeat_00/stats.json
Venlo,cam1,1,ploc,gpu,1024,768,32,2,8,43,25,32,4,16,19.78648567199707,8.130099,5.151919,0.04837,1.188136,0.157999,0.158931,4.63736,0.229474,0.0,8.848363,2499533,1249766,1249767,71.50615692138672,102519.9140625,0.29777899384498596,0.06272435188293457,25165824,0,37860608,63026432,209893519,2743708129,/home/gglab/votruja6_diplomka/Diplodocus/experiments/runs/Venlo/cam1/ploc/repeat_01/stats.json
Venlo,cam1,2,ploc,gpu,1024,768,32,2,8,44,25,32,4,16,19.635316848754883,8.512049,5.074479,0.039035,1.2494,0.162623,0.166831,4.669765,0.230777,0.0,9.44403,2499533,1249766,1249767,71.50615692138672,102519.9140625,0.3004637360572815,0.06486528366804123,25165824,0,37860608,63026432,209886132,2743722645,/home/gglab/votruja6_diplomka/Diplodocus/experiments/runs/Venlo/cam1/ploc/repeat_02/stats.json
Venlo,cam1,3,ploc,gpu,1024,768,32,2,8,45,25,32,4,16,20.60936737060547,8.628273,5.654363,0.063051,1.183614,0.165059,0.15833,4.715481,0.238922,0.0,9.395781,2499533,1249766,1249767,71.50615692138672,102519.9140625,0.303655743598938,0.0620628260076046,25165824,0,37860608,63026432,209902294,2743825834,/home/gglab/votruja6_diplomka/Diplodocus/experiments/runs/Venlo/cam1/ploc/repeat_03/stats.json
Venlo,cam1,4,ploc,gpu,1024,768,32,2,8,46,25,32,4,16,19.897005081176758,8.477528,5.259517,0.045692,1.223774,0.162313,0.166495,4.668687,0.233424,0.0,9.322681,2499533,1249766,1249767,71.50615692138672,102519.9140625,0.3015401065349579,0.0643848106265068,25165824,0,37860608,63026432,209892143,2743711301,/home/gglab/votruja6_diplomka/Diplodocus/experiments/runs/Venlo/cam1/ploc/repeat_04/stats.json
Venlo,cam1,0,ploc_emc1,gpu,1024,768,32,2,8,42,25,32,4,16,19.847196578979492,8.324969,5.336106,0.042754,1.14771,0.156215,0.155186,4.661068,0.234203,0.0,9.18489,2499533,1249766,1249767,71.20960235595703,102519.9140625,0.3019601106643677,0.06168178841471672,25165824,0,37860608,63026432,208097549,2556009919,/home/gglab/votruja6_diplomka/Diplodocus/experiments/runs/Venlo/cam1/ploc_emc1/repeat_00/stats.json
Venlo,cam1,1,ploc_emc1,gpu,1024,768,32,2,8,43,25,32,4,16,19.479534149169922,8.724029,4.957218,0.052847,1.292509,0.153289,0.155436,4.481318,0.22194,0.0,9.342763,2499533,1249766,1249767,71.20960235595703,102519.9140625,0.29417043924331665,0.06104070320725441,25165824,0,37860608,63026432,208105271,2556051234,/home/gglab/votruja6_diplomka/Diplodocus/experiments/runs/Venlo/cam1/ploc_emc1/repeat_01/stats.json
Venlo,cam1,2,ploc_emc1,gpu,1024,768,32,2,8,44,25,32,4,16,20.73154067993164,9.138388,5.310289,0.055426,1.411153,0.183496,0.183877,4.65091,0.275646,0.0,9.628886,2499533,1249766,1249767,71.20960235595703,102519.9140625,0.3097490966320038,0.06149373948574066,25165824,0,37860608,63026432,208099024,2556067984,/home/gglab/votruja6_diplomka/Diplodocus/experiments/runs/Venlo/cam1/ploc_emc1/repeat_02/stats.json
Venlo,cam1,3,ploc_emc1,gpu,1024,768,32,2,8,45,25,32,4,16,20.185165405273438,8.682066,5.392274,0.0754,1.172057,0.154633,0.192582,4.377502,0.22172,0.0,8.949842,2499533,1249766,1249767,71.20960235595703,102519.9140625,0.30503329634666443,0.061378300189971924,25165824,0,37860608,63026432,208114580,2556174599,/home/gglab/votruja6_diplomka/Diplodocus/experiments/runs/Venlo/cam1/ploc_emc1/repeat_03/stats.json
Venlo,cam1,4,ploc_emc1,gpu,1024,768,32,2,8,46,25,32,4,16,21.401782989501953,8.473557,5.746316,0.076775,1.169866,0.303377,0.298681,5.195793,0.290763,0.0,10.120168,2499533,1249766,1249767,71.20960235595703,102519.9140625,0.3010478615760803,0.061286117881536484,25165824,0,37860608,63026432,208102793,2556059723,/home/gglab/votruja6_diplomka/Diplodocus/experiments/runs/Venlo/cam1/ploc_emc1/repeat_04/stats.json
Venlo,cam1,0,ploc_emc2,gpu,1024,768,32,2,8,42,25,32,4,16,22.693355560302734,8.685445,6.803095,0.072005,1.267181,0.175793,0.199418,5.530178,0.294372,0.0,10.207568,2499533,1249766,1249767,72.43448638916016,102519.9140625,0.3142770528793335,0.06172840669751167,25165824,0,37860608,63026432,208330886,2616122681,/home/gglab/votruja6_diplomka/Diplodocus/experiments/runs/Venlo/cam1/ploc_emc2/repeat_00/stats.json
Venlo,cam1,1,ploc_emc2,gpu,1024,768,32,2,8,43,25,32,4,16,20.945266723632812,8.839042,5.467404,0.120551,1.239302,0.163902,0.157351,4.503929,0.503191,0.0,9.497621,2499533,1249766,1249767,72.43448638916016,102519.9140625,0.2968344986438751,0.06135765090584755,25165824,0,37860608,63026432,208337820,2616172042,/home/gglab/votruja6_diplomka/Diplodocus/experiments/runs/Venlo/cam1/ploc_emc2/repeat_01/stats.json
Venlo,cam1,2,ploc_emc2,gpu,1024,768,32,2,8,44,25,32,4,16,23.64937973022461,8.763155,8.544078,0.063703,1.224617,0.159144,0.190735,4.645691,0.232195,0.0,9.414892,2499533,1249766,1249767,72.43448638916016,102519.9140625,0.3020704388618469,0.061281345784664154,25165824,0,37860608,63026432,208331500,2616180620,/home/gglab/votruja6_diplomka/Diplodocus/experiments/runs/Venlo/cam1/ploc_emc2/repeat_02/stats.json
Venlo,cam1,3,ploc_emc2,gpu,1024,768,32,2,8,45,25,32,4,16,19.716665267944336,8.487658,5.120399,0.111861,1.172153,0.171739,0.186452,4.547537,0.240635,0.0,9.213913,2499533,1249766,1249767,72.43448638916016,102519.9140625,0.2908625900745392,0.06116173788905144,25165824,0,37860608,63026432,208347179,2616286936,/home/gglab/votruja6_diplomka/Diplodocus/experiments/runs/Venlo/cam1/ploc_emc2/repeat_03/stats.json
Venlo,cam1,4,ploc_emc2,gpu,1024,768,32,2,8,46,25,32,4,16,19.91014289855957,8.465165,5.271908,0.071128,1.184046,0.158328,0.189261,4.495667,0.233236,0.0,9.009475,2499533,1249766,1249767,72.43448638916016,102519.9140625,0.30492720007896423,0.061080437153577805,25165824,0,37860608,63026432,208336840,2616177505,/home/gglab/votruja6_diplomka/Diplodocus/experiments/runs/Venlo/cam1/ploc_emc2/repeat_04/stats.json
Venlo,cam1,0,ploc_sobb,gpu,1024,768,32,2,8,42,25,32,4,16,35.836280822753906,8.754767,6.336924,0.0627,1.18976,0.160354,0.159394,4.712789,0.251551,1.147375,9.700964,2499533,1249766,1249767,99.2625503540039,112283.71875,0.33817487955093384,0.08294433355331421,25165824,0,37860608,63026432,129753379,2597866688,/home/gglab/votruja6_diplomka/Diplodocus/experiments/runs/Venlo/cam1/ploc_sobb/repeat_00/stats.json
Venlo,cam1,1,ploc_sobb,gpu,1024,768,32,2,8,43,25,32,4,16,35.97922134399414,8.629359,6.547772,0.097931,1.135586,0.165016,0.188586,4.748452,0.242656,1.227975,9.704634,2499533,1249766,1249767,99.2625503540039,112283.71875,0.3503461182117462,0.08307812362909317,25165824,0,37860608,63026432,129756446,2597913442,/home/gglab/votruja6_diplomka/Diplodocus/experiments/runs/Venlo/cam1/ploc_sobb/repeat_01/stats.json
Venlo,cam1,2,ploc_sobb,gpu,1024,768,32,2,8,44,25,32,4,16,35.55740737915039,8.517188,6.401785,0.064022,1.133539,0.167792,0.187388,4.652279,0.261212,1.243657,9.613097,2499533,1249766,1249767,99.2625503540039,112283.71875,0.3496283292770386,0.08314162492752075,25165824,0,37860608,63026432,129753350,2597935081,/home/gglab/votruja6_diplomka/Diplodocus/experiments/runs/Venlo/cam1/ploc_sobb/repeat_02/stats.json
Venlo,cam1,3,ploc_sobb,gpu,1024,768,32,2,8,45,25,32,4,16,35.805240631103516,8.616561,6.598275,0.059412,1.157801,0.170878,0.17085,4.611889,0.250844,1.352282,9.505574,2499533,1249766,1249767,99.2625503540039,112283.71875,0.34893518686294556,0.08335147798061371,25165824,0,37860608,63026432,129761369,2598025779,/home/gglab/votruja6_diplomka/Diplodocus/experiments/runs/Venlo/cam1/ploc_sobb/repeat_03/stats.json
Venlo,cam1,4,ploc_sobb,gpu,1024,768,32,2,8,46,25,32,4,16,35.24855422973633,8.59249,5.882871,0.061513,1.145297,0.183397,0.201326,4.6141,0.254572,1.03144,9.644009,2499533,1249766,1249767,99.2625503540039,112283.71875,0.349490225315094,0.08373319357633591,25165824,0,37860608,63026432,129759908,2597922434,/home/gglab/votruja6_diplomka/Diplodocus/experiments/runs/Venlo/cam1/ploc_sobb/repeat_04/stats.json
Venlo,cam1,0,ploc_emc1_sobb,gpu,1024,768,32,2,8,42,25,32,4,16,36.884986877441406,8.562374,6.53849,0.056032,1.157819,0.153139,0.153693,4.552534,0.227345,1.336472,9.388238,2499533,1249766,1249767,98.80538177490234,112283.71875,0.3457810878753662,0.08148565888404846,25165824,0,37860608,63026432,128746480,2413136133,/home/gglab/votruja6_diplomka/Diplodocus/experiments/runs/Venlo/cam1/ploc_emc1_sobb/repeat_00/stats.json
Venlo,cam1,1,ploc_emc1_sobb,gpu,1024,768,32,2,8,43,25,32,4,16,35.14885330200195,8.691735,5.970833,0.042889,1.15916,0.180308,0.179024,4.519824,0.244525,1.049031,9.616294,2499533,1249766,1249767,98.80538177490234,112283.71875,0.3445151150226593,0.08139468729496002,25165824,0,37860608,63026432,128749742,2413171895,/home/gglab/votruja6_diplomka/Diplodocus/experiments/runs/Venlo/cam1/ploc_emc1_sobb/repeat_01/stats.json
Venlo,cam1,2,ploc_emc1_sobb,gpu,1024,768,32,2,8,44,25,32,4,16,35.506404876708984,8.648072,6.301301,0.061108,1.169626,0.155482,0.174089,4.493245,0.241171,1.234991,9.441713,2499533,1249766,1249767,98.80538177490234,112283.71875,0.3515170216560364,0.08109284192323685,25165824,0,37860608,63026432,128746900,2413191029,/home/gglab/votruja6_diplomka/Diplodocus/experiments/runs/Venlo/cam1/ploc_emc1_sobb/repeat_02/stats.json
Venlo,cam1,3,ploc_emc1_sobb,gpu,1024,768,32,2,8,45,25,32,4,16,36.05179977416992,9.397737,6.216198,0.069483,1.196761,0.166949,0.186744,4.40803,0.225953,1.411144,9.438937,2499533,1249766,1249767,98.80538177490234,112283.71875,0.3382956087589264,0.08172648400068283,25165824,0,37860608,63026432,128755430,2413291176,/home/gglab/votruja6_diplomka/Diplodocus/experiments/runs/Venlo/cam1/ploc_emc1_sobb/repeat_03/stats.json
Venlo,cam1,4,ploc_emc1_sobb,gpu,1024,768,32,2,8,46,25,32,4,16,35.3209228515625,8.870715,5.973064,0.038392,1.226381,0.160025,0.176431,4.4278,0.225935,1.278288,9.41912,2499533,1249766,1249767,98.80538177490234,112283.71875,0.33870524168014526,0.08111939579248428,25165824,0,37860608,63026432,128751682,2413179993,/home/gglab/votruja6_diplomka/Diplodocus/experiments/runs/Venlo/cam1/ploc_emc1_sobb/repeat_04/stats.json
Venlo,cam1,0,ploc_emc2_sobb,gpu,1024,768,32,2,8,42,25,32,4,16,37.08522033691406,8.67102,7.063739,0.077318,1.12037,0.167357,0.17726,5.041601,0.240423,1.34155,9.939631,2499533,1249766,1249767,100.56025695800781,112283.71875,0.34541234374046326,0.08140253275632858,25165824,0,37860608,63026432,128823873,2475118088,/home/gglab/votruja6_diplomka/Diplodocus/experiments/runs/Venlo/cam1/ploc_emc2_sobb/repeat_00/stats.json
Venlo,cam1,1,ploc_emc2_sobb,gpu,1024,768,32,2,8,43,25,32,4,16,35.908546447753906,8.519112,6.358785,0.059614,1.085279,0.161059,0.189533,4.564346,0.237753,1.272704,9.38691,2499533,1249766,1249767,100.56025695800781,112283.71875,0.34063464403152466,0.0818323940038681,25165824,0,37860608,63026432,128824670,2475154389,/home/gglab/votruja6_diplomka/Diplodocus/experiments/runs/Venlo/cam1/ploc_emc2_sobb/repeat_01/stats.json
Venlo,cam1,2,ploc_emc2_sobb,gpu,1024,768,32,2,8,44,25,32,4,16,37.33843994140625,8.402869,6.781275,0.076355,1.130787,0.163351,0.186772,4.759312,0.253879,1.325715,9.459421,2499533,1249766,1249767,100.56025695800781,112283.71875,0.34825000166893005,0.08283211290836334,25165824,0,37860608,63026432,128822808,2475170606,/home/gglab/votruja6_diplomka/Diplodocus/experiments/runs/Venlo/cam1/ploc_emc2_sobb/repeat_02/stats.json
Venlo,cam1,3,ploc_emc2_sobb,gpu,1024,768,32,2,8,45,25,32,4,16,40.02994155883789,10.424218,8.590836,0.08208,1.317443,0.167073,0.192883,4.566273,0.255528,3.346627,9.676116,2499533,1249766,1249767,100.56025695800781,112283.71875,0.3561118245124817,0.08136167377233505,25165824,0,37860608,63026432,128830890,2475262459,/home/gglab/votruja6_diplomka/Diplodocus/experiments/runs/Venlo/cam1/ploc_emc2_sobb/repeat_03/stats.json
Venlo,cam1,4,ploc_emc2_sobb,gpu,1024,768,32,2,8,46,25,32,4,16,37.472389221191406,9.192911,7.618068,0.128191,1.229485,0.162101,0.200617,4.379438,0.230662,1.287037,9.54346,2499533,1249766,1249767,100.56025695800781,112283.71875,0.3638480603694916,0.08140034228563309,25165824,0,37860608,63026432,128828654,2475162057,/home/gglab/votruja6_diplomka/Diplodocus/experiments/runs/Venlo/cam1/ploc_emc2_sobb/repeat_04/stats.json
Venlo,cam2,0,ploc,gpu,1024,768,32,2,8,42,25,32,4,16,21.33504295349121,8.822117,5.536067,0.061561,1.211841,0.160255,0.157022,4.650311,0.231888,0.0,9.224192,2499533,1249766,1249767,71.50615692138672,102519.9140625,0.42395344376564026,0.18002046644687653,25165824,0,100436864,125602688,424146657,4322051364,/home/gglab/votruja6_diplomka/Diplodocus/experiments/runs/Venlo/cam2/ploc/repeat_00/stats.json
Venlo,cam2,1,ploc,gpu,1024,768,32,2,8,43,25,32,4,16,20.96260643005371,8.579207,5.699868,0.09947,1.19953,0.158454,0.156118,5.108651,0.246146,0.0,9.761931,2499533,1249766,1249767,71.50615692138672,102519.9140625,0.4322049915790558,0.1798500418663025,25165824,0,100436864,125602688,424138119,4321997161,/home/gglab/votruja6_diplomka/Diplodocus/experiments/runs/Venlo/cam2/ploc/repeat_01/stats.json
Venlo,cam2,2,ploc,gpu,1024,768,32,2,8,44,25,32,4,16,19.70091438293457,8.459864,5.089417,0.054743,1.208635,0.162135,0.195916,4.604506,0.247983,0.0,9.188964,2499533,1249766,1249767,71.50615692138672,102519.9140625,0.42764219641685486,0.18043436110019684,25165824,0,100436864,125602688,424152018,4322190487,/home/gglab/votruja6_diplomka/Diplodocus/experiments/runs/Venlo/cam2/ploc/repeat_02/stats.json
Venlo,cam2,3,ploc,gpu,1024,768,32,2,8,45,25,32,4,16,20.096885681152344,8.599347,5.225457,0.058918,1.207215,0.161988,0.194848,4.668403,0.235366,0.0,9.385527,2499533,1249766,1249767,71.50615692138672,102519.9140625,0.42419472336769104,0.17953774333000183,25165824,0,100436864,125602688,424152405,4322167169,/home/gglab/votruja6_diplomka/Diplodocus/experiments/runs/Venlo/cam2/ploc/repeat_03/stats.json
Venlo,cam2,4,ploc,gpu,1024,768,32,2,8,46,25,32,4,16,21.681142807006836,8.768252,6.543064,0.070753,1.266329,0.191502,0.197218,4.706164,0.313176,0.0,9.596671,2499533,1249766,1249767,71.50615692138672,102519.9140625,0.4286784529685974,0.18011902272701263,25165824,0,100436864,125602688,424141546,4322042376,/home/gglab/votruja6_diplomka/Diplodocus/experiments/runs/Venlo/cam2/ploc/repeat_04/stats.json
Venlo,cam2,0,ploc_emc1,gpu,1024,768,32,2,8,42,25,32,4,16,19.37836456298828,8.539644,4.850333,0.042926,1.206408,0.155345,0.177059,4.426947,0.228811,0.0,9.046556,2499533,1249766,1249767,71.20960235595703,102519.9140625,0.42703020572662354,0.17940406501293182,25165824,0,100436864,125602688,425038607,4292571954,/home/gglab/votruja6_diplomka/Diplodocus/experiments/runs/Venlo/cam2/ploc_emc1/repeat_00/stats.json
Venlo,cam2,1,ploc_emc1,gpu,1024,768,32,2,8,43,25,32,4,16,20.610898971557617,8.337931,5.715088,0.04012,1.194108,0.171468,0.166961,5.040352,0.26718,0.0,9.708597,2499533,1249766,1249767,71.20960235595703,102519.9140625,0.4552386701107025,0.18058067560195923,25165824,0,100436864,125602688,425026671,4292496089,/home/gglab/votruja6_diplomka/Diplodocus/experiments/runs/Venlo/cam2/ploc_emc1/repeat_01/stats.json
Venlo,cam2,2,ploc_emc1,gpu,1024,768,32,2,8,44,25,32,4,16,22.215808868408203,8.800047,7.205674,0.068314,1.210497,0.156426,0.181918,4.61769,0.2411,0.0,9.301985,2499533,1249766,1249767,71.20960235595703,102519.9140625,0.4281473755836487,0.17920474708080292,25165824,0,100436864,125602688,425040469,4292678633,/home/gglab/votruja6_diplomka/Diplodocus/experiments/runs/Venlo/cam2/ploc_emc1/repeat_02/stats.json
Venlo,cam2,3,ploc_emc1,gpu,1024,768,32,2,8,45,25,32,4,16,19.411706924438477,8.571272,4.952933,0.045381,1.222868,0.156488,0.178335,4.365051,0.226344,0.0,9.00585,2499533,1249766,1249767,71.20960235595703,102519.9140625,0.41891270875930786,0.18041260540485382,25165824,0,100436864,125602688,425045552,4292669632,/home/gglab/votruja6_diplomka/Diplodocus/experiments/runs/Venlo/cam2/ploc_emc1/repeat_03/stats.json
Venlo,cam2,4,ploc_emc1,gpu,1024,768,32,2,8,46,25,32,4,16,20.205198287963867,8.583261,5.311454,0.081594,1.209253,0.156828,0.161685,4.734608,0.236629,0.0,9.369323,2499533,1249766,1249767,71.20960235595703,102519.9140625,0.42790305614471436,0.18012318015098572,25165824,0,100436864,125602688,425033100,4292544729,/home/gglab/votruja6_diplomka/Diplodocus/experiments/runs/Venlo/cam2/ploc_emc1/repeat_04/stats.json
Venlo,cam2,0,ploc_emc2,gpu,1024,768,32,2,8,42,25,32,4,16,19.43106460571289,8.58233,4.841399,0.078014,1.194731,0.161129,0.186694,4.410395,0.225172,0.0,9.021623,2499533,1249766,1249767,72.43448638916016,102519.9140625,0.41620922088623047,0.18293051421642303,25165824,0,100436864,125602688,423508919,4352196964,/home/gglab/votruja6_diplomka/Diplodocus/experiments/runs/Venlo/cam2/ploc_emc2/repeat_00/stats.json
Venlo,cam2,1,ploc_emc2,gpu,1024,768,32,2,8,43,25,32,4,16,20.850175857543945,8.78135,5.483781,0.069001,1.244404,0.215688,0.210283,4.753887,0.300255,0.0,9.493311,2499533,1249766,1249767,72.43448638916016,102519.9140625,0.43007948994636536,0.18192847073078156,25165824,0,100436864,125602688,423495022,4352111746,/home/gglab/votruja6_diplomka/Diplodocus/experiments/runs/Venlo/cam2/ploc_emc2/repeat_01/stats.json
Venlo,cam2,2,ploc_emc2,gpu,1024,768,32,2,8,44,25,32,4,16,20.152742385864258,8.370849,5.463126,0.077034,1.125703,0.160372,0.186924,4.823755,0.243071,0.0,9.358169,2499533,1249766,1249767,72.43448638916016,102519.9140625,0.42957109212875366,0.18214310705661774,25165824,0,100436864,125602688,423510688,4352295707,/home/gglab/votruja6_diplomka/Diplodocus/experiments/runs/Venlo/cam2/ploc_emc2/repeat_02/stats.json
Venlo,cam2,3,ploc_emc2,gpu,1024,768,32,2,8,45,25,32,4,16,19.59557342529297,8.445405,5.0431,0.058245,1.138151,0.15782,0.18587,4.584089,0.230907,0.0,9.169902,2499533,1249766,1249767,72.43448638916016,102519.9140625,0.42897874116897583,0.1822931170463562,25165824,0,100436864,125602688,423508894,4352287602,/home/gglab/votruja6_diplomka/Diplodocus/experiments/runs/Venlo/cam2/ploc_emc2/repeat_03/stats.json
Venlo,cam2,4,ploc_emc2,gpu,1024,768,32,2,8,46,25,32,4,16,19.428884506225586,8.391088,4.919127,0.0731,1.148097,0.173405,0.193897,4.48295,0.242077,0.0,9.040838,2499533,1249766,1249767,72.43448638916016,102519.9140625,0.4231918752193451,0.18215695023536682,25165824,0,100436864,125602688,423499260,4352156383,/home/gglab/votruja6_diplomka/Diplodocus/experiments/runs/Venlo/cam2/ploc_emc2/repeat_04/stats.json
Venlo,cam2,0,ploc_sobb,gpu,1024,768,32,2,8,42,25,32,4,16,37.26704406738281,8.875398,7.177094,0.042025,1.218216,0.166195,0.195694,5.127591,0.242198,1.346024,10.16451,2499533,1249766,1249767,99.2625503540039,112283.71875,0.5020319223403931,0.22434329986572266,25165824,0,100436864,125602688,255953783,3977442807,/home/gglab/votruja6_diplomka/Diplodocus/experiments/runs/Venlo/cam2/ploc_sobb/repeat_00/stats.json
Venlo,cam2,1,ploc_sobb,gpu,1024,768,32,2,8,43,25,32,4,16,37.573909759521484,9.121962,7.081395,0.089729,1.170903,0.173655,0.191694,5.050281,0.240439,1.294105,9.888673,2499533,1249766,1249767,99.2625503540039,112283.71875,0.5085428953170776,0.22466175258159637,25165824,0,100436864,125602688,255953888,3977386992,/home/gglab/votruja6_diplomka/Diplodocus/experiments/runs/Venlo/cam2/ploc_sobb/repeat_01/stats.json
Venlo,cam2,2,ploc_sobb,gpu,1024,768,32,2,8,44,25,32,4,16,37.75463104248047,8.504214,6.866943,0.057601,1.206331,0.162608,0.185538,4.645073,0.247119,1.623125,9.277994,2499533,1249766,1249767,99.2625503540039,112283.71875,0.4915739595890045,0.2236519604921341,25165824,0,100436864,125602688,255963863,3977579514,/home/gglab/votruja6_diplomka/Diplodocus/experiments/runs/Venlo/cam2/ploc_sobb/repeat_02/stats.json
Venlo,cam2,3,ploc_sobb,gpu,1024,768,32,2,8,45,25,32,4,16,36.86964416503906,8.616688,6.840049,0.073583,1.185054,0.165036,0.198266,5.157089,0.246961,1.308815,10.135196,2499533,1249766,1249767,99.2625503540039,112283.71875,0.4951302409172058,0.2244047075510025,25165824,0,100436864,125602688,255959148,3977545328,/home/gglab/votruja6_diplomka/Diplodocus/experiments/runs/Venlo/cam2/ploc_sobb/repeat_03/stats.json
Venlo,cam2,4,ploc_sobb,gpu,1024,768,32,2,8,46,25,32,4,16,37.42188262939453,8.725018,7.034776,0.053517,1.185627,0.180056,0.198732,5.318743,0.358867,1.233198,10.431447,2499533,1249766,1249767,99.2625503540039,112283.71875,0.49833133816719055,0.22382302582263947,25165824,0,100436864,125602688,255953783,3977432886,/home/gglab/votruja6_diplomka/Diplodocus/experiments/runs/Venlo/cam2/ploc_sobb/repeat_04/stats.json
Venlo,cam2,0,ploc_emc1_sobb,gpu,1024,768,32,2,8,42,25,32,4,16,36.35919189453125,9.016385,6.54903,0.044607,1.222145,0.159072,0.174672,4.729652,0.236527,1.269802,9.638771,2499533,1249766,1249767,98.80538177490234,112283.71875,0.4966283440589905,0.22270792722702026,25165824,0,100436864,125602688,256545872,3946705690,/home/gglab/votruja6_diplomka/Diplodocus/experiments/runs/Venlo/cam2/ploc_emc1_sobb/repeat_00/stats.json
Venlo,cam2,1,ploc_emc1_sobb,gpu,1024,768,32,2,8,43,25,32,4,16,36.24681854248047,8.485829,6.720666,0.055227,1.137656,0.163587,0.168075,4.86527,0.23376,1.271442,9.52098,2499533,1249766,1249767,98.80538177490234,112283.71875,0.4782184660434723,0.22356803715229034,25165824,0,100436864,125602688,256543976,3946644390,/home/gglab/votruja6_diplomka/Diplodocus/experiments/runs/Venlo/cam2/ploc_emc1_sobb/repeat_01/stats.json
Venlo,cam2,2,ploc_emc1_sobb,gpu,1024,768,32,2,8,44,25,32,4,16,35.900657653808594,8.611662,6.274491,0.050985,1.159511,0.169002,0.189279,4.855344,0.267548,1.362798,9.768289,2499533,1249766,1249767,98.80538177490234,112283.71875,0.49751532077789307,0.22383475303649902,25165824,0,100436864,125602688,256552149,3946824871,/home/gglab/votruja6_diplomka/Diplodocus/experiments/runs/Venlo/cam2/ploc_emc1_sobb/repeat_02/stats.json
Venlo,cam2,3,ploc_emc1_sobb,gpu,1024,768,32,2,8,45,25,32,4,16,37.52280044555664,6.968023,6.840765,0.044317,1.176528,0.155021,0.179835,4.43374,0.224437,1.269648,7.612954,2499533,1249766,1249767,98.80538177490234,112283.71875,0.49024176597595215,0.22332315146923065,25165824,0,100436864,125602688,256552730,3946802224,/home/gglab/votruja6_diplomka/Diplodocus/experiments/runs/Venlo/cam2/ploc_emc1_sobb/repeat_03/stats.json
Venlo,cam2,4,ploc_emc1_sobb,gpu,1024,768,32,2,8,46,25,32,4,16,36.1406364440918,8.602481,6.491497,0.046776,1.164703,0.160888,0.191306,4.385304,0.225673,1.659575,9.223722,2499533,1249766,1249767,98.80538177490234,112283.71875,0.48494952917099,0.2233669012784958,25165824,0,100436864,125602688,256548640,3946693670,/home/gglab/votruja6_diplomka/Diplodocus/experiments/runs/Venlo/cam2/ploc_emc1_sobb/repeat_04/stats.json
Venlo,cam2,0,ploc_emc2_sobb,gpu,1024,768,32,2,8,42,25,32,4,16,37.660030364990234,8.7193,7.092691,0.062954,1.310084,0.164532,0.183577,5.359964,0.232413,1.233754,10.312552,2499533,1249766,1249767,100.56025695800781,112283.71875,0.49557551741600037,0.22601263225078583,25165824,0,100436864,125602688,255453144,4001785689,/home/gglab/votruja6_diplomka/Diplodocus/experiments/runs/Venlo/cam2/ploc_emc2_sobb/repeat_00/stats.json
Venlo,cam2,1,ploc_emc2_sobb,gpu,1024,768,32,2,8,43,25,32,4,16,36.5888786315918,8.982237,6.983354,0.14871,1.154376,0.158294,0.188946,4.562046,0.223406,1.470811,9.641501,2499533,1249766,1249767,100.56025695800781,112283.71875,0.4927111566066742,0.22560572624206543,25165824,0,100436864,125602688,255449565,4001720048,/home/gglab/votruja6_diplomka/Diplodocus/experiments/runs/Venlo/cam2/ploc_emc2_sobb/repeat_01/stats.json
Venlo,cam2,2,ploc_emc2_sobb,gpu,1024,768,32,2,8,44,25,32,4,16,36.9451904296875,8.712582,6.952725,0.105545,1.091997,0.190143,0.176188,4.903123,0.274883,1.159077,9.925081,2499533,1249766,1249767,100.56025695800781,112283.71875,0.49883905053138733,0.2256607860326767,25165824,0,100436864,125602688,255459247,4001885812,/home/gglab/votruja6_diplomka/Diplodocus/experiments/runs/Venlo/cam2/ploc_emc2_sobb/repeat_02/stats.json
Venlo,cam2,3,ploc_emc2_sobb,gpu,1024,768,32,2,8,45,25,32,4,16,39.25218200683594,8.919693,8.041784,0.073482,1.128266,0.203799,0.250263,4.915704,0.412324,1.281859,10.189071,2499533,1249766,1249767,100.56025695800781,112283.71875,0.49513134360313416,0.2260817140340805,25165824,0,100436864,125602688,255453474,4001874223,/home/gglab/votruja6_diplomka/Diplodocus/experiments/runs/Venlo/cam2/ploc_emc2_sobb/repeat_03/stats.json
Venlo,cam2,4,ploc_emc2_sobb,gpu,1024,768,32,2,8,46,25,32,4,16,35.75893783569336,8.568439,6.408975,0.088804,1.109846,0.160578,0.171069,4.733153,0.250446,1.13728,9.755373,2499533,1249766,1249767,100.56025695800781,112283.71875,0.5005660057067871,0.22603796422481537,25165824,0,100436864,125602688,255450842,4001758789,/home/gglab/votruja6_diplomka/Diplodocus/experiments/runs/Venlo/cam2/ploc_emc2_sobb/repeat_04/stats.json
